utt_id,session,emotion,valence,arousal,dominance,start,end,mfcc_path
Ses01M_impro01_F000,Session1,ang,1.5,3.5,4.5,6.77,8.46,mfcc_regression/Ses01M_impro01_F000.npy
Ses01M_impro01_F001,Session1,ang,2.5,3.5,3.5,8.55,10.6,mfcc_regression/Ses01M_impro01_F001.npy
Ses01M_impro01_F004,Session1,fru,2.5,3.5,3.5,23.43,26.4675,mfcc_regression/Ses01M_impro01_F004.npy
Ses01M_impro01_F007,Session1,ang,2.0,3.5,4.0,39.89,43.31,mfcc_regression/Ses01M_impro01_F007.npy
Ses01M_impro01_F008,Session1,ang,1.5,4.0,4.5,43.31,47.0461,mfcc_regression/Ses01M_impro01_F008.npy
Ses01M_impro01_F010,Session1,fru,3.0,3.0,4.0,56.16,58.18,mfcc_regression/Ses01M_impro01_F010.npy
Ses01M_impro01_F011,Session1,ang,2.0,4.0,4.5,61.05,63.21,mfcc_regression/Ses01M_impro01_F011.npy
Ses01M_impro01_F012,Session1,ang,2.5,2.5,4.0,65.545,67.47,mfcc_regression/Ses01M_impro01_F012.npy
Ses01M_impro01_F015,Session1,fru,1.5,4.0,4.5,74.6775,80.6875,mfcc_regression/Ses01M_impro01_F015.npy
Ses01M_impro01_F019,Session1,ang,1.0,4.5,4.5,98.46,102.07,mfcc_regression/Ses01M_impro01_F019.npy
Ses01M_impro01_F020,Session1,ang,1.0,4.0,5.0,105.76,109.09,mfcc_regression/Ses01M_impro01_F020.npy
Ses01M_impro01_F021,Session1,ang,1.0,4.5,5.0,109.19,114.1025,mfcc_regression/Ses01M_impro01_F021.npy
Ses01M_impro01_F022,Session1,ang,1.0,5.0,5.0,114.13,124.82,mfcc_regression/Ses01M_impro01_F022.npy
Ses01M_impro01_F024,Session1,neu,3.0,2.5,3.0,132.89,136.6025,mfcc_regression/Ses01M_impro01_F024.npy
Ses01M_impro01_F025,Session1,neu,3.0,3.0,4.0,137.06,140.49,mfcc_regression/Ses01M_impro01_F025.npy
Ses01M_impro01_M000,Session1,fru,3.0,3.5,2.5,8.2208,11.28,mfcc_regression/Ses01M_impro01_M000.npy
Ses01M_impro01_M001,Session1,fru,2.5,3.5,3.0,11.32,13.77,mfcc_regression/Ses01M_impro01_M001.npy
Ses01M_impro01_M002,Session1,fru,2.5,3.0,3.5,13.77,16.88,mfcc_regression/Ses01M_impro01_M002.npy
Ses01M_impro01_M003,Session1,neu,2.5,3.0,2.5,17.66,20.14,mfcc_regression/Ses01M_impro01_M003.npy
Ses01M_impro01_M005,Session1,fru,2.5,3.0,3.5,25.94,29.07,mfcc_regression/Ses01M_impro01_M005.npy
Ses01M_impro01_M006,Session1,fru,1.5,4.0,4.5,29.39,38.15,mfcc_regression/Ses01M_impro01_M006.npy
Ses01M_impro01_M007,Session1,fru,2.0,3.5,3.5,38.33,40.27,mfcc_regression/Ses01M_impro01_M007.npy
Ses01M_impro01_M008,Session1,fru,2.0,3.0,3.0,46.01,47.11,mfcc_regression/Ses01M_impro01_M008.npy
Ses01M_impro01_M009,Session1,fru,1.5,4.0,4.5,47.11,52.42,mfcc_regression/Ses01M_impro01_M009.npy
Ses01M_impro01_M010,Session1,neu,2.0,3.0,3.0,54.49,56.71,mfcc_regression/Ses01M_impro01_M010.npy
Ses01M_impro01_M011,Session1,fru,2.0,3.5,4.0,57.79,62.28,mfcc_regression/Ses01M_impro01_M011.npy
Ses01M_impro01_M012,Session1,fru,2.0,3.5,3.5,62.78,66.03,mfcc_regression/Ses01M_impro01_M012.npy
Ses01M_impro01_M013,Session1,fru,2.5,3.0,3.5,66.8475,70.04,mfcc_regression/Ses01M_impro01_M013.npy
Ses01M_impro01_M015,Session1,fru,2.0,3.5,4.0,73.1425,75.0125,mfcc_regression/Ses01M_impro01_M015.npy
Ses01M_impro01_M016,Session1,fru,2.5,4.0,3.0,80.19,82.3,mfcc_regression/Ses01M_impro01_M016.npy
Ses01M_impro01_M017,Session1,fru,2.5,3.5,4.0,83.63,86.36,mfcc_regression/Ses01M_impro01_M017.npy
Ses01M_impro01_M018,Session1,fru,1.5,4.5,4.5,86.38,92.05,mfcc_regression/Ses01M_impro01_M018.npy
Ses01M_impro01_M019,Session1,fru,2.0,3.5,3.5,93.88,96.79,mfcc_regression/Ses01M_impro01_M019.npy
Ses01M_impro01_M020,Session1,ang,1.5,4.5,4.0,96.91,100.53,mfcc_regression/Ses01M_impro01_M020.npy
Ses01M_impro01_M022,Session1,fru,2.5,2.5,3.0,109.14,110.51,mfcc_regression/Ses01M_impro01_M022.npy
Ses01M_impro01_M023,Session1,fru,2.0,2.5,3.0,110.69,113.22,mfcc_regression/Ses01M_impro01_M023.npy
Ses01M_impro01_M025,Session1,ang,1.5,4.0,4.5,118.835,122.18,mfcc_regression/Ses01M_impro01_M025.npy
Ses01M_impro01_M026,Session1,fru,3.0,3.0,4.0,123.99,130.72,mfcc_regression/Ses01M_impro01_M026.npy
Ses01M_impro01_M027,Session1,fru,2.5,4.0,4.0,130.72,134.185,mfcc_regression/Ses01M_impro01_M027.npy
Ses01M_impro01_M028,Session1,fru,2.5,3.0,3.0,136.11,138.51,mfcc_regression/Ses01M_impro01_M028.npy
Ses01M_impro01_M030,Session1,ang,1.5,3.0,4.0,148.0,149.12,mfcc_regression/Ses01M_impro01_M030.npy
Ses01M_impro01_M031,Session1,ang,1.5,3.5,4.5,149.18,151.85,mfcc_regression/Ses01M_impro01_M031.npy
Ses01M_impro01_M032,Session1,ang,1.5,4.5,4.5,151.85,157.36,mfcc_regression/Ses01M_impro01_M032.npy
Ses01M_impro01_M033,Session1,fru,1.0,3.5,4.5,158.63,163.6625,mfcc_regression/Ses01M_impro01_M033.npy
Ses01M_impro02_F000,Session1,neu,3.0,2.5,2.5,8.0737,11.47,mfcc_regression/Ses01M_impro02_F000.npy
Ses01M_impro02_F002,Session1,sur,2.0,4.0,4.0,29.35,32.46,mfcc_regression/Ses01M_impro02_F002.npy
Ses01M_impro02_F003,Session1,fru,2.0,3.0,3.5,35.4,38.6,mfcc_regression/Ses01M_impro02_F003.npy
Ses01M_impro02_F004,Session1,fru,2.5,3.5,3.0,40.1,42.3725,mfcc_regression/Ses01M_impro02_F004.npy
Ses01M_impro02_F005,Session1,fru,1.5,3.0,4.5,42.495,45.82,mfcc_regression/Ses01M_impro02_F005.npy
Ses01M_impro02_F006,Session1,fru,2.5,2.5,2.5,53.495,54.995,mfcc_regression/Ses01M_impro02_F006.npy
Ses01M_impro02_F007,Session1,fru,2.0,3.5,4.0,58.98,62.11,mfcc_regression/Ses01M_impro02_F007.npy
Ses01M_impro02_F008,Session1,fru,2.0,3.0,2.5,78.48,79.745,mfcc_regression/Ses01M_impro02_F008.npy
Ses01M_impro02_F009,Session1,sad,2.5,2.5,2.5,85.84,89.14,mfcc_regression/Ses01M_impro02_F009.npy
Ses01M_impro02_F010,Session1,sad,2.5,2.5,3.0,90.39,93.65,mfcc_regression/Ses01M_impro02_F010.npy
Ses01M_impro02_F013,Session1,sad,3.0,3.5,3.5,144.54,148.6,mfcc_regression/Ses01M_impro02_F013.npy
Ses01M_impro02_F015,Session1,sad,2.5,2.0,2.5,157.42,160.11,mfcc_regression/Ses01M_impro02_F015.npy
Ses01M_impro02_F017,Session1,sad,4.0,3.5,3.0,172.41,177.35,mfcc_regression/Ses01M_impro02_F017.npy
Ses01M_impro02_F019,Session1,sad,3.0,3.0,3.0,201.7575,204.05,mfcc_regression/Ses01M_impro02_F019.npy
Ses01M_impro02_M000,Session1,neu,3.0,2.5,2.5,4.5582,7.86,mfcc_regression/Ses01M_impro02_M000.npy
Ses01M_impro02_M001,Session1,sad,2.0,2.0,3.5,13.76,17.52,mfcc_regression/Ses01M_impro02_M001.npy
Ses01M_impro02_M002,Session1,sad,2.5,2.5,2.5,19.33,23.63,mfcc_regression/Ses01M_impro02_M002.npy
Ses01M_impro02_M003,Session1,sad,2.0,2.5,3.0,27.11,29.825,mfcc_regression/Ses01M_impro02_M003.npy
Ses01M_impro02_M006,Session1,fru,1.5,2.0,2.0,47.19,49.63,mfcc_regression/Ses01M_impro02_M006.npy
Ses01M_impro02_M007,Session1,sad,2.0,3.0,3.0,49.66,58.18,mfcc_regression/Ses01M_impro02_M007.npy
Ses01M_impro02_M009,Session1,sad,2.0,2.5,3.5,75.73,78.6525,mfcc_regression/Ses01M_impro02_M009.npy
Ses01M_impro02_M010,Session1,sad,2.0,2.0,2.5,79.18,81.86,mfcc_regression/Ses01M_impro02_M010.npy
Ses01M_impro02_M011,Session1,sad,2.5,2.5,3.5,82.09,86.28,mfcc_regression/Ses01M_impro02_M011.npy
Ses01M_impro02_M012,Session1,sad,3.0,1.5,1.5,88.825,90.655,mfcc_regression/Ses01M_impro02_M012.npy
Ses01M_impro02_M013,Session1,sad,1.5,3.0,3.5,95.45,99.875,mfcc_regression/Ses01M_impro02_M013.npy
Ses01M_impro02_M014,Session1,sad,2.0,2.0,3.5,106.1,114.44,mfcc_regression/Ses01M_impro02_M014.npy
Ses01M_impro02_M015,Session1,sad,2.0,2.0,2.5,115.0275,117.31,mfcc_regression/Ses01M_impro02_M015.npy
Ses01M_impro02_M016,Session1,sad,2.5,3.0,3.5,122.03,126.42,mfcc_regression/Ses01M_impro02_M016.npy
Ses01M_impro02_M017,Session1,sad,3.0,2.0,3.0,131.06,137.74,mfcc_regression/Ses01M_impro02_M017.npy
Ses01M_impro02_M018,Session1,sad,3.0,2.0,3.5,137.75,140.94,mfcc_regression/Ses01M_impro02_M018.npy
Ses01M_impro02_M019,Session1,sad,3.0,2.0,3.0,149.06,152.58,mfcc_regression/Ses01M_impro02_M019.npy
Ses01M_impro02_M020,Session1,sad,3.5,1.5,3.0,154.43,156.51,mfcc_regression/Ses01M_impro02_M020.npy
Ses01M_impro02_M021,Session1,sad,2.5,2.5,2.5,163.8,167.56,mfcc_regression/Ses01M_impro02_M021.npy
Ses01M_impro02_M022,Session1,sad,3.5,3.0,2.5,170.94,173.01,mfcc_regression/Ses01M_impro02_M022.npy
Ses01M_impro02_M023,Session1,sad,1.5,2.5,3.5,183.77,189.08,mfcc_regression/Ses01M_impro02_M023.npy
Ses01M_impro02_M025,Session1,sad,3.0,2.5,3.5,214.59,217.04,mfcc_regression/Ses01M_impro02_M025.npy
Ses01M_impro03_F001,Session1,sur,4.0,3.5,3.0,10.79,12.08,mfcc_regression/Ses01M_impro03_F001.npy
Ses01M_impro03_F002,Session1,exc,2.5,3.0,3.0,12.37,13.7468,mfcc_regression/Ses01M_impro03_F002.npy
Ses01M_impro03_F003,Session1,exc,3.5,3.0,3.0,16.19,17.7425,mfcc_regression/Ses01M_impro03_F003.npy
Ses01M_impro03_F004,Session1,exc,4.0,3.5,3.5,19.6,22.1975,mfcc_regression/Ses01M_impro03_F004.npy
Ses01M_impro03_F005,Session1,exc,4.5,4.5,4.0,26.0,33.21,mfcc_regression/Ses01M_impro03_F005.npy
Ses01M_impro03_F006,Session1,exc,4.0,4.5,4.5,35.5,39.235,mfcc_regression/Ses01M_impro03_F006.npy
Ses01M_impro03_F007,Session1,exc,5.0,4.0,4.5,39.45,43.78,mfcc_regression/Ses01M_impro03_F007.npy
Ses01M_impro03_F008,Session1,exc,4.0,3.5,4.0,47.32,54.52,mfcc_regression/Ses01M_impro03_F008.npy
Ses01M_impro03_F009,Session1,exc,4.0,3.5,3.0,55.9325,59.71,mfcc_regression/Ses01M_impro03_F009.npy
Ses01M_impro03_F010,Session1,exc,3.5,4.5,4.0,61.1325,72.19,mfcc_regression/Ses01M_impro03_F010.npy
Ses01M_impro03_F011,Session1,exc,4.5,3.5,4.0,72.4875,80.9,mfcc_regression/Ses01M_impro03_F011.npy
Ses01M_impro03_F012,Session1,exc,4.0,3.5,4.0,80.93,88.45,mfcc_regression/Ses01M_impro03_F012.npy
Ses01M_impro03_F013,Session1,exc,4.5,3.5,4.0,90.11,91.84,mfcc_regression/Ses01M_impro03_F013.npy
Ses01M_impro03_F014,Session1,exc,4.5,4.0,4.0,92.87,96.13,mfcc_regression/Ses01M_impro03_F014.npy
Ses01M_impro03_F015,Session1,exc,4.5,4.5,4.5,97.35,103.9875,mfcc_regression/Ses01M_impro03_F015.npy
Ses01M_impro03_F016,Session1,exc,4.5,4.0,4.0,104.6375,109.06,mfcc_regression/Ses01M_impro03_F016.npy
Ses01M_impro03_F017,Session1,neu,3.0,2.0,2.5,113.79,116.7,mfcc_regression/Ses01M_impro03_F017.npy
Ses01M_impro03_F018,Session1,neu,3.5,2.5,3.0,117.21,118.47,mfcc_regression/Ses01M_impro03_F018.npy
Ses01M_impro03_F019,Session1,exc,4.0,4.0,3.5,120.03,123.64,mfcc_regression/Ses01M_impro03_F019.npy
Ses01M_impro03_F020,Session1,exc,4.0,3.0,2.5,123.96,125.74,mfcc_regression/Ses01M_impro03_F020.npy
Ses01M_impro03_F021,Session1,neu,3.5,3.0,3.5,128.06,131.59,mfcc_regression/Ses01M_impro03_F021.npy
Ses01M_impro03_F022,Session1,exc,4.5,4.0,3.5,132.16,136.15,mfcc_regression/Ses01M_impro03_F022.npy
Ses01M_impro03_F023,Session1,exc,4.0,4.5,4.0,136.29,144.07,mfcc_regression/Ses01M_impro03_F023.npy
Ses01M_impro03_F024,Session1,exc,4.0,3.0,3.0,144.61,146.41,mfcc_regression/Ses01M_impro03_F024.npy
Ses01M_impro03_F025,Session1,exc,4.0,3.5,3.0,147.17,150.845,mfcc_regression/Ses01M_impro03_F025.npy
Ses01M_impro03_F026,Session1,exc,4.0,3.5,3.5,151.26,153.9075,mfcc_regression/Ses01M_impro03_F026.npy
Ses01M_impro03_M000,Session1,exc,4.0,3.0,2.5,2.92,5.56,mfcc_regression/Ses01M_impro03_M000.npy
Ses01M_impro03_M001,Session1,exc,3.5,3.5,3.0,6.31,11.57,mfcc_regression/Ses01M_impro03_M001.npy
Ses01M_impro03_M003,Session1,neu,3.5,2.5,2.5,13.26,16.87,mfcc_regression/Ses01M_impro03_M003.npy
Ses01M_impro03_M004,Session1,exc,3.5,4.0,4.0,17.28,26.54,mfcc_regression/Ses01M_impro03_M004.npy
Ses01M_impro03_M005,Session1,exc,4.5,4.5,4.0,26.6,30.79,mfcc_regression/Ses01M_impro03_M005.npy
Ses01M_impro03_M006,Session1,neu,4.0,4.0,3.0,32.05,39.5125,mfcc_regression/Ses01M_impro03_M006.npy
Ses01M_impro03_M007,Session1,exc,5.0,4.5,4.5,39.5775,47.66,mfcc_regression/Ses01M_impro03_M007.npy
Ses01M_impro03_M008,Session1,exc,4.0,4.0,3.5,48.08,63.1475,mfcc_regression/Ses01M_impro03_M008.npy
Ses01M_impro03_M010,Session1,exc,4.0,4.0,3.5,70.95,73.63,mfcc_regression/Ses01M_impro03_M010.npy
Ses01M_impro03_M011,Session1,exc,4.5,4.0,3.5,73.67,75.96,mfcc_regression/Ses01M_impro03_M011.npy
Ses01M_impro03_M012,Session1,exc,4.0,3.0,3.0,80.76,82.48,mfcc_regression/Ses01M_impro03_M012.npy
Ses01M_impro03_M013,Session1,exc,4.0,2.5,3.0,84.5075,86.66,mfcc_regression/Ses01M_impro03_M013.npy
Ses01M_impro03_M014,Session1,neu,3.0,3.0,3.0,87.42,90.96,mfcc_regression/Ses01M_impro03_M014.npy
Ses01M_impro03_M015,Session1,exc,3.5,2.5,3.0,91.37,93.47,mfcc_regression/Ses01M_impro03_M015.npy
Ses01M_impro03_M016,Session1,exc,4.5,4.0,3.5,94.77,98.7,mfcc_regression/Ses01M_impro03_M016.npy
Ses01M_impro03_M017,Session1,exc,4.0,4.0,3.0,103.1,114.43,mfcc_regression/Ses01M_impro03_M017.npy
Ses01M_impro03_M018,Session1,neu,3.0,2.0,2.5,115.84,117.89,mfcc_regression/Ses01M_impro03_M018.npy
Ses01M_impro03_M019,Session1,exc,3.5,3.0,2.5,117.98,121.76,mfcc_regression/Ses01M_impro03_M019.npy
Ses01M_impro03_M020,Session1,exc,3.5,3.0,3.5,121.83,125.14,mfcc_regression/Ses01M_impro03_M020.npy
Ses01M_impro03_M021,Session1,neu,3.5,3.0,3.5,125.32,134.0075,mfcc_regression/Ses01M_impro03_M021.npy
Ses01M_impro03_M022,Session1,exc,3.5,4.5,4.0,135.66,145.44,mfcc_regression/Ses01M_impro03_M022.npy
Ses01M_impro03_M023,Session1,exc,4.5,3.5,3.5,145.97,150.51,mfcc_regression/Ses01M_impro03_M023.npy
Ses01M_impro03_M024,Session1,exc,4.0,3.0,3.0,150.58,152.04,mfcc_regression/Ses01M_impro03_M024.npy
Ses01M_impro07_F000,Session1,neu,4.0,2.0,2.5,7.63,8.57,mfcc_regression/Ses01M_impro07_F000.npy
Ses01M_impro07_F001,Session1,exc,4.5,4.0,3.0,13.95,21.12,mfcc_regression/Ses01M_impro07_F001.npy
Ses01M_impro07_F003,Session1,exc,3.5,3.0,3.0,27.06,29.81,mfcc_regression/Ses01M_impro07_F003.npy
Ses01M_impro07_F004,Session1,exc,4.0,3.5,3.0,30.31,33.08,mfcc_regression/Ses01M_impro07_F004.npy
Ses01M_impro07_F005,Session1,exc,4.5,4.0,3.0,33.72,37.27,mfcc_regression/Ses01M_impro07_F005.npy
Ses01M_impro07_F006,Session1,exc,3.5,3.5,3.0,37.88,42.5825,mfcc_regression/Ses01M_impro07_F006.npy
Ses01M_impro07_F007,Session1,exc,3.5,2.5,3.0,45.145,49.2825,mfcc_regression/Ses01M_impro07_F007.npy
Ses01M_impro07_F008,Session1,exc,4.0,2.5,3.0,49.64,52.1,mfcc_regression/Ses01M_impro07_F008.npy
Ses01M_impro07_F009,Session1,exc,4.0,2.5,3.5,52.46,57.4562,mfcc_regression/Ses01M_impro07_F009.npy
Ses01M_impro07_F010,Session1,neu,3.0,2.0,2.0,58.78,60.21,mfcc_regression/Ses01M_impro07_F010.npy
Ses01M_impro07_F011,Session1,exc,3.0,2.5,2.5,60.81,66.77,mfcc_regression/Ses01M_impro07_F011.npy
Ses01M_impro07_F012,Session1,neu,4.0,3.0,2.5,68.64,72.35,mfcc_regression/Ses01M_impro07_F012.npy
Ses01M_impro07_F013,Session1,exc,3.5,2.5,2.5,72.84,76.23,mfcc_regression/Ses01M_impro07_F013.npy
Ses01M_impro07_F014,Session1,exc,4.0,3.0,3.0,76.59,87.8575,mfcc_regression/Ses01M_impro07_F014.npy
Ses01M_impro07_F015,Session1,exc,4.0,2.5,2.5,88.4125,92.41,mfcc_regression/Ses01M_impro07_F015.npy
Ses01M_impro07_F016,Session1,exc,4.0,3.0,2.5,95.26,101.5,mfcc_regression/Ses01M_impro07_F016.npy
Ses01M_impro07_F018,Session1,exc,3.5,3.0,2.5,111.59,116.34,mfcc_regression/Ses01M_impro07_F018.npy
Ses01M_impro07_F020,Session1,neu,3.0,2.5,2.5,121.15,125.25,mfcc_regression/Ses01M_impro07_F020.npy
Ses01M_impro07_F021,Session1,exc,3.5,3.0,2.5,125.31,132.5725,mfcc_regression/Ses01M_impro07_F021.npy
Ses01M_impro07_F022,Session1,exc,4.0,3.5,3.5,132.86,138.12,mfcc_regression/Ses01M_impro07_F022.npy
Ses01M_impro07_F023,Session1,exc,4.0,3.0,2.5,139.07,141.8,mfcc_regression/Ses01M_impro07_F023.npy
Ses01M_impro07_F024,Session1,exc,3.5,3.0,2.5,141.99,144.485,mfcc_regression/Ses01M_impro07_F024.npy
Ses01M_impro07_F025,Session1,exc,4.0,3.5,2.5,144.66,148.265,mfcc_regression/Ses01M_impro07_F025.npy
Ses01M_impro07_F026,Session1,exc,4.0,4.0,3.5,149.71,154.92,mfcc_regression/Ses01M_impro07_F026.npy
Ses01M_impro07_F027,Session1,exc,4.5,4.0,3.0,156.18,167.8,mfcc_regression/Ses01M_impro07_F027.npy
Ses01M_impro07_F033,Session1,hap,3.0,3.0,3.0,192.7,195.05,mfcc_regression/Ses01M_impro07_F033.npy
Ses01M_impro07_F034,Session1,hap,4.0,3.5,3.5,195.17,205.4775,mfcc_regression/Ses01M_impro07_F034.npy
Ses01M_impro07_M000,Session1,exc,4.0,4.0,3.0,2.6812,7.98,mfcc_regression/Ses01M_impro07_M000.npy
Ses01M_impro07_M001,Session1,exc,4.0,3.0,3.0,8.22,14.75,mfcc_regression/Ses01M_impro07_M001.npy
Ses01M_impro07_M002,Session1,exc,5.0,3.5,4.0,15.54,20.67,mfcc_regression/Ses01M_impro07_M002.npy
Ses01M_impro07_M003,Session1,exc,4.0,4.0,3.0,20.92,34.38,mfcc_regression/Ses01M_impro07_M003.npy
Ses01M_impro07_M004,Session1,exc,4.5,3.5,2.5,34.76,38.66,mfcc_regression/Ses01M_impro07_M004.npy
Ses01M_impro07_M005,Session1,exc,4.0,4.0,3.0,38.78,48.28,mfcc_regression/Ses01M_impro07_M005.npy
Ses01M_impro07_M006,Session1,hap,4.0,3.0,2.0,48.73,52.86,mfcc_regression/Ses01M_impro07_M006.npy
Ses01M_impro07_M007,Session1,exc,4.0,4.0,2.5,54.63,56.31,mfcc_regression/Ses01M_impro07_M007.npy
Ses01M_impro07_M008,Session1,exc,4.0,3.0,2.5,56.53,61.35,mfcc_regression/Ses01M_impro07_M008.npy
Ses01M_impro07_M009,Session1,exc,3.0,2.5,2.5,61.59,63.56,mfcc_regression/Ses01M_impro07_M009.npy
Ses01M_impro07_M010,Session1,exc,3.5,3.0,3.0,66.3983,78.9,mfcc_regression/Ses01M_impro07_M010.npy
Ses01M_impro07_M011,Session1,hap,4.0,3.0,2.5,80.6825,83.82,mfcc_regression/Ses01M_impro07_M011.npy
Ses01M_impro07_M013,Session1,hap,3.5,2.5,2.5,90.92,102.61,mfcc_regression/Ses01M_impro07_M013.npy
Ses01M_impro07_M017,Session1,hap,4.0,3.5,2.5,131.95,134.62,mfcc_regression/Ses01M_impro07_M017.npy
Ses01M_impro07_M018,Session1,exc,3.5,3.5,3.0,135.305,141.01,mfcc_regression/Ses01M_impro07_M018.npy
Ses01M_impro07_M019,Session1,hap,3.5,2.5,2.5,141.34,142.68,mfcc_regression/Ses01M_impro07_M019.npy
Ses01M_impro07_M020,Session1,neu,3.5,2.5,2.5,143.98,147.84,mfcc_regression/Ses01M_impro07_M020.npy
Ses01M_impro07_M021,Session1,sur,2.5,3.0,2.5,147.91,150.1225,mfcc_regression/Ses01M_impro07_M021.npy
Ses01M_impro07_M022,Session1,sur,3.0,4.0,3.5,150.7925,153.8,mfcc_regression/Ses01M_impro07_M022.npy
Ses01M_impro07_M024,Session1,exc,4.0,3.0,3.0,165.1825,169.6425,mfcc_regression/Ses01M_impro07_M024.npy
Ses01M_impro07_M026,Session1,neu,2.5,3.0,2.5,172.46,175.3625,mfcc_regression/Ses01M_impro07_M026.npy
Ses01M_impro07_M030,Session1,neu,3.0,2.5,1.5,192.22,194.25,mfcc_regression/Ses01M_impro07_M030.npy
Ses01M_impro07_M032,Session1,hap,4.0,3.0,2.5,196.38,199.86,mfcc_regression/Ses01M_impro07_M032.npy
Ses01M_impro07_M033,Session1,hap,3.5,2.5,1.5,204.81,206.6,mfcc_regression/Ses01M_impro07_M033.npy
Ses01M_impro06_F000,Session1,neu,3.0,2.5,2.0,10.0955,12.68,mfcc_regression/Ses01M_impro06_F000.npy
Ses01M_impro06_F001,Session1,neu,3.0,2.0,2.5,23.26,26.3875,mfcc_regression/Ses01M_impro06_F001.npy
Ses01M_impro06_F002,Session1,neu,3.0,2.0,2.5,39.43,41.75,mfcc_regression/Ses01M_impro06_F002.npy
Ses01M_impro06_F003,Session1,sad,2.5,2.0,2.5,61.86,64.65,mfcc_regression/Ses01M_impro06_F003.npy
Ses01M_impro06_F004,Session1,sad,2.5,2.0,2.0,67.277,70.12,mfcc_regression/Ses01M_impro06_F004.npy
Ses01M_impro06_F005,Session1,sad,2.5,2.0,3.5,70.205,72.2704,mfcc_regression/Ses01M_impro06_F005.npy
Ses01M_impro06_F006,Session1,sad,3.0,2.0,2.5,76.5016,79.03,mfcc_regression/Ses01M_impro06_F006.npy
Ses01M_impro06_F007,Session1,neu,3.0,2.0,3.0,87.2562,89.47,mfcc_regression/Ses01M_impro06_F007.npy
Ses01M_impro06_F008,Session1,neu,2.5,2.0,2.5,94.62,96.52,mfcc_regression/Ses01M_impro06_F008.npy
Ses01M_impro06_F009,Session1,neu,2.5,3.0,3.0,97.45,101.42,mfcc_regression/Ses01M_impro06_F009.npy
Ses01M_impro06_F010,Session1,neu,2.5,3.0,3.0,101.5,105.8675,mfcc_regression/Ses01M_impro06_F010.npy
Ses01M_impro06_F011,Session1,neu,2.5,2.0,2.5,107.02,108.56,mfcc_regression/Ses01M_impro06_F011.npy
Ses01M_impro06_F012,Session1,neu,2.5,2.5,2.5,112.615,113.9775,mfcc_regression/Ses01M_impro06_F012.npy
Ses01M_impro06_F013,Session1,neu,2.5,3.0,3.0,117.85,120.8,mfcc_regression/Ses01M_impro06_F013.npy
Ses01M_impro06_F014,Session1,neu,3.0,2.5,2.5,131.1825,132.555,mfcc_regression/Ses01M_impro06_F014.npy
Ses01M_impro06_F015,Session1,neu,3.0,2.5,2.5,143.9425,145.16,mfcc_regression/Ses01M_impro06_F015.npy
Ses01M_impro06_F016,Session1,neu,3.0,2.0,2.5,145.94,147.78,mfcc_regression/Ses01M_impro06_F016.npy
Ses01M_impro06_F017,Session1,neu,2.5,3.0,3.0,148.265,150.71,mfcc_regression/Ses01M_impro06_F017.npy
Ses01M_impro06_F018,Session1,neu,2.5,3.0,3.0,157.23,159.57,mfcc_regression/Ses01M_impro06_F018.npy
Ses01M_impro06_F019,Session1,neu,3.0,2.5,3.0,159.75,163.9425,mfcc_regression/Ses01M_impro06_F019.npy
Ses01M_impro06_F020,Session1,neu,2.5,2.5,3.5,178.3706,181.43,mfcc_regression/Ses01M_impro06_F020.npy
Ses01M_impro06_F021,Session1,neu,2.5,2.0,2.5,184.26,186.2647,mfcc_regression/Ses01M_impro06_F021.npy
Ses01M_impro06_F022,Session1,neu,2.5,2.0,2.5,188.97,190.92,mfcc_regression/Ses01M_impro06_F022.npy
Ses01M_impro06_F023,Session1,neu,3.0,2.0,2.5,197.06,199.05,mfcc_regression/Ses01M_impro06_F023.npy
Ses01M_impro06_F024,Session1,neu,3.0,2.0,3.0,200.3676,203.16,mfcc_regression/Ses01M_impro06_F024.npy
Ses01M_impro06_F025,Session1,neu,2.5,2.0,2.5,208.8826,210.7397,mfcc_regression/Ses01M_impro06_F025.npy
Ses01M_impro06_F026,Session1,neu,3.0,3.0,3.0,214.6701,217.6415,mfcc_regression/Ses01M_impro06_F026.npy
Ses01M_impro06_F027,Session1,neu,3.0,2.0,2.5,233.02,235.13,mfcc_regression/Ses01M_impro06_F027.npy
Ses01M_impro06_F028,Session1,neu,3.0,2.0,2.5,239.1062,242.6985,mfcc_regression/Ses01M_impro06_F028.npy
Ses01M_impro06_M000,Session1,sad,3.0,2.5,2.0,12.4633,16.51,mfcc_regression/Ses01M_impro06_M000.npy
Ses01M_impro06_M001,Session1,sad,3.0,2.0,3.0,19.1808,22.89,mfcc_regression/Ses01M_impro06_M001.npy
Ses01M_impro06_M002,Session1,sad,2.5,2.0,2.0,25.7888,30.0906,mfcc_regression/Ses01M_impro06_M002.npy
Ses01M_impro06_M003,Session1,sad,2.5,2.5,2.5,31.76,35.36,mfcc_regression/Ses01M_impro06_M003.npy
Ses01M_impro06_M004,Session1,sad,2.0,3.0,3.5,36.11,40.0,mfcc_regression/Ses01M_impro06_M004.npy
Ses01M_impro06_M005,Session1,sad,2.0,2.5,3.0,41.22,44.6825,mfcc_regression/Ses01M_impro06_M005.npy
Ses01M_impro06_M006,Session1,sad,1.5,2.5,3.5,46.41,61.99,mfcc_regression/Ses01M_impro06_M006.npy
Ses01M_impro06_M007,Session1,sad,2.0,2.0,2.5,63.63,67.63,mfcc_regression/Ses01M_impro06_M007.npy
Ses01M_impro06_M008,Session1,sad,2.0,2.0,3.0,71.79,76.0581,mfcc_regression/Ses01M_impro06_M008.npy
Ses01M_impro06_M009,Session1,sad,1.5,2.5,2.5,79.2956,82.6661,mfcc_regression/Ses01M_impro06_M009.npy
Ses01M_impro06_M010,Session1,sad,1.5,3.0,3.0,83.7526,87.234,mfcc_regression/Ses01M_impro06_M010.npy
Ses01M_impro06_M011,Session1,sad,2.0,2.5,3.0,89.295,95.89,mfcc_regression/Ses01M_impro06_M011.npy
Ses01M_impro06_M012,Session1,sad,3.0,2.0,2.5,96.5029,97.96,mfcc_regression/Ses01M_impro06_M012.npy
Ses01M_impro06_M013,Session1,sad,2.5,3.0,3.0,100.6075,105.74,mfcc_regression/Ses01M_impro06_M013.npy
Ses01M_impro06_M014,Session1,sad,2.5,3.0,3.5,105.84,109.16,mfcc_regression/Ses01M_impro06_M014.npy
Ses01M_impro06_M015,Session1,sad,2.5,3.0,3.0,109.59,114.61,mfcc_regression/Ses01M_impro06_M015.npy
Ses01M_impro06_M016,Session1,sad,2.5,2.5,3.0,115.9875,118.25,mfcc_regression/Ses01M_impro06_M016.npy
Ses01M_impro06_M017,Session1,sad,1.5,3.0,4.5,123.15,146.89,mfcc_regression/Ses01M_impro06_M017.npy
Ses01M_impro06_M018,Session1,sad,2.5,2.0,3.0,150.05,153.93,mfcc_regression/Ses01M_impro06_M018.npy
Ses01M_impro06_M019,Session1,sad,2.0,2.5,3.0,154.55,157.4,mfcc_regression/Ses01M_impro06_M019.npy
Ses01M_impro06_M020,Session1,sad,3.0,2.5,2.0,159.35,160.74,mfcc_regression/Ses01M_impro06_M020.npy
Ses01M_impro06_M021,Session1,sad,2.0,2.0,3.5,163.73,165.86,mfcc_regression/Ses01M_impro06_M021.npy
Ses01M_impro06_M022,Session1,sad,2.5,2.0,3.0,181.8077,184.86,mfcc_regression/Ses01M_impro06_M022.npy
Ses01M_impro06_M023,Session1,sad,2.5,2.0,3.5,186.5973,189.55,mfcc_regression/Ses01M_impro06_M023.npy
Ses01M_impro06_M024,Session1,sad,1.5,3.0,3.5,193.13,197.51,mfcc_regression/Ses01M_impro06_M024.npy
Ses01M_impro06_M025,Session1,sad,3.0,2.0,2.5,202.51,203.85,mfcc_regression/Ses01M_impro06_M025.npy
Ses01M_impro06_M026,Session1,sad,2.5,3.0,3.5,205.65,208.5721,mfcc_regression/Ses01M_impro06_M026.npy
Ses01M_impro06_M027,Session1,sad,2.5,2.0,2.5,210.21,212.22,mfcc_regression/Ses01M_impro06_M027.npy
Ses01M_impro06_M028,Session1,sad,3.5,2.5,4.0,217.5175,221.8768,mfcc_regression/Ses01M_impro06_M028.npy
Ses01M_impro06_M029,Session1,sad,2.0,2.5,3.0,225.32,227.51,mfcc_regression/Ses01M_impro06_M029.npy
Ses01M_impro06_M030,Session1,sad,1.5,3.0,4.5,227.54,234.26,mfcc_regression/Ses01M_impro06_M030.npy
Ses01M_impro04_F000,Session1,neu,2.5,2.5,3.5,9.0256,11.695,mfcc_regression/Ses01M_impro04_F000.npy
Ses01M_impro04_F002,Session1,neu,2.5,2.5,3.0,21.3952,23.2492,mfcc_regression/Ses01M_impro04_F002.npy
Ses01M_impro04_F003,Session1,neu,2.5,2.0,3.0,31.256,34.4725,mfcc_regression/Ses01M_impro04_F003.npy
Ses01M_impro04_F004,Session1,neu,2.5,2.5,2.5,47.75,50.5,mfcc_regression/Ses01M_impro04_F004.npy
Ses01M_impro04_F005,Session1,neu,3.0,2.0,2.5,63.33,66.63,mfcc_regression/Ses01M_impro04_F005.npy
Ses01M_impro04_F006,Session1,neu,2.5,2.0,3.0,67.45,74.04,mfcc_regression/Ses01M_impro04_F006.npy
Ses01M_impro04_F007,Session1,neu,3.0,3.0,2.5,74.21,77.53,mfcc_regression/Ses01M_impro04_F007.npy
Ses01M_impro04_F008,Session1,neu,3.0,3.5,3.0,84.99,87.2706,mfcc_regression/Ses01M_impro04_F008.npy
Ses01M_impro04_F009,Session1,neu,2.5,2.5,3.5,87.29,91.63,mfcc_regression/Ses01M_impro04_F009.npy
Ses01M_impro04_F010,Session1,neu,2.5,3.0,3.5,95.19,103.235,mfcc_regression/Ses01M_impro04_F010.npy
Ses01M_impro04_F011,Session1,neu,2.5,3.5,3.5,104.73,116.885,mfcc_regression/Ses01M_impro04_F011.npy
Ses01M_impro04_F012,Session1,neu,2.5,3.0,3.5,118.0,119.79,mfcc_regression/Ses01M_impro04_F012.npy
Ses01M_impro04_F013,Session1,neu,2.5,3.0,2.5,120.22,125.24,mfcc_regression/Ses01M_impro04_F013.npy
Ses01M_impro04_F014,Session1,neu,3.0,2.5,3.5,128.79,131.74,mfcc_regression/Ses01M_impro04_F014.npy
Ses01M_impro04_F015,Session1,neu,3.0,2.5,2.5,135.94,138.22,mfcc_regression/Ses01M_impro04_F015.npy
Ses01M_impro04_F016,Session1,neu,2.5,2.5,2.5,138.5,139.99,mfcc_regression/Ses01M_impro04_F016.npy
Ses01M_impro04_F017,Session1,neu,3.0,3.0,2.5,141.06,145.04,mfcc_regression/Ses01M_impro04_F017.npy
Ses01M_impro04_F018,Session1,neu,2.5,3.5,3.5,145.21,153.05,mfcc_regression/Ses01M_impro04_F018.npy
Ses01M_impro04_F019,Session1,neu,2.5,3.0,4.0,153.75,157.795,mfcc_regression/Ses01M_impro04_F019.npy
Ses01M_impro04_F020,Session1,neu,2.5,3.0,3.5,157.97,160.35,mfcc_regression/Ses01M_impro04_F020.npy
Ses01M_impro04_F021,Session1,neu,3.5,2.5,3.0,162.17,164.99,mfcc_regression/Ses01M_impro04_F021.npy
Ses01M_impro04_F022,Session1,neu,3.0,3.0,3.5,166.29,172.94,mfcc_regression/Ses01M_impro04_F022.npy
Ses01M_impro04_F023,Session1,neu,4.0,3.5,3.0,178.1672,181.0057,mfcc_regression/Ses01M_impro04_F023.npy
Ses01M_impro04_F024,Session1,fru,4.0,3.0,2.5,182.2975,183.86,mfcc_regression/Ses01M_impro04_F024.npy
Ses01M_impro04_F025,Session1,neu,3.0,3.5,3.0,186.3825,189.6225,mfcc_regression/Ses01M_impro04_F025.npy
Ses01M_impro04_M001,Session1,fru,2.5,4.0,3.5,15.05,19.23,mfcc_regression/Ses01M_impro04_M001.npy
Ses01M_impro04_M002,Session1,fru,2.5,3.0,3.5,19.36,21.4936,mfcc_regression/Ses01M_impro04_M002.npy
Ses01M_impro04_M003,Session1,fru,1.5,3.5,4.5,23.0031,31.9779,mfcc_regression/Ses01M_impro04_M003.npy
Ses01M_impro04_M004,Session1,fru,2.5,4.0,4.0,34.1437,46.84,mfcc_regression/Ses01M_impro04_M004.npy
Ses01M_impro04_M005,Session1,fru,2.0,4.0,4.5,49.91,63.66,mfcc_regression/Ses01M_impro04_M005.npy
Ses01M_impro04_M008,Session1,fru,1.5,4.5,4.0,76.39,80.53,mfcc_regression/Ses01M_impro04_M008.npy
Ses01M_impro04_M009,Session1,fru,2.0,4.5,4.5,80.55,86.09,mfcc_regression/Ses01M_impro04_M009.npy
Ses01M_impro04_M010,Session1,fru,1.5,3.5,4.5,91.06,95.765,mfcc_regression/Ses01M_impro04_M010.npy
Ses01M_impro04_M011,Session1,fru,2.5,4.0,4.0,99.19,106.69,mfcc_regression/Ses01M_impro04_M011.npy
Ses01M_impro04_M012,Session1,fru,2.5,3.0,3.0,110.43,112.21,mfcc_regression/Ses01M_impro04_M012.npy
Ses01M_impro04_M013,Session1,fru,1.5,3.0,4.0,116.39,118.58,mfcc_regression/Ses01M_impro04_M013.npy
Ses01M_impro04_M014,Session1,ang,2.5,2.5,2.5,119.31,120.59,mfcc_regression/Ses01M_impro04_M014.npy
Ses01M_impro04_M015,Session1,fru,2.0,4.5,4.5,124.0,129.71,mfcc_regression/Ses01M_impro04_M015.npy
Ses01M_impro04_M016,Session1,fru,2.0,4.0,4.0,131.2094,136.86,mfcc_regression/Ses01M_impro04_M016.npy
Ses01M_impro04_M017,Session1,fru,2.0,3.5,4.0,137.35,139.06,mfcc_regression/Ses01M_impro04_M017.npy
Ses01M_impro04_M018,Session1,ang,1.5,5.0,4.5,139.46,147.2,mfcc_regression/Ses01M_impro04_M018.npy
Ses01M_impro04_M020,Session1,fru,2.0,3.5,3.5,159.77,161.86,mfcc_regression/Ses01M_impro04_M020.npy
Ses01M_impro04_M022,Session1,fru,2.5,3.0,3.0,164.74,166.5275,mfcc_regression/Ses01M_impro04_M022.npy
Ses01M_impro04_M023,Session1,ang,2.0,4.5,5.0,172.34,178.643,mfcc_regression/Ses01M_impro04_M023.npy
Ses01M_impro04_M024,Session1,fru,2.0,4.0,3.5,182.88,186.445,mfcc_regression/Ses01M_impro04_M024.npy
Ses01M_impro04_M025,Session1,neu,4.5,4.5,1.0,189.3,190.8275,mfcc_regression/Ses01M_impro04_M025.npy
Ses01M_impro05_F000,Session1,neu,3.0,3.0,3.0,2.2687,4.32,mfcc_regression/Ses01M_impro05_F000.npy
Ses01M_impro05_F001,Session1,neu,3.0,2.5,3.5,7.23,9.88,mfcc_regression/Ses01M_impro05_F001.npy
Ses01M_impro05_F002,Session1,neu,3.0,2.5,3.5,10.1725,13.7,mfcc_regression/Ses01M_impro05_F002.npy
Ses01M_impro05_F003,Session1,neu,3.0,3.5,2.5,15.125,16.415,mfcc_regression/Ses01M_impro05_F003.npy
Ses01M_impro05_F004,Session1,neu,3.0,3.0,3.5,17.97,22.03,mfcc_regression/Ses01M_impro05_F004.npy
Ses01M_impro05_F005,Session1,neu,2.5,2.5,3.0,22.2,25.06,mfcc_regression/Ses01M_impro05_F005.npy
Ses01M_impro05_F006,Session1,neu,2.5,2.5,3.0,25.1125,27.86,mfcc_regression/Ses01M_impro05_F006.npy
Ses01M_impro05_F007,Session1,neu,2.5,2.0,3.0,30.5125,33.31,mfcc_regression/Ses01M_impro05_F007.npy
Ses01M_impro05_F008,Session1,fru,2.0,2.5,3.5,34.42,36.41,mfcc_regression/Ses01M_impro05_F008.npy
Ses01M_impro05_F011,Session1,neu,3.5,3.0,3.5,45.67,49.92,mfcc_regression/Ses01M_impro05_F011.npy
Ses01M_impro05_F012,Session1,neu,3.0,3.5,3.5,49.92,52.31,mfcc_regression/Ses01M_impro05_F012.npy
Ses01M_impro05_F013,Session1,neu,3.0,2.5,3.5,53.7075,56.24,mfcc_regression/Ses01M_impro05_F013.npy
Ses01M_impro05_F014,Session1,neu,3.0,2.5,3.0,58.5,60.23,mfcc_regression/Ses01M_impro05_F014.npy
Ses01M_impro05_F015,Session1,neu,2.5,3.5,4.0,61.48,67.48,mfcc_regression/Ses01M_impro05_F015.npy
Ses01M_impro05_F016,Session1,neu,2.5,3.0,4.0,67.51,73.25,mfcc_regression/Ses01M_impro05_F016.npy
Ses01M_impro05_F017,Session1,neu,2.5,3.0,3.0,91.41,100.24,mfcc_regression/Ses01M_impro05_F017.npy
Ses01M_impro05_F018,Session1,neu,3.0,3.0,3.5,100.24,102.86,mfcc_regression/Ses01M_impro05_F018.npy
Ses01M_impro05_F019,Session1,neu,2.0,4.0,4.0,102.92,106.17,mfcc_regression/Ses01M_impro05_F019.npy
Ses01M_impro05_F020,Session1,neu,3.5,3.5,4.0,107.93,114.19,mfcc_regression/Ses01M_impro05_F020.npy
Ses01M_impro05_F021,Session1,neu,3.0,2.5,3.0,114.19,115.47,mfcc_regression/Ses01M_impro05_F021.npy
Ses01M_impro05_F022,Session1,neu,3.0,2.5,3.0,117.22,118.7,mfcc_regression/Ses01M_impro05_F022.npy
Ses01M_impro05_F023,Session1,neu,3.0,2.5,3.0,119.6225,121.23,mfcc_regression/Ses01M_impro05_F023.npy
Ses01M_impro05_F024,Session1,neu,3.0,3.0,3.5,125.2,127.13,mfcc_regression/Ses01M_impro05_F024.npy
Ses01M_impro05_F025,Session1,neu,3.0,3.0,3.0,129.24,133.83,mfcc_regression/Ses01M_impro05_F025.npy
Ses01M_impro05_F026,Session1,neu,3.0,2.0,3.0,133.83,136.87,mfcc_regression/Ses01M_impro05_F026.npy
Ses01M_impro05_F027,Session1,neu,3.0,2.5,2.5,142.65,144.12,mfcc_regression/Ses01M_impro05_F027.npy
Ses01M_impro05_F028,Session1,neu,2.5,2.0,3.0,148.72,150.76,mfcc_regression/Ses01M_impro05_F028.npy
Ses01M_impro05_F029,Session1,neu,2.5,2.5,2.5,155.57,157.29,mfcc_regression/Ses01M_impro05_F029.npy
Ses01M_impro05_F030,Session1,neu,2.5,2.5,3.5,158.87,160.93,mfcc_regression/Ses01M_impro05_F030.npy
Ses01M_impro05_F031,Session1,neu,2.5,3.0,2.5,161.34,162.59,mfcc_regression/Ses01M_impro05_F031.npy
Ses01M_impro05_F032,Session1,neu,2.0,2.5,3.5,163.69,166.1,mfcc_regression/Ses01M_impro05_F032.npy
Ses01M_impro05_F033,Session1,neu,3.0,2.5,3.0,166.37,167.6,mfcc_regression/Ses01M_impro05_F033.npy
Ses01M_impro05_F034,Session1,neu,2.0,3.5,3.5,173.09,178.46,mfcc_regression/Ses01M_impro05_F034.npy
Ses01M_impro05_F035,Session1,fru,2.5,2.5,3.5,186.33,190.02,mfcc_regression/Ses01M_impro05_F035.npy
Ses01M_impro05_M000,Session1,fru,1.5,3.5,4.5,3.71,7.82,mfcc_regression/Ses01M_impro05_M000.npy
Ses01M_impro05_M001,Session1,fru,1.5,4.0,4.5,8.06,12.34,mfcc_regression/Ses01M_impro05_M001.npy
Ses01M_impro05_M002,Session1,fru,1.0,4.0,4.5,12.53,15.6575,mfcc_regression/Ses01M_impro05_M002.npy
Ses01M_impro05_M004,Session1,ang,1.5,4.0,4.5,26.1923,31.08,mfcc_regression/Ses01M_impro05_M004.npy
Ses01M_impro05_M005,Session1,ang,1.0,4.5,5.0,31.78,34.83,mfcc_regression/Ses01M_impro05_M005.npy
Ses01M_impro05_M006,Session1,ang,1.0,4.5,5.0,34.85,37.67,mfcc_regression/Ses01M_impro05_M006.npy
Ses01M_impro05_M007,Session1,ang,1.0,4.5,4.5,37.715,41.47,mfcc_regression/Ses01M_impro05_M007.npy
Ses01M_impro05_M008,Session1,ang,1.0,4.0,5.0,42.835,46.02,mfcc_regression/Ses01M_impro05_M008.npy
Ses01M_impro05_M009,Session1,fru,1.5,3.0,4.0,51.75,54.53,mfcc_regression/Ses01M_impro05_M009.npy
Ses01M_impro05_M010,Session1,fru,1.5,4.0,4.5,54.56,58.79,mfcc_regression/Ses01M_impro05_M010.npy
Ses01M_impro05_M015,Session1,neu,2.5,2.0,3.0,105.39,107.46,mfcc_regression/Ses01M_impro05_M015.npy
Ses01M_impro05_M018,Session1,fru,2.0,3.5,3.5,121.43,125.61,mfcc_regression/Ses01M_impro05_M018.npy
Ses01M_impro05_M020,Session1,ang,2.0,3.0,3.5,134.9988,137.5,mfcc_regression/Ses01M_impro05_M020.npy
Ses01M_impro05_M021,Session1,ang,1.5,4.0,4.5,137.5,143.35,mfcc_regression/Ses01M_impro05_M021.npy
Ses01M_impro05_M022,Session1,ang,1.5,4.0,4.5,143.52,149.35,mfcc_regression/Ses01M_impro05_M022.npy
Ses01M_impro05_M023,Session1,ang,1.0,3.5,5.0,149.88,156.39,mfcc_regression/Ses01M_impro05_M023.npy
Ses01M_impro05_M024,Session1,ang,1.5,4.0,4.5,156.46,159.96,mfcc_regression/Ses01M_impro05_M024.npy
Ses01M_impro05_M025,Session1,ang,2.0,4.5,4.0,160.02,167.01,mfcc_regression/Ses01M_impro05_M025.npy
Ses01M_impro05_M026,Session1,ang,1.5,5.0,4.5,167.01,173.73,mfcc_regression/Ses01M_impro05_M026.npy
Ses01M_impro05_M027,Session1,ang,1.5,4.0,4.0,175.2775,181.46,mfcc_regression/Ses01M_impro05_M027.npy
Ses01M_impro05_M028,Session1,ang,1.5,4.5,4.5,181.495,186.82,mfcc_regression/Ses01M_impro05_M028.npy
Ses01M_impro05_M030,Session1,fru,1.5,2.5,3.0,199.27,200.3975,mfcc_regression/Ses01M_impro05_M030.npy
Ses01M_impro05_M031,Session1,ang,1.0,5.0,4.5,201.2825,203.71,mfcc_regression/Ses01M_impro05_M031.npy
Ses01F_script01_3_F000,Session1,neu,4.0,1.6667,2.3333,4.8285,8.9243,mfcc_regression/Ses01F_script01_3_F000.npy
Ses01F_script01_3_F001,Session1,neu,4.3333,2.0,2.3333,12.3484,17.0473,mfcc_regression/Ses01F_script01_3_F001.npy
Ses01F_script01_3_F002,Session1,neu,3.3333,2.0,2.3333,17.1566,26.1173,mfcc_regression/Ses01F_script01_3_F002.npy
Ses01F_script01_3_F003,Session1,neu,3.0,1.3333,2.3333,28.31,36.1344,mfcc_regression/Ses01F_script01_3_F003.npy
Ses01F_script01_3_F004,Session1,neu,3.3333,2.6667,2.6667,38.32,41.6,mfcc_regression/Ses01F_script01_3_F004.npy
Ses01F_script01_3_F005,Session1,neu,3.3333,2.0,1.6667,42.82,47.33,mfcc_regression/Ses01F_script01_3_F005.npy
Ses01F_script01_3_F006,Session1,neu,3.0,2.3333,2.3333,49.1,53.9831,mfcc_regression/Ses01F_script01_3_F006.npy
Ses01F_script01_3_F007,Session1,neu,2.6667,1.3333,2.3333,63.01,65.8944,mfcc_regression/Ses01F_script01_3_F007.npy
Ses01F_script01_3_F008,Session1,neu,3.6667,2.6667,3.0,69.64,75.91,mfcc_regression/Ses01F_script01_3_F008.npy
Ses01F_script01_3_F009,Session1,neu,4.0,3.0,2.0,87.61,94.67,mfcc_regression/Ses01F_script01_3_F009.npy
Ses01F_script01_3_F010,Session1,hap,4.6667,3.6667,2.3333,97.02,98.4227,mfcc_regression/Ses01F_script01_3_F010.npy
Ses01F_script01_3_F011,Session1,hap,4.6667,4.0,2.6667,98.9525,101.725,mfcc_regression/Ses01F_script01_3_F011.npy
Ses01F_script01_3_F012,Session1,hap,5.0,4.3333,2.3333,108.9225,114.07,mfcc_regression/Ses01F_script01_3_F012.npy
Ses01F_script01_3_F013,Session1,hap,4.3333,3.3333,2.3333,117.0,118.8,mfcc_regression/Ses01F_script01_3_F013.npy
Ses01F_script01_3_F014,Session1,neu,3.0,2.6667,3.0,137.289,142.2065,mfcc_regression/Ses01F_script01_3_F014.npy
Ses01F_script01_3_F015,Session1,neu,3.0,2.0,2.3333,146.98,150.5845,mfcc_regression/Ses01F_script01_3_F015.npy
Ses01F_script01_3_F016,Session1,neu,2.6667,1.6667,1.6667,153.3875,156.3762,mfcc_regression/Ses01F_script01_3_F016.npy
Ses01F_script01_3_F017,Session1,hap,4.3333,3.0,2.6667,159.06,161.23,mfcc_regression/Ses01F_script01_3_F017.npy
Ses01F_script01_3_F019,Session1,hap,4.3333,4.0,3.3333,169.69,172.46,mfcc_regression/Ses01F_script01_3_F019.npy
Ses01F_script01_3_F020,Session1,hap,4.3333,3.6667,3.6667,186.209,193.68,mfcc_regression/Ses01F_script01_3_F020.npy
Ses01F_script01_3_F021,Session1,hap,4.0,2.3333,3.0,196.14,198.895,mfcc_regression/Ses01F_script01_3_F021.npy
Ses01F_script01_3_F022,Session1,neu,3.3333,1.6667,3.0,200.92,206.29,mfcc_regression/Ses01F_script01_3_F022.npy
Ses01F_script01_3_F028,Session1,neu,2.6667,2.3333,1.6667,259.13,261.66,mfcc_regression/Ses01F_script01_3_F028.npy
Ses01F_script01_3_F029,Session1,neu,2.3333,2.0,2.0,266.31,268.5425,mfcc_regression/Ses01F_script01_3_F029.npy
Ses01F_script01_3_F030,Session1,sad,1.6667,2.3333,1.3333,270.66,273.26,mfcc_regression/Ses01F_script01_3_F030.npy
Ses01F_script01_3_F031,Session1,neu,2.0,1.0,1.3333,344.18,345.74,mfcc_regression/Ses01F_script01_3_F031.npy
Ses01F_script01_3_F035,Session1,hap,4.0,2.0,2.3333,459.57,463.06,mfcc_regression/Ses01F_script01_3_F035.npy
Ses01F_script01_3_M000,Session1,neu,4.0,1.6667,2.0,8.59,13.17,mfcc_regression/Ses01F_script01_3_M000.npy
Ses01F_script01_3_M001,Session1,neu,3.0,2.0,2.3333,26.0445,28.8493,mfcc_regression/Ses01F_script01_3_M001.npy
Ses01F_script01_3_M003,Session1,neu,4.0,2.6667,1.6667,41.0,43.32,mfcc_regression/Ses01F_script01_3_M003.npy
Ses01F_script01_3_M004,Session1,neu,3.0,3.0,2.6667,47.21,49.51,mfcc_regression/Ses01F_script01_3_M004.npy
Ses01F_script01_3_M005,Session1,neu,4.0,2.6667,2.3333,54.62,63.9,mfcc_regression/Ses01F_script01_3_M005.npy
Ses01F_script01_3_M008,Session1,hap,4.6667,3.6667,2.6667,98.07,105.58,mfcc_regression/Ses01F_script01_3_M008.npy
Ses01F_script01_3_M009,Session1,hap,4.6667,4.0,2.3333,106.5092,114.9575,mfcc_regression/Ses01F_script01_3_M009.npy
Ses01F_script01_3_M010,Session1,hap,4.3333,4.0,2.6667,115.2878,126.545,mfcc_regression/Ses01F_script01_3_M010.npy
Ses01F_script01_3_M014,Session1,sur,4.3333,3.3333,2.3333,156.3033,159.54,mfcc_regression/Ses01F_script01_3_M014.npy
Ses01F_script01_3_M015,Session1,hap,4.0,4.0,3.3333,160.7,163.66,mfcc_regression/Ses01F_script01_3_M015.npy
Ses01F_script01_3_M016,Session1,hap,4.0,3.3333,2.3333,171.72,173.6,mfcc_regression/Ses01F_script01_3_M016.npy
Ses01F_script01_3_M017,Session1,hap,4.0,3.0,3.3333,173.67,175.7325,mfcc_regression/Ses01F_script01_3_M017.npy
Ses01F_script01_3_M019,Session1,hap,4.3333,3.3333,3.6667,191.1025,196.74,mfcc_regression/Ses01F_script01_3_M019.npy
Ses01F_script01_3_M020,Session1,hap,4.0,3.6667,2.3333,199.1,201.4,mfcc_regression/Ses01F_script01_3_M020.npy
Ses01F_script01_3_M021,Session1,sad,2.6667,2.6667,2.6667,216.48,220.04,mfcc_regression/Ses01F_script01_3_M021.npy
Ses01F_script01_3_M022,Session1,sad,3.0,2.0,2.0,222.68,225.5,mfcc_regression/Ses01F_script01_3_M022.npy
Ses01F_script01_3_M023,Session1,sad,2.3333,3.0,2.3333,232.7248,240.3,mfcc_regression/Ses01F_script01_3_M023.npy
Ses01F_script01_3_M024,Session1,sad,2.3333,3.0,2.3333,243.83,247.52,mfcc_regression/Ses01F_script01_3_M024.npy
Ses01F_script01_3_M025,Session1,sad,2.6667,3.0,2.3333,251.5,259.73,mfcc_regression/Ses01F_script01_3_M025.npy
Ses01F_script01_3_M026,Session1,sad,2.0,1.6667,2.3333,261.75,264.9617,mfcc_regression/Ses01F_script01_3_M026.npy
Ses01F_script01_3_M027,Session1,sad,2.3333,1.6667,2.6667,268.56,270.7875,mfcc_regression/Ses01F_script01_3_M027.npy
Ses01F_script01_3_M028,Session1,sad,1.6667,3.3333,3.6667,272.44,283.5024,mfcc_regression/Ses01F_script01_3_M028.npy
Ses01F_script01_3_M029,Session1,sad,2.3333,2.3333,2.6667,283.73,304.58,mfcc_regression/Ses01F_script01_3_M029.npy
Ses01F_script01_3_M030,Session1,sad,2.0,2.3333,3.6667,304.7751,319.99,mfcc_regression/Ses01F_script01_3_M030.npy
Ses01F_script01_3_M032,Session1,sad,2.0,3.0,3.3333,345.9,359.22,mfcc_regression/Ses01F_script01_3_M032.npy
Ses01F_script01_3_M033,Session1,sad,1.6667,3.3333,3.3333,360.2517,378.35,mfcc_regression/Ses01F_script01_3_M033.npy
Ses01F_script01_3_M036,Session1,sad,2.0,2.6667,2.3333,401.91,412.59,mfcc_regression/Ses01F_script01_3_M036.npy
Ses01F_script01_3_M037,Session1,neu,2.3333,2.3333,2.3333,419.4437,422.5035,mfcc_regression/Ses01F_script01_3_M037.npy
Ses01F_script03_1_F000,Session1,fea,2.0,3.5,1.0,5.53,7.7,mfcc_regression/Ses01F_script03_1_F000.npy
Ses01F_script03_1_F001,Session1,fea,2.5,3.5,2.0,8.74,15.2,mfcc_regression/Ses01F_script03_1_F001.npy
Ses01F_script03_1_F002,Session1,fea,2.5,3.5,1.0,17.2,22.71,mfcc_regression/Ses01F_script03_1_F002.npy
Ses01F_script03_1_F005,Session1,hap,4.0,4.0,2.5,41.17,47.64,mfcc_regression/Ses01F_script03_1_F005.npy
Ses01F_script03_1_F006,Session1,exc,4.0,3.0,2.5,51.2835,53.8175,mfcc_regression/Ses01F_script03_1_F006.npy
Ses01F_script03_1_F007,Session1,exc,4.0,3.0,2.5,54.61,56.8,mfcc_regression/Ses01F_script03_1_F007.npy
Ses01F_script03_1_F010,Session1,hap,3.5,3.5,2.5,74.65,77.18,mfcc_regression/Ses01F_script03_1_F010.npy
Ses01F_script03_1_F011,Session1,hap,4.0,3.5,2.5,84.47,88.26,mfcc_regression/Ses01F_script03_1_F011.npy
Ses01F_script03_1_F012,Session1,exc,3.5,2.0,2.0,92.14,93.66,mfcc_regression/Ses01F_script03_1_F012.npy
Ses01F_script03_1_F020,Session1,hap,4.0,4.0,2.5,165.1525,169.7325,mfcc_regression/Ses01F_script03_1_F020.npy
Ses01F_script03_1_F021,Session1,hap,4.0,3.0,3.0,174.8825,178.85,mfcc_regression/Ses01F_script03_1_F021.npy
Ses01F_script03_1_F022,Session1,hap,4.0,3.5,3.0,194.85,204.01,mfcc_regression/Ses01F_script03_1_F022.npy
Ses01F_script03_1_F024,Session1,exc,5.0,4.5,2.5,215.28,220.35,mfcc_regression/Ses01F_script03_1_F024.npy
Ses01F_script03_1_F029,Session1,hap,4.0,4.0,2.5,250.22,262.43,mfcc_regression/Ses01F_script03_1_F029.npy
Ses01F_script03_1_F030,Session1,hap,4.0,3.0,2.5,262.46,269.64,mfcc_regression/Ses01F_script03_1_F030.npy
Ses01F_script03_1_M000,Session1,fea,2.5,4.0,1.0,4.2888,6.18,mfcc_regression/Ses01F_script03_1_M000.npy
Ses01F_script03_1_M001,Session1,fea,2.5,3.5,1.0,7.29,9.18,mfcc_regression/Ses01F_script03_1_M001.npy
Ses01F_script03_1_M002,Session1,fea,2.5,3.0,1.0,14.64,17.43,mfcc_regression/Ses01F_script03_1_M002.npy
Ses01F_script03_1_M003,Session1,fea,2.5,3.5,1.5,19.8475,21.29,mfcc_regression/Ses01F_script03_1_M003.npy
Ses01F_script03_1_M005,Session1,exc,4.0,3.0,2.0,26.86,29.52,mfcc_regression/Ses01F_script03_1_M005.npy
Ses01F_script03_1_M007,Session1,hap,4.5,3.5,2.5,39.5,45.775,mfcc_regression/Ses01F_script03_1_M007.npy
Ses01F_script03_1_M008,Session1,hap,4.0,3.0,2.0,46.72,51.9842,mfcc_regression/Ses01F_script03_1_M008.npy
Ses01F_script03_1_M009,Session1,hap,4.0,2.5,2.5,53.28,55.33,mfcc_regression/Ses01F_script03_1_M009.npy
Ses01F_script03_1_M010,Session1,hap,4.0,3.5,2.5,56.37,64.43,mfcc_regression/Ses01F_script03_1_M010.npy
Ses01F_script03_1_M013,Session1,hap,4.0,3.5,2.5,76.32,86.518,mfcc_regression/Ses01F_script03_1_M013.npy
Ses01F_script03_1_M018,Session1,hap,4.0,3.0,2.0,118.0823,120.53,mfcc_regression/Ses01F_script03_1_M018.npy
Ses01F_script03_1_M021,Session1,exc,4.0,3.0,2.5,136.5,140.4925,mfcc_regression/Ses01F_script03_1_M021.npy
Ses01F_script03_1_M024,Session1,exc,4.5,3.5,3.0,155.115,167.7,mfcc_regression/Ses01F_script03_1_M024.npy
Ses01F_script03_1_M025,Session1,hap,4.0,3.0,2.5,168.69,176.27,mfcc_regression/Ses01F_script03_1_M025.npy
Ses01F_script03_1_M026,Session1,hap,4.0,3.5,2.5,178.97,195.6,mfcc_regression/Ses01F_script03_1_M026.npy
Ses01F_script03_1_M030,Session1,dis,3.0,2.0,2.0,219.22,221.82,mfcc_regression/Ses01F_script03_1_M030.npy
Ses01F_script03_1_M034,Session1,hap,4.0,3.5,2.5,241.6,245.87,mfcc_regression/Ses01F_script03_1_M034.npy
Ses01F_script03_1_M036,Session1,hap,4.0,4.5,2.5,256.85,262.0325,mfcc_regression/Ses01F_script03_1_M036.npy
Ses01F_script03_1_M037,Session1,hap,4.0,2.5,2.0,262.3975,267.45,mfcc_regression/Ses01F_script03_1_M037.npy
Ses01F_impro02_F000,Session1,sad,2.5,2.0,1.5,7.2688,16.6,mfcc_regression/Ses01F_impro02_F000.npy
Ses01F_impro02_F001,Session1,sad,2.0,1.5,1.5,19.85,22.78,mfcc_regression/Ses01F_impro02_F001.npy
Ses01F_impro02_F002,Session1,sad,2.0,1.5,1.5,26.5659,32.2895,mfcc_regression/Ses01F_impro02_F002.npy
Ses01F_impro02_F003,Session1,neu,2.0,2.0,2.0,32.3075,37.96,mfcc_regression/Ses01F_impro02_F003.npy
Ses01F_impro02_F004,Session1,sad,2.5,2.0,2.5,47.34,53.11,mfcc_regression/Ses01F_impro02_F004.npy
Ses01F_impro02_F005,Session1,sad,2.0,2.0,2.5,58.75,61.31,mfcc_regression/Ses01F_impro02_F005.npy
Ses01F_impro02_F006,Session1,neu,2.5,2.5,2.5,64.255,68.47,mfcc_regression/Ses01F_impro02_F006.npy
Ses01F_impro02_F008,Session1,sad,1.5,2.0,1.5,87.2031,91.09,mfcc_regression/Ses01F_impro02_F008.npy
Ses01F_impro02_F010,Session1,sad,2.0,1.5,2.0,97.94,102.19,mfcc_regression/Ses01F_impro02_F010.npy
Ses01F_impro02_F012,Session1,sad,3.5,2.0,1.5,117.83,120.8605,mfcc_regression/Ses01F_impro02_F012.npy
Ses01F_impro02_F013,Session1,sad,1.5,2.0,2.0,127.82,133.9455,mfcc_regression/Ses01F_impro02_F013.npy
Ses01F_impro02_F014,Session1,sad,1.5,2.0,2.0,139.03,146.43,mfcc_regression/Ses01F_impro02_F014.npy
Ses01F_impro02_F015,Session1,sad,2.0,2.5,2.5,151.4221,155.01,mfcc_regression/Ses01F_impro02_F015.npy
Ses01F_impro02_F016,Session1,neu,2.0,1.0,2.5,163.54,165.73,mfcc_regression/Ses01F_impro02_F016.npy
Ses01F_impro02_F017,Session1,sad,3.5,3.0,2.5,169.36,176.015,mfcc_regression/Ses01F_impro02_F017.npy
Ses01F_impro02_F018,Session1,neu,2.5,2.5,2.5,176.08,179.13,mfcc_regression/Ses01F_impro02_F018.npy
Ses01F_impro02_F019,Session1,sad,2.5,1.5,2.0,182.83,185.8894,mfcc_regression/Ses01F_impro02_F019.npy
Ses01F_impro02_F020,Session1,sad,4.0,2.0,2.5,186.58,191.11,mfcc_regression/Ses01F_impro02_F020.npy
Ses01F_impro02_M001,Session1,sad,2.0,2.5,2.5,21.76,27.5558,mfcc_regression/Ses01F_impro02_M001.npy
Ses01F_impro02_M003,Session1,fru,2.0,3.0,3.0,52.71,59.0534,mfcc_regression/Ses01F_impro02_M003.npy
Ses01F_impro02_M005,Session1,sad,2.0,3.0,1.5,69.34,74.29,mfcc_regression/Ses01F_impro02_M005.npy
Ses01F_impro02_M008,Session1,fru,2.5,1.5,2.0,110.5653,113.2,mfcc_regression/Ses01F_impro02_M008.npy
Ses01F_impro02_M009,Session1,sad,2.0,1.5,2.5,114.1775,117.85,mfcc_regression/Ses01F_impro02_M009.npy
Ses01F_impro02_M010,Session1,sad,2.0,2.0,1.5,120.4105,124.63,mfcc_regression/Ses01F_impro02_M010.npy
Ses01F_impro02_M011,Session1,sad,2.5,1.5,2.5,133.88,137.1,mfcc_regression/Ses01F_impro02_M011.npy
Ses01F_impro02_M012,Session1,neu,2.5,2.0,2.0,147.03,151.7101,mfcc_regression/Ses01F_impro02_M012.npy
Ses01F_impro02_M013,Session1,sad,1.5,2.0,2.0,157.98,162.71,mfcc_regression/Ses01F_impro02_M013.npy
Ses01F_impro02_M014,Session1,sad,1.5,3.0,1.5,164.885,169.5,mfcc_regression/Ses01F_impro02_M014.npy
Ses01F_impro02_M015,Session1,neu,3.0,3.0,1.5,175.47,176.72,mfcc_regression/Ses01F_impro02_M015.npy
Ses01F_impro02_M016,Session1,fru,2.0,1.5,2.5,195.1047,199.52,mfcc_regression/Ses01F_impro02_M016.npy
Ses01M_script02_2_F000,Session1,neu,4.0,2.0,2.5,21.0588,23.3952,mfcc_regression/Ses01M_script02_2_F000.npy
Ses01M_script02_2_F002,Session1,fru,2.5,3.0,2.5,31.34,34.32,mfcc_regression/Ses01M_script02_2_F002.npy
Ses01M_script02_2_F003,Session1,fru,2.0,3.5,3.0,40.72,43.2,mfcc_regression/Ses01M_script02_2_F003.npy
Ses01M_script02_2_F005,Session1,fru,2.5,2.5,2.5,51.57,53.81,mfcc_regression/Ses01M_script02_2_F005.npy
Ses01M_script02_2_F006,Session1,fru,2.5,3.0,2.5,53.86,60.2968,mfcc_regression/Ses01M_script02_2_F006.npy
Ses01M_script02_2_F007,Session1,fru,2.5,3.0,2.5,60.36,65.64,mfcc_regression/Ses01M_script02_2_F007.npy
Ses01M_script02_2_F008,Session1,fru,2.5,2.5,2.5,65.69,68.7785,mfcc_regression/Ses01M_script02_2_F008.npy
Ses01M_script02_2_F009,Session1,fru,2.5,3.5,3.0,73.04,76.81,mfcc_regression/Ses01M_script02_2_F009.npy
Ses01M_script02_2_F010,Session1,ang,1.5,4.5,4.0,84.355,91.7025,mfcc_regression/Ses01M_script02_2_F010.npy
Ses01M_script02_2_F011,Session1,ang,1.5,3.5,3.0,93.13,98.07,mfcc_regression/Ses01M_script02_2_F011.npy
Ses01M_script02_2_F012,Session1,fru,2.0,3.5,3.5,104.1425,109.02,mfcc_regression/Ses01M_script02_2_F012.npy
Ses01M_script02_2_F013,Session1,ang,1.5,4.5,3.5,109.27,113.8,mfcc_regression/Ses01M_script02_2_F013.npy
Ses01M_script02_2_F014,Session1,ang,2.0,4.0,3.5,116.13,119.38,mfcc_regression/Ses01M_script02_2_F014.npy
Ses01M_script02_2_F015,Session1,ang,2.0,4.5,3.5,121.2775,125.9375,mfcc_regression/Ses01M_script02_2_F015.npy
Ses01M_script02_2_F016,Session1,ang,1.5,4.0,4.0,126.0225,137.51,mfcc_regression/Ses01M_script02_2_F016.npy
Ses01M_script02_2_F017,Session1,fru,2.0,4.0,3.5,141.9575,145.1545,mfcc_regression/Ses01M_script02_2_F017.npy
Ses01M_script02_2_F019,Session1,neu,2.0,2.0,2.0,189.07,197.91,mfcc_regression/Ses01M_script02_2_F019.npy
Ses01M_script02_2_F022,Session1,sad,3.0,2.5,2.5,222.6559,232.4642,mfcc_regression/Ses01M_script02_2_F022.npy
Ses01M_script02_2_F024,Session1,sad,2.5,1.5,2.0,258.56,265.2255,mfcc_regression/Ses01M_script02_2_F024.npy
Ses01M_script02_2_F025,Session1,sad,2.5,2.0,2.0,273.3052,275.4759,mfcc_regression/Ses01M_script02_2_F025.npy
Ses01M_script02_2_F026,Session1,sad,2.5,1.5,2.0,276.66,278.5712,mfcc_regression/Ses01M_script02_2_F026.npy
Ses01M_script02_2_F028,Session1,fru,2.0,3.0,2.5,298.46,300.34,mfcc_regression/Ses01M_script02_2_F028.npy
Ses01M_script02_2_F029,Session1,fru,2.0,3.5,2.5,301.03,302.5,mfcc_regression/Ses01M_script02_2_F029.npy
Ses01M_script02_2_F030,Session1,ang,2.0,3.5,3.0,307.74,311.3225,mfcc_regression/Ses01M_script02_2_F030.npy
Ses01M_script02_2_F031,Session1,ang,2.0,3.5,3.0,359.5296,364.6775,mfcc_regression/Ses01M_script02_2_F031.npy
Ses01M_script02_2_F032,Session1,ang,2.0,3.5,2.5,365.545,372.6025,mfcc_regression/Ses01M_script02_2_F032.npy
Ses01M_script02_2_F033,Session1,sad,2.0,3.5,2.0,373.8803,378.52,mfcc_regression/Ses01M_script02_2_F033.npy
Ses01M_script02_2_F034,Session1,sad,2.0,2.0,2.0,382.45,394.05,mfcc_regression/Ses01M_script02_2_F034.npy
Ses01M_script02_2_F035,Session1,sad,2.0,2.5,1.5,397.6774,403.38,mfcc_regression/Ses01M_script02_2_F035.npy
Ses01M_script02_2_F036,Session1,sad,2.0,2.5,2.0,403.7875,412.08,mfcc_regression/Ses01M_script02_2_F036.npy
Ses01M_script02_2_F037,Session1,sad,2.0,1.5,1.5,417.355,419.355,mfcc_regression/Ses01M_script02_2_F037.npy
Ses01M_script02_2_F038,Session1,sur,3.0,3.5,2.5,427.3434,435.48,mfcc_regression/Ses01M_script02_2_F038.npy
Ses01M_script02_2_F039,Session1,sur,2.5,3.5,3.5,437.5175,442.3,mfcc_regression/Ses01M_script02_2_F039.npy
Ses01M_script02_2_F040,Session1,sad,2.5,2.5,2.0,443.101,453.72,mfcc_regression/Ses01M_script02_2_F040.npy
Ses01M_script02_2_F044,Session1,hap,4.0,2.5,2.5,498.9575,503.29,mfcc_regression/Ses01M_script02_2_F044.npy
Ses01M_script02_2_F045,Session1,hap,4.0,2.0,2.0,513.809,521.44,mfcc_regression/Ses01M_script02_2_F045.npy
Ses01M_script02_2_F046,Session1,sad,3.5,2.0,2.0,523.71,526.5919,mfcc_regression/Ses01M_script02_2_F046.npy
Ses01M_script02_2_F047,Session1,neu,4.0,2.5,2.5,535.9982,539.3749,mfcc_regression/Ses01M_script02_2_F047.npy
Ses01M_script02_2_M001,Session1,exc,4.0,4.0,2.5,6.89,15.1948,mfcc_regression/Ses01M_script02_2_M001.npy
Ses01M_script02_2_M002,Session1,exc,4.0,3.5,2.5,15.9987,21.26,mfcc_regression/Ses01M_script02_2_M002.npy
Ses01M_script02_2_M003,Session1,exc,4.5,3.0,2.0,23.48,27.71,mfcc_regression/Ses01M_script02_2_M003.npy
Ses01M_script02_2_M006,Session1,fru,2.5,3.0,2.5,48.961,52.06,mfcc_regression/Ses01M_script02_2_M006.npy
Ses01M_script02_2_M008,Session1,neu,2.5,2.5,1.5,79.84,84.93,mfcc_regression/Ses01M_script02_2_M008.npy
Ses01M_script02_2_M010,Session1,fru,2.0,3.5,3.0,97.97,104.61,mfcc_regression/Ses01M_script02_2_M010.npy
Ses01M_script02_2_M012,Session1,fru,2.0,3.5,3.0,108.3575,109.8025,mfcc_regression/Ses01M_script02_2_M012.npy
Ses01M_script02_2_M013,Session1,neu,2.5,2.0,2.0,114.1,116.52,mfcc_regression/Ses01M_script02_2_M013.npy
Ses01M_script02_2_M014,Session1,fru,2.5,3.0,3.0,118.7775,123.125,mfcc_regression/Ses01M_script02_2_M014.npy
Ses01M_script02_2_M015,Session1,fru,2.5,1.0,2.0,137.4365,140.3043,mfcc_regression/Ses01M_script02_2_M015.npy
Ses01M_script02_2_M016,Session1,fru,2.5,2.5,2.0,140.3043,143.4071,mfcc_regression/Ses01M_script02_2_M016.npy
Ses01M_script02_2_M017,Session1,fru,2.0,2.5,2.5,144.5525,147.0975,mfcc_regression/Ses01M_script02_2_M017.npy
Ses01M_script02_2_M018,Session1,fru,2.5,2.0,2.5,158.02,166.1675,mfcc_regression/Ses01M_script02_2_M018.npy
Ses01M_script02_2_M019,Session1,neu,3.0,2.5,2.5,166.36,174.7925,mfcc_regression/Ses01M_script02_2_M019.npy
Ses01M_script02_2_M020,Session1,neu,2.5,2.5,2.5,174.885,184.7175,mfcc_regression/Ses01M_script02_2_M020.npy
Ses01M_script02_2_M021,Session1,neu,2.5,2.5,2.5,184.83,189.5425,mfcc_regression/Ses01M_script02_2_M021.npy
Ses01M_script02_2_M022,Session1,neu,3.5,3.0,2.5,232.3838,235.85,mfcc_regression/Ses01M_script02_2_M022.npy
Ses01M_script02_2_M023,Session1,neu,3.0,2.0,2.5,241.59,255.455,mfcc_regression/Ses01M_script02_2_M023.npy
Ses01M_script02_2_M025,Session1,neu,3.0,2.0,1.5,265.38,269.6874,mfcc_regression/Ses01M_script02_2_M025.npy
Ses01M_script02_2_M027,Session1,neu,3.0,2.5,2.0,274.91,277.72,mfcc_regression/Ses01M_script02_2_M027.npy
Ses01M_script02_2_M028,Session1,neu,3.0,2.0,1.5,279.5359,282.4301,mfcc_regression/Ses01M_script02_2_M028.npy
Ses01M_script02_2_M029,Session1,neu,2.5,2.0,2.0,283.5959,288.0578,mfcc_regression/Ses01M_script02_2_M029.npy
Ses01M_script02_2_M030,Session1,neu,2.5,2.0,1.5,289.3844,293.8865,mfcc_regression/Ses01M_script02_2_M030.npy
Ses01M_script02_2_M031,Session1,fru,2.0,2.5,2.0,294.0375,299.4,mfcc_regression/Ses01M_script02_2_M031.npy
Ses01M_script02_2_M032,Session1,fru,2.5,3.0,2.0,299.95,301.69,mfcc_regression/Ses01M_script02_2_M032.npy
Ses01M_script02_2_M033,Session1,ang,1.5,4.0,3.5,301.98,308.74,mfcc_regression/Ses01M_script02_2_M033.npy
Ses01M_script02_2_M034,Session1,fru,2.0,4.5,3.5,310.3372,312.7253,mfcc_regression/Ses01M_script02_2_M034.npy
Ses01M_script02_2_M035,Session1,ang,1.5,4.0,3.5,312.7253,327.0096,mfcc_regression/Ses01M_script02_2_M035.npy
Ses01M_script02_2_M037,Session1,sad,1.5,3.5,2.5,337.3025,352.1575,mfcc_regression/Ses01M_script02_2_M037.npy
Ses01M_script02_2_M038,Session1,sad,1.5,3.0,3.0,352.7475,359.8914,mfcc_regression/Ses01M_script02_2_M038.npy
Ses01M_script02_2_M039,Session1,neu,2.0,2.0,2.0,364.565,365.95,mfcc_regression/Ses01M_script02_2_M039.npy
Ses01M_script02_2_M040,Session1,neu,2.0,1.5,1.0,372.415,374.07,mfcc_regression/Ses01M_script02_2_M040.npy
Ses01M_script02_2_M041,Session1,sad,2.5,2.0,2.0,378.503,381.51,mfcc_regression/Ses01M_script02_2_M041.npy
Ses01M_script02_2_M042,Session1,sad,2.0,1.5,2.5,394.55,397.9186,mfcc_regression/Ses01M_script02_2_M042.npy
Ses01M_script02_2_M043,Session1,sad,1.5,1.5,2.0,413.9173,418.25,mfcc_regression/Ses01M_script02_2_M043.npy
Ses01M_script02_2_M044,Session1,sad,1.5,1.5,1.5,419.26,425.97,mfcc_regression/Ses01M_script02_2_M044.npy
Ses01M_script02_2_M045,Session1,sad,1.5,1.5,1.5,435.7448,437.625,mfcc_regression/Ses01M_script02_2_M045.npy
Ses01M_script02_2_M049,Session1,hap,4.0,2.5,2.5,490.98,494.4875,mfcc_regression/Ses01M_script02_2_M049.npy
Ses01M_script02_2_M050,Session1,neu,3.0,2.5,1.5,497.8775,500.04,mfcc_regression/Ses01M_script02_2_M050.npy
Ses01M_script02_2_M051,Session1,neu,4.5,4.5,1.0,509.1461,513.84,mfcc_regression/Ses01M_script02_2_M051.npy
Ses01M_script02_2_M052,Session1,hap,5.0,4.0,1.5,525.275,528.0391,mfcc_regression/Ses01M_script02_2_M052.npy
Ses01M_script02_2_M053,Session1,hap,5.0,4.5,1.5,528.9636,535.2345,mfcc_regression/Ses01M_script02_2_M053.npy
Ses01M_script02_2_M054,Session1,neu,5.0,5.0,1.5,539.5758,542.2691,mfcc_regression/Ses01M_script02_2_M054.npy
Ses01F_impro03_F000,Session1,hap,4.3333,2.6667,2.6667,4.88,7.74,mfcc_regression/Ses01F_impro03_F000.npy
Ses01F_impro03_F001,Session1,hap,4.0,2.6667,2.6667,7.93,11.37,mfcc_regression/Ses01F_impro03_F001.npy
Ses01F_impro03_F002,Session1,hap,4.3333,3.0,2.3333,12.8,15.37,mfcc_regression/Ses01F_impro03_F002.npy
Ses01F_impro03_F004,Session1,hap,4.6667,3.6667,2.3333,21.75,25.52,mfcc_regression/Ses01F_impro03_F004.npy
Ses01F_impro03_F005,Session1,hap,4.3333,4.0,2.3333,25.5584,28.14,mfcc_regression/Ses01F_impro03_F005.npy
Ses01F_impro03_F006,Session1,hap,4.0,3.3333,2.6667,28.37,34.71,mfcc_regression/Ses01F_impro03_F006.npy
Ses01F_impro03_F008,Session1,hap,4.0,3.3333,2.3333,40.12,42.79,mfcc_regression/Ses01F_impro03_F008.npy
Ses01F_impro03_F009,Session1,hap,4.0,2.6667,2.3333,42.84,44.54,mfcc_regression/Ses01F_impro03_F009.npy
Ses01F_impro03_F010,Session1,hap,4.0,3.3333,3.0,47.87,51.075,mfcc_regression/Ses01F_impro03_F010.npy
Ses01F_impro03_F012,Session1,hap,4.0,3.6667,2.6667,55.865,58.15,mfcc_regression/Ses01F_impro03_F012.npy
Ses01F_impro03_F013,Session1,hap,5.0,4.0,3.3333,60.73,65.86,mfcc_regression/Ses01F_impro03_F013.npy
Ses01F_impro03_F015,Session1,exc,4.6667,3.6667,3.0,74.2675,78.8425,mfcc_regression/Ses01F_impro03_F015.npy
Ses01F_impro03_F016,Session1,hap,4.0,3.0,2.3333,79.035,81.0875,mfcc_regression/Ses01F_impro03_F016.npy
Ses01F_impro03_F017,Session1,neu,3.6667,2.6667,2.3333,82.0975,85.08,mfcc_regression/Ses01F_impro03_F017.npy
Ses01F_impro03_F018,Session1,neu,3.6667,3.0,2.0,85.1,88.0225,mfcc_regression/Ses01F_impro03_F018.npy
Ses01F_impro03_F019,Session1,neu,3.6667,2.3333,2.0,88.08,89.5,mfcc_regression/Ses01F_impro03_F019.npy
Ses01F_impro03_F021,Session1,hap,3.3333,3.6667,2.6667,92.75,98.21,mfcc_regression/Ses01F_impro03_F021.npy
Ses01F_impro03_F022,Session1,neu,3.3333,2.6667,2.0,99.7775,102.03,mfcc_regression/Ses01F_impro03_F022.npy
Ses01F_impro03_F023,Session1,neu,3.0,2.3333,2.0,102.62,103.4625,mfcc_regression/Ses01F_impro03_F023.npy
Ses01F_impro03_F024,Session1,hap,4.3333,3.0,2.6667,103.78,108.1825,mfcc_regression/Ses01F_impro03_F024.npy
Ses01F_impro03_F025,Session1,hap,4.3333,3.3333,3.3333,110.23,114.16,mfcc_regression/Ses01F_impro03_F025.npy
Ses01F_impro03_F026,Session1,hap,4.6667,4.0,3.0,114.19,120.2,mfcc_regression/Ses01F_impro03_F026.npy
Ses01F_impro03_M000,Session1,neu,4.0,3.0,2.6667,3.24,5.46,mfcc_regression/Ses01F_impro03_M000.npy
Ses01F_impro03_M001,Session1,neu,4.3333,2.6667,2.3333,6.6,8.66,mfcc_regression/Ses01F_impro03_M001.npy
Ses01F_impro03_M002,Session1,sur,4.3333,3.3333,2.6667,10.53,13.84,mfcc_regression/Ses01F_impro03_M002.npy
Ses01F_impro03_M003,Session1,exc,5.0,4.6667,3.0,14.93,18.9075,mfcc_regression/Ses01F_impro03_M003.npy
Ses01F_impro03_M006,Session1,neu,4.0,2.6667,2.3333,34.25,36.34,mfcc_regression/Ses01F_impro03_M006.npy
Ses01F_impro03_M007,Session1,hap,4.0,3.0,2.3333,37.7175,40.47,mfcc_regression/Ses01F_impro03_M007.npy
Ses01F_impro03_M008,Session1,neu,4.0,2.6667,2.0,42.09,43.41,mfcc_regression/Ses01F_impro03_M008.npy
Ses01F_impro03_M009,Session1,neu,3.6667,2.3333,2.3333,44.16,49.07,mfcc_regression/Ses01F_impro03_M009.npy
Ses01F_impro03_M011,Session1,neu,3.6667,3.6667,2.6667,52.92,56.85,mfcc_regression/Ses01F_impro03_M011.npy
Ses01F_impro03_M013,Session1,hap,4.6667,4.0,3.0,65.6425,68.44,mfcc_regression/Ses01F_impro03_M013.npy
Ses01F_impro03_M014,Session1,hap,4.3333,3.6667,2.6667,73.41,76.9975,mfcc_regression/Ses01F_impro03_M014.npy
Ses01F_impro03_M015,Session1,hap,4.0,3.0,2.6667,78.32,80.5,mfcc_regression/Ses01F_impro03_M015.npy
Ses01F_impro03_M016,Session1,neu,3.6667,2.6667,2.6667,80.7175,82.5225,mfcc_regression/Ses01F_impro03_M016.npy
Ses01F_impro03_M017,Session1,sur,3.6667,3.6667,2.3333,84.6925,87.36,mfcc_regression/Ses01F_impro03_M017.npy
Ses01F_impro03_M018,Session1,sur,3.0,2.6667,2.6667,87.6425,89.08,mfcc_regression/Ses01F_impro03_M018.npy
Ses01F_impro03_M019,Session1,neu,3.0,3.0,2.3333,89.12,93.91,mfcc_regression/Ses01F_impro03_M019.npy
Ses01F_impro03_M020,Session1,neu,3.3333,3.0,2.6667,97.03,101.65,mfcc_regression/Ses01F_impro03_M020.npy
Ses01F_impro03_M021,Session1,neu,3.0,3.3333,2.6667,101.67,104.35,mfcc_regression/Ses01F_impro03_M021.npy
Ses01F_impro03_M022,Session1,exc,4.0,3.3333,2.6667,105.29,106.95,mfcc_regression/Ses01F_impro03_M022.npy
Ses01F_impro03_M023,Session1,hap,4.6667,4.3333,3.6667,107.71,111.4,mfcc_regression/Ses01F_impro03_M023.npy
Ses01F_impro03_M024,Session1,neu,3.6667,2.6667,2.3333,117.36,119.58,mfcc_regression/Ses01F_impro03_M024.npy
Ses01F_script01_2_F003,Session1,ang,2.0,2.5,4.0,39.93,42.96,mfcc_regression/Ses01F_script01_2_F003.npy
Ses01F_script01_2_F004,Session1,ang,2.5,2.5,3.5,44.35,46.3,mfcc_regression/Ses01F_script01_2_F004.npy
Ses01F_script01_2_F005,Session1,ang,1.5,3.5,4.5,47.1,50.85,mfcc_regression/Ses01F_script01_2_F005.npy
Ses01F_script01_2_F006,Session1,ang,1.5,4.0,4.5,52.03,56.42,mfcc_regression/Ses01F_script01_2_F006.npy
Ses01F_script01_2_F007,Session1,ang,1.5,4.5,4.5,57.76,66.65,mfcc_regression/Ses01F_script01_2_F007.npy
Ses01F_script01_2_F008,Session1,ang,1.5,4.5,4.5,67.48,78.26,mfcc_regression/Ses01F_script01_2_F008.npy
Ses01F_script01_2_F009,Session1,ang,1.5,2.0,4.5,82.12,91.28,mfcc_regression/Ses01F_script01_2_F009.npy
Ses01F_script01_2_F010,Session1,ang,1.5,3.5,4.5,92.36,102.17,mfcc_regression/Ses01F_script01_2_F010.npy
Ses01F_script01_2_F011,Session1,ang,1.5,3.5,4.5,102.26,105.76,mfcc_regression/Ses01F_script01_2_F011.npy
Ses01F_script01_2_F012,Session1,ang,1.5,4.5,5.0,108.2,122.34,mfcc_regression/Ses01F_script01_2_F012.npy
Ses01F_script01_2_F013,Session1,ang,1.0,4.5,5.0,122.41,132.62,mfcc_regression/Ses01F_script01_2_F013.npy
Ses01F_script01_2_F014,Session1,fru,2.0,3.0,2.5,137.98,140.69,mfcc_regression/Ses01F_script01_2_F014.npy
Ses01F_script01_2_M001,Session1,neu,3.0,3.0,2.5,16.63,21.66,mfcc_regression/Ses01F_script01_2_M001.npy
Ses01F_script01_2_M003,Session1,fru,2.0,3.5,4.0,33.62,40.52,mfcc_regression/Ses01F_script01_2_M003.npy
Ses01F_script01_2_M004,Session1,neu,2.5,3.0,2.5,42.44,45.24,mfcc_regression/Ses01F_script01_2_M004.npy
Ses01F_script01_2_M006,Session1,fru,2.5,3.5,3.0,50.6,52.55,mfcc_regression/Ses01F_script01_2_M006.npy
Ses01F_script01_2_M007,Session1,fru,2.5,3.5,3.5,55.87,58.2,mfcc_regression/Ses01F_script01_2_M007.npy
Ses01F_script01_2_M008,Session1,neu,2.0,3.5,3.0,66.1,68.31,mfcc_regression/Ses01F_script01_2_M008.npy
Ses01F_script01_2_M009,Session1,fru,2.5,3.0,2.5,78.38,82.65,mfcc_regression/Ses01F_script01_2_M009.npy
Ses01F_script01_2_M010,Session1,fru,1.5,2.5,3.5,90.65,94.89,mfcc_regression/Ses01F_script01_2_M010.npy
Ses01F_script01_2_M011,Session1,fru,2.5,2.0,3.0,106.61,108.1825,mfcc_regression/Ses01F_script01_2_M011.npy
Ses01F_script01_2_M012,Session1,fru,2.0,2.0,3.0,109.38,111.65,mfcc_regression/Ses01F_script01_2_M012.npy
Ses01F_script01_2_M013,Session1,fru,2.5,2.5,4.0,121.29,123.23,mfcc_regression/Ses01F_script01_2_M013.npy
Ses01F_script01_2_M014,Session1,fru,2.0,3.0,4.0,124.1625,126.36,mfcc_regression/Ses01F_script01_2_M014.npy
Ses01F_script01_2_M015,Session1,fru,1.5,4.0,4.5,126.58,133.76,mfcc_regression/Ses01F_script01_2_M015.npy
Ses01F_script01_2_M017,Session1,ang,1.5,4.0,4.5,140.92,147.51,mfcc_regression/Ses01F_script01_2_M017.npy
Ses01F_script03_2_F000,Session1,hap,4.0,3.0,4.0,4.81,10.06,mfcc_regression/Ses01F_script03_2_F000.npy
Ses01F_script03_2_F001,Session1,hap,3.5,3.5,4.0,15.48,19.55,mfcc_regression/Ses01F_script03_2_F001.npy
Ses01F_script03_2_F002,Session1,hap,4.0,3.5,4.0,22.31,26.13,mfcc_regression/Ses01F_script03_2_F002.npy
Ses01F_script03_2_F004,Session1,neu,3.5,3.5,4.5,37.5,43.15,mfcc_regression/Ses01F_script03_2_F004.npy
Ses01F_script03_2_F005,Session1,neu,3.5,2.0,3.5,46.75,48.7825,mfcc_regression/Ses01F_script03_2_F005.npy
Ses01F_script03_2_F008,Session1,fru,2.0,2.5,3.5,64.3325,67.5625,mfcc_regression/Ses01F_script03_2_F008.npy
Ses01F_script03_2_F013,Session1,ang,1.5,3.0,4.0,100.2315,102.31,mfcc_regression/Ses01F_script03_2_F013.npy
Ses01F_script03_2_F014,Session1,ang,1.5,3.0,4.5,103.27,105.45,mfcc_regression/Ses01F_script03_2_F014.npy
Ses01F_script03_2_F015,Session1,ang,2.5,3.0,4.0,114.8512,119.6,mfcc_regression/Ses01F_script03_2_F015.npy
Ses01F_script03_2_F016,Session1,ang,4.0,3.0,4.5,121.95,126.54,mfcc_regression/Ses01F_script03_2_F016.npy
Ses01F_script03_2_F017,Session1,ang,2.0,2.5,3.5,128.71,130.48,mfcc_regression/Ses01F_script03_2_F017.npy
Ses01F_script03_2_F018,Session1,ang,1.5,2.5,4.0,130.95,132.79,mfcc_regression/Ses01F_script03_2_F018.npy
Ses01F_script03_2_F021,Session1,ang,1.0,4.5,5.0,149.98,158.4966,mfcc_regression/Ses01F_script03_2_F021.npy
Ses01F_script03_2_F022,Session1,ang,2.5,4.0,5.0,160.75,163.38,mfcc_regression/Ses01F_script03_2_F022.npy
Ses01F_script03_2_F023,Session1,ang,2.5,3.0,4.5,165.69,167.93,mfcc_regression/Ses01F_script03_2_F023.npy
Ses01F_script03_2_F024,Session1,ang,2.0,2.5,4.0,175.11,179.46,mfcc_regression/Ses01F_script03_2_F024.npy
Ses01F_script03_2_F025,Session1,ang,1.5,2.5,4.0,182.03,184.91,mfcc_regression/Ses01F_script03_2_F025.npy
Ses01F_script03_2_F026,Session1,ang,3.5,2.5,3.5,193.03,198.88,mfcc_regression/Ses01F_script03_2_F026.npy
Ses01F_script03_2_F027,Session1,ang,2.0,2.5,3.5,201.33,203.3069,mfcc_regression/Ses01F_script03_2_F027.npy
Ses01F_script03_2_F028,Session1,ang,1.5,3.5,4.5,205.33,207.8,mfcc_regression/Ses01F_script03_2_F028.npy
Ses01F_script03_2_F029,Session1,ang,2.5,3.5,4.0,212.4025,215.4525,mfcc_regression/Ses01F_script03_2_F029.npy
Ses01F_script03_2_F030,Session1,neu,3.0,2.5,2.0,227.0225,228.41,mfcc_regression/Ses01F_script03_2_F030.npy
Ses01F_script03_2_F031,Session1,neu,2.5,3.0,3.5,229.4275,233.08,mfcc_regression/Ses01F_script03_2_F031.npy
Ses01F_script03_2_F032,Session1,neu,3.5,3.0,3.5,235.24,237.8068,mfcc_regression/Ses01F_script03_2_F032.npy
Ses01F_script03_2_F034,Session1,ang,2.5,2.0,4.0,246.5557,251.6118,mfcc_regression/Ses01F_script03_2_F034.npy
Ses01F_script03_2_F035,Session1,ang,2.0,3.5,3.5,256.48,260.4175,mfcc_regression/Ses01F_script03_2_F035.npy
Ses01F_script03_2_F036,Session1,ang,1.0,4.0,5.0,262.89,271.72,mfcc_regression/Ses01F_script03_2_F036.npy
Ses01F_script03_2_F037,Session1,ang,1.0,4.5,5.0,272.73,283.08,mfcc_regression/Ses01F_script03_2_F037.npy
Ses01F_script03_2_F038,Session1,ang,1.5,2.0,4.5,287.295,292.72,mfcc_regression/Ses01F_script03_2_F038.npy
Ses01F_script03_2_F039,Session1,ang,4.0,3.5,3.5,294.63,296.62,mfcc_regression/Ses01F_script03_2_F039.npy
Ses01F_script03_2_F040,Session1,ang,1.0,5.0,5.0,297.03,315.46,mfcc_regression/Ses01F_script03_2_F040.npy
Ses01F_script03_2_M001,Session1,neu,2.5,2.5,3.0,9.56,16.0125,mfcc_regression/Ses01F_script03_2_M001.npy
Ses01F_script03_2_M002,Session1,neu,2.5,3.5,3.0,18.66,23.04,mfcc_regression/Ses01F_script03_2_M002.npy
Ses01F_script03_2_M004,Session1,neu,2.0,4.0,4.0,34.21,38.44,mfcc_regression/Ses01F_script03_2_M004.npy
Ses01F_script03_2_M005,Session1,fru,2.0,3.5,3.5,42.25,47.12,mfcc_regression/Ses01F_script03_2_M005.npy
Ses01F_script03_2_M007,Session1,ang,2.5,2.5,3.0,52.67,55.2693,mfcc_regression/Ses01F_script03_2_M007.npy
Ses01F_script03_2_M009,Session1,fru,2.5,3.0,3.5,67.06,74.01,mfcc_regression/Ses01F_script03_2_M009.npy
Ses01F_script03_2_M010,Session1,neu,3.0,4.0,3.0,75.96,78.65,mfcc_regression/Ses01F_script03_2_M010.npy
Ses01F_script03_2_M011,Session1,neu,2.5,4.0,3.0,81.38,84.9165,mfcc_regression/Ses01F_script03_2_M011.npy
Ses01F_script03_2_M012,Session1,fru,2.0,4.0,4.0,88.08,94.23,mfcc_regression/Ses01F_script03_2_M012.npy
Ses01F_script03_2_M013,Session1,fru,1.5,3.5,4.0,95.99,100.95,mfcc_regression/Ses01F_script03_2_M013.npy
Ses01F_script03_2_M014,Session1,ang,2.0,3.5,4.0,101.9,104.15,mfcc_regression/Ses01F_script03_2_M014.npy
Ses01F_script03_2_M015,Session1,fru,2.0,3.5,3.5,105.2596,108.2337,mfcc_regression/Ses01F_script03_2_M015.npy
Ses01F_script03_2_M016,Session1,neu,3.0,2.5,2.5,111.98,115.33,mfcc_regression/Ses01F_script03_2_M016.npy
Ses01F_script03_2_M018,Session1,neu,3.0,4.0,3.5,126.1529,129.135,mfcc_regression/Ses01F_script03_2_M018.npy
Ses01F_script03_2_M019,Session1,neu,3.0,2.5,3.5,130.05,131.42,mfcc_regression/Ses01F_script03_2_M019.npy
Ses01F_script03_2_M020,Session1,ang,2.0,4.0,4.5,132.31,137.4,mfcc_regression/Ses01F_script03_2_M020.npy
Ses01F_script03_2_M021,Session1,ang,2.0,4.5,3.5,140.8379,144.03,mfcc_regression/Ses01F_script03_2_M021.npy
Ses01F_script03_2_M022,Session1,ang,2.0,4.5,4.5,145.67,152.95,mfcc_regression/Ses01F_script03_2_M022.npy
Ses01F_script03_2_M023,Session1,ang,1.5,4.5,4.5,157.82,161.54,mfcc_regression/Ses01F_script03_2_M023.npy
Ses01F_script03_2_M024,Session1,ang,1.0,4.5,4.5,162.77,175.52,mfcc_regression/Ses01F_script03_2_M024.npy
Ses01F_script03_2_M025,Session1,ang,2.0,4.0,4.5,178.77,183.26,mfcc_regression/Ses01F_script03_2_M025.npy
Ses01F_script03_2_M026,Session1,ang,2.0,4.5,4.5,184.35,193.4894,mfcc_regression/Ses01F_script03_2_M026.npy
Ses01F_script03_2_M027,Session1,ang,3.0,4.5,4.5,197.91,212.75,mfcc_regression/Ses01F_script03_2_M027.npy
Ses01F_script03_2_M029,Session1,ang,2.5,3.0,3.5,224.5224,229.6,mfcc_regression/Ses01F_script03_2_M029.npy
Ses01F_script03_2_M030,Session1,ang,2.5,3.0,3.0,233.405,235.7308,mfcc_regression/Ses01F_script03_2_M030.npy
Ses01F_script03_2_M031,Session1,neu,2.5,2.5,3.5,237.24,241.4997,mfcc_regression/Ses01F_script03_2_M031.npy
Ses01F_script03_2_M032,Session1,ang,3.0,2.5,3.5,243.8542,246.8036,mfcc_regression/Ses01F_script03_2_M032.npy
Ses01F_script03_2_M033,Session1,ang,2.0,3.5,3.5,251.3391,257.01,mfcc_regression/Ses01F_script03_2_M033.npy
Ses01F_script03_2_M034,Session1,ang,1.5,3.0,4.5,260.4625,263.64,mfcc_regression/Ses01F_script03_2_M034.npy
Ses01F_script03_2_M035,Session1,ang,2.0,3.5,4.0,264.8475,267.19,mfcc_regression/Ses01F_script03_2_M035.npy
Ses01F_script03_2_M036,Session1,ang,4.0,3.5,3.5,269.3425,273.61,mfcc_regression/Ses01F_script03_2_M036.npy
Ses01F_script03_2_M037,Session1,ang,1.5,4.0,5.0,277.5875,286.56,mfcc_regression/Ses01F_script03_2_M037.npy
Ses01F_script03_2_M038,Session1,ang,2.0,2.5,3.5,293.2325,295.3,mfcc_regression/Ses01F_script03_2_M038.npy
Ses01F_script03_2_M039,Session1,ang,2.0,3.0,3.5,295.96,297.455,mfcc_regression/Ses01F_script03_2_M039.npy
Ses01F_script03_2_M040,Session1,ang,1.0,4.5,5.0,298.65,314.65,mfcc_regression/Ses01F_script03_2_M040.npy
Ses01F_impro01_F000,Session1,neu,2.5,2.5,2.5,6.2901,8.2357,mfcc_regression/Ses01F_impro01_F000.npy
Ses01F_impro01_F001,Session1,neu,2.5,2.5,2.5,10.01,11.3925,mfcc_regression/Ses01F_impro01_F001.npy
Ses01F_impro01_F002,Session1,neu,2.5,2.5,2.5,14.8872,18.0175,mfcc_regression/Ses01F_impro01_F002.npy
Ses01F_impro01_F005,Session1,neu,2.5,3.5,2.0,27.46,31.49,mfcc_regression/Ses01F_impro01_F005.npy
Ses01F_impro01_F006,Session1,fru,2.0,3.5,3.5,38.965,43.59,mfcc_regression/Ses01F_impro01_F006.npy
Ses01F_impro01_F007,Session1,fru,2.5,3.5,3.5,46.58,52.19,mfcc_regression/Ses01F_impro01_F007.npy
Ses01F_impro01_F008,Session1,fru,2.0,3.5,3.5,56.16,58.8225,mfcc_regression/Ses01F_impro01_F008.npy
Ses01F_impro01_F009,Session1,fru,2.0,3.5,3.0,61.87,65.97,mfcc_regression/Ses01F_impro01_F009.npy
Ses01F_impro01_F011,Session1,fru,2.0,3.5,3.5,72.45,82.26,mfcc_regression/Ses01F_impro01_F011.npy
Ses01F_impro01_F012,Session1,ang,2.0,3.5,3.5,85.27,88.02,mfcc_regression/Ses01F_impro01_F012.npy
Ses01F_impro01_F013,Session1,fru,2.0,4.0,3.5,93.67,97.0218,mfcc_regression/Ses01F_impro01_F013.npy
Ses01F_impro01_F014,Session1,neu,2.5,3.5,3.5,97.89,102.96,mfcc_regression/Ses01F_impro01_F014.npy
Ses01F_impro01_F015,Session1,fru,2.0,3.5,3.0,103.97,106.71,mfcc_regression/Ses01F_impro01_F015.npy
Ses01F_impro01_M000,Session1,fru,2.5,2.0,2.5,7.5712,10.475,mfcc_regression/Ses01F_impro01_M000.npy
Ses01F_impro01_M001,Session1,fru,2.5,2.0,2.5,10.9266,14.6649,mfcc_regression/Ses01F_impro01_M001.npy
Ses01F_impro01_M002,Session1,fru,2.0,3.5,3.5,16.8352,19.7175,mfcc_regression/Ses01F_impro01_M002.npy
Ses01F_impro01_M003,Session1,fru,2.5,3.5,3.5,23.47,28.03,mfcc_regression/Ses01F_impro01_M003.npy
Ses01F_impro01_M004,Session1,fru,2.0,4.0,3.5,28.395,31.2117,mfcc_regression/Ses01F_impro01_M004.npy
Ses01F_impro01_M005,Session1,fru,2.0,3.5,3.5,31.266,39.3875,mfcc_regression/Ses01F_impro01_M005.npy
Ses01F_impro01_M006,Session1,fru,2.0,3.5,3.5,41.23,46.98,mfcc_regression/Ses01F_impro01_M006.npy
Ses01F_impro01_M007,Session1,fru,2.5,3.5,3.0,51.4,57.64,mfcc_regression/Ses01F_impro01_M007.npy
Ses01F_impro01_M008,Session1,fru,2.0,3.5,3.5,58.18,62.59,mfcc_regression/Ses01F_impro01_M008.npy
Ses01F_impro01_M009,Session1,fru,2.5,3.5,4.0,65.51,73.0,mfcc_regression/Ses01F_impro01_M009.npy
Ses01F_impro01_M010,Session1,fru,2.0,4.5,4.0,81.59,86.03,mfcc_regression/Ses01F_impro01_M010.npy
Ses01F_impro01_M011,Session1,ang,2.0,4.0,4.0,87.15,94.39,mfcc_regression/Ses01F_impro01_M011.npy
Ses01F_impro01_M013,Session1,ang,2.0,4.5,4.5,101.84,107.87,mfcc_regression/Ses01F_impro01_M013.npy
Ses01M_script02_1_F001,Session1,fru,1.5,3.5,3.5,30.32,32.05,mfcc_regression/Ses01M_script02_1_F001.npy
Ses01M_script02_1_F002,Session1,sur,2.0,2.5,3.5,58.04,60.01,mfcc_regression/Ses01M_script02_1_F002.npy
Ses01M_script02_1_F005,Session1,ang,1.5,4.0,4.0,70.69,75.38,mfcc_regression/Ses01M_script02_1_F005.npy
Ses01M_script02_1_F007,Session1,neu,3.0,2.0,2.5,101.33,102.61,mfcc_regression/Ses01M_script02_1_F007.npy
Ses01M_script02_1_F008,Session1,neu,3.0,2.0,2.5,128.555,130.3,mfcc_regression/Ses01M_script02_1_F008.npy
Ses01M_script02_1_F009,Session1,hap,3.5,3.0,2.5,153.51,155.79,mfcc_regression/Ses01M_script02_1_F009.npy
Ses01M_script02_1_F010,Session1,fru,2.5,2.5,3.0,161.6249,163.5475,mfcc_regression/Ses01M_script02_1_F010.npy
Ses01M_script02_1_F011,Session1,fru,2.5,3.0,3.5,165.8,168.635,mfcc_regression/Ses01M_script02_1_F011.npy
Ses01M_script02_1_F012,Session1,fru,2.0,3.0,3.5,174.7,176.8514,mfcc_regression/Ses01M_script02_1_F012.npy
Ses01M_script02_1_F013,Session1,fru,2.0,3.5,4.0,177.96,180.15,mfcc_regression/Ses01M_script02_1_F013.npy
Ses01M_script02_1_F014,Session1,ang,1.5,4.0,3.0,182.11,184.41,mfcc_regression/Ses01M_script02_1_F014.npy
Ses01M_script02_1_F017,Session1,ang,2.0,4.0,4.0,215.1712,224.18,mfcc_regression/Ses01M_script02_1_F017.npy
Ses01M_script02_1_F018,Session1,fru,2.0,3.0,4.0,237.74,248.4,mfcc_regression/Ses01M_script02_1_F018.npy
Ses01M_script02_1_F019,Session1,fru,2.0,3.5,3.5,248.99,251.1912,mfcc_regression/Ses01M_script02_1_F019.npy
Ses01M_script02_1_F020,Session1,fru,2.0,2.5,2.5,273.98,276.1435,mfcc_regression/Ses01M_script02_1_F020.npy
Ses01M_script02_1_F021,Session1,ang,2.0,3.5,4.5,276.94,278.44,mfcc_regression/Ses01M_script02_1_F021.npy
Ses01M_script02_1_F022,Session1,ang,1.5,3.5,4.0,304.42,318.4303,mfcc_regression/Ses01M_script02_1_F022.npy
Ses01M_script02_1_F023,Session1,ang,2.0,2.5,3.5,319.61,321.82,mfcc_regression/Ses01M_script02_1_F023.npy
Ses01M_script02_1_M000,Session1,exc,4.0,4.0,3.5,3.3988,8.55,mfcc_regression/Ses01M_script02_1_M000.npy
Ses01M_script02_1_M001,Session1,exc,4.5,4.5,4.0,9.0475,21.05,mfcc_regression/Ses01M_script02_1_M001.npy
Ses01M_script02_1_M002,Session1,exc,4.5,5.0,4.5,21.1025,26.03,mfcc_regression/Ses01M_script02_1_M002.npy
Ses01M_script02_1_M004,Session1,exc,3.0,4.0,3.5,31.79,41.7119,mfcc_regression/Ses01M_script02_1_M004.npy
Ses01M_script02_1_M005,Session1,exc,4.0,4.0,3.5,41.8225,52.565,mfcc_regression/Ses01M_script02_1_M005.npy
Ses01M_script02_1_M007,Session1,neu,2.5,3.0,3.0,59.45,63.6475,mfcc_regression/Ses01M_script02_1_M007.npy
Ses01M_script02_1_M009,Session1,neu,3.0,3.0,2.5,69.41,71.28,mfcc_regression/Ses01M_script02_1_M009.npy
Ses01M_script02_1_M010,Session1,neu,3.0,3.5,3.0,74.89,81.73,mfcc_regression/Ses01M_script02_1_M010.npy
Ses01M_script02_1_M011,Session1,neu,2.5,3.5,3.0,82.2739,87.475,mfcc_regression/Ses01M_script02_1_M011.npy
Ses01M_script02_1_M014,Session1,exc,3.0,4.5,3.0,107.27,124.69,mfcc_regression/Ses01M_script02_1_M014.npy
Ses01M_script02_1_M016,Session1,exc,4.0,3.5,4.0,134.91,138.43,mfcc_regression/Ses01M_script02_1_M016.npy
Ses01M_script02_1_M017,Session1,exc,4.5,4.0,3.5,138.49,142.91,mfcc_regression/Ses01M_script02_1_M017.npy
Ses01M_script02_1_M020,Session1,fru,2.5,3.5,4.0,163.6278,166.51,mfcc_regression/Ses01M_script02_1_M020.npy
Ses01M_script02_1_M021,Session1,fru,2.0,3.5,3.0,168.02,175.22,mfcc_regression/Ses01M_script02_1_M021.npy
Ses01M_script02_1_M022,Session1,neu,3.0,3.5,3.0,176.49,178.1775,mfcc_regression/Ses01M_script02_1_M022.npy
Ses01M_script02_1_M023,Session1,neu,3.0,3.5,2.5,179.8,182.6525,mfcc_regression/Ses01M_script02_1_M023.npy
Ses01M_script02_1_M024,Session1,fru,3.0,4.0,4.0,183.82,191.96,mfcc_regression/Ses01M_script02_1_M024.npy
Ses01M_script02_1_M026,Session1,fru,2.0,2.5,2.5,195.3,197.14,mfcc_regression/Ses01M_script02_1_M026.npy
Ses01M_script02_1_M027,Session1,fru,2.5,3.5,3.0,200.4,205.8,mfcc_regression/Ses01M_script02_1_M027.npy
Ses01M_script02_1_M028,Session1,ang,2.5,4.0,3.5,205.8575,215.6599,mfcc_regression/Ses01M_script02_1_M028.npy
Ses01M_script02_1_M030,Session1,neu,2.5,3.5,2.5,247.92,249.52,mfcc_regression/Ses01M_script02_1_M030.npy
Ses01M_script02_1_M031,Session1,exc,3.0,3.5,3.5,250.59,266.32,mfcc_regression/Ses01M_script02_1_M031.npy
Ses01M_script02_1_M032,Session1,exc,2.5,3.5,4.0,266.4,274.4825,mfcc_regression/Ses01M_script02_1_M032.npy
Ses01M_script02_1_M034,Session1,fru,3.0,2.0,2.5,279.69,282.81,mfcc_regression/Ses01M_script02_1_M034.npy
Ses01M_script02_1_M035,Session1,fru,2.5,4.0,2.5,289.53,296.9725,mfcc_regression/Ses01M_script02_1_M035.npy
Ses01M_script02_1_M036,Session1,fru,3.0,3.5,3.5,297.08,305.09,mfcc_regression/Ses01M_script02_1_M036.npy
Ses01M_script02_1_M037,Session1,neu,3.0,3.5,3.0,317.78,320.0133,mfcc_regression/Ses01M_script02_1_M037.npy
Ses01M_script02_1_M039,Session1,neu,2.5,3.5,4.0,326.882,338.75,mfcc_regression/Ses01M_script02_1_M039.npy
Ses01M_script02_1_M040,Session1,exc,3.0,2.5,3.5,338.9269,347.0862,mfcc_regression/Ses01M_script02_1_M040.npy
Ses01M_script02_1_M041,Session1,exc,3.0,3.5,4.0,347.115,355.96,mfcc_regression/Ses01M_script02_1_M041.npy
Ses01M_script02_1_M042,Session1,exc,3.0,4.0,4.0,356.01,367.214,mfcc_regression/Ses01M_script02_1_M042.npy
Ses01M_script02_1_M043,Session1,exc,3.5,3.5,4.5,367.32,375.7175,mfcc_regression/Ses01M_script02_1_M043.npy
Ses01M_script02_1_M044,Session1,exc,3.0,4.0,4.0,375.8875,383.54,mfcc_regression/Ses01M_script02_1_M044.npy
Ses01M_script02_1_M045,Session1,exc,3.5,3.5,4.0,383.78,391.47,mfcc_regression/Ses01M_script02_1_M045.npy
Ses01M_script02_1_M046,Session1,exc,4.5,4.5,4.0,393.63,401.8275,mfcc_regression/Ses01M_script02_1_M046.npy
Ses01F_script01_1_F000,Session1,fru,2.0,2.3333,2.3333,6.21,9.32,mfcc_regression/Ses01F_script01_1_F000.npy
Ses01F_script01_1_F002,Session1,sur,2.3333,2.3333,2.6667,14.3063,19.5526,mfcc_regression/Ses01F_script01_1_F002.npy
Ses01F_script01_1_F005,Session1,neu,2.0,1.6667,2.0,40.02,44.9688,mfcc_regression/Ses01F_script01_1_F005.npy
Ses01F_script01_1_F009,Session1,fru,2.6667,2.6667,3.6667,78.3648,81.5611,mfcc_regression/Ses01F_script01_1_F009.npy
Ses01F_script01_1_F010,Session1,fru,2.6667,2.6667,3.0,100.14,102.3482,mfcc_regression/Ses01F_script01_1_F010.npy
Ses01F_script01_1_F011,Session1,fru,2.3333,3.3333,3.6667,104.29,108.7408,mfcc_regression/Ses01F_script01_1_F011.npy
Ses01F_script01_1_F012,Session1,fru,2.3333,3.0,4.0,117.8228,129.51,mfcc_regression/Ses01F_script01_1_F012.npy
Ses01F_script01_1_F014,Session1,fru,2.6667,1.6667,2.3333,150.27,152.6736,mfcc_regression/Ses01F_script01_1_F014.npy
Ses01F_script01_1_F015,Session1,neu,3.0,2.3333,3.0,156.1786,160.67,mfcc_regression/Ses01F_script01_1_F015.npy
Ses01F_script01_1_F021,Session1,fru,2.3333,4.0,4.0,205.16,215.17,mfcc_regression/Ses01F_script01_1_F021.npy
Ses01F_script01_1_F022,Session1,fru,2.3333,3.3333,2.3333,219.04,223.82,mfcc_regression/Ses01F_script01_1_F022.npy
Ses01F_script01_1_F023,Session1,fru,3.3333,2.6667,2.3333,235.2,238.56,mfcc_regression/Ses01F_script01_1_F023.npy
Ses01F_script01_1_F024,Session1,fru,2.6667,2.6667,2.6667,241.3769,245.1904,mfcc_regression/Ses01F_script01_1_F024.npy
Ses01F_script01_1_F025,Session1,fru,2.6667,3.3333,3.6667,246.8,251.4508,mfcc_regression/Ses01F_script01_1_F025.npy
Ses01F_script01_1_F026,Session1,fru,2.6667,2.6667,3.0,266.83,270.73,mfcc_regression/Ses01F_script01_1_F026.npy
Ses01F_script01_1_F027,Session1,fru,2.3333,2.3333,2.3333,274.1997,277.21,mfcc_regression/Ses01F_script01_1_F027.npy
Ses01F_script01_1_F028,Session1,fru,2.3333,2.0,2.3333,278.15,282.59,mfcc_regression/Ses01F_script01_1_F028.npy
Ses01F_script01_1_F029,Session1,fru,2.3333,3.6667,3.6667,282.73,286.92,mfcc_regression/Ses01F_script01_1_F029.npy
Ses01F_script01_1_F030,Session1,fru,2.6667,2.0,1.6667,299.31,302.195,mfcc_regression/Ses01F_script01_1_F030.npy
Ses01F_script01_1_F031,Session1,fru,2.3333,2.3333,1.6667,304.23,308.98,mfcc_regression/Ses01F_script01_1_F031.npy
Ses01F_script01_1_F032,Session1,fru,2.0,2.0,2.6667,309.04,312.7098,mfcc_regression/Ses01F_script01_1_F032.npy
Ses01F_script01_1_F033,Session1,fru,2.6667,2.6667,3.3333,312.74,318.2648,mfcc_regression/Ses01F_script01_1_F033.npy
Ses01F_script01_1_F034,Session1,neu,2.3333,2.6667,2.3333,323.3348,326.075,mfcc_regression/Ses01F_script01_1_F034.npy
Ses01F_script01_1_F035,Session1,ang,1.6667,3.6667,4.0,341.97,344.8052,mfcc_regression/Ses01F_script01_1_F035.npy
Ses01F_script01_1_F037,Session1,ang,1.3333,4.3333,4.3333,356.4,359.87,mfcc_regression/Ses01F_script01_1_F037.npy
Ses01F_script01_1_F038,Session1,ang,2.0,3.6667,3.6667,361.81,364.61,mfcc_regression/Ses01F_script01_1_F038.npy
Ses01F_script01_1_F039,Session1,fru,2.3333,3.0,3.6667,382.6,387.97,mfcc_regression/Ses01F_script01_1_F039.npy
Ses01F_script01_1_F040,Session1,fru,2.3333,2.6667,4.0,389.54,392.9042,mfcc_regression/Ses01F_script01_1_F040.npy
Ses01F_script01_1_F041,Session1,ang,1.6667,4.6667,4.3333,394.91,404.69,mfcc_regression/Ses01F_script01_1_F041.npy
Ses01F_script01_1_F042,Session1,ang,2.0,4.0,3.6667,406.39,409.46,mfcc_regression/Ses01F_script01_1_F042.npy
Ses01F_script01_1_F043,Session1,fru,2.3333,2.3333,2.0,412.7875,416.2484,mfcc_regression/Ses01F_script01_1_F043.npy
Ses01F_script01_1_F044,Session1,fru,2.3333,1.3333,1.3333,420.35,423.2141,mfcc_regression/Ses01F_script01_1_F044.npy
Ses01F_script01_1_M000,Session1,neu,3.0,1.6667,2.3333,11.9892,15.1219,mfcc_regression/Ses01F_script01_1_M000.npy
Ses01F_script01_1_M001,Session1,neu,3.0,2.0,2.3333,19.0456,22.3962,mfcc_regression/Ses01F_script01_1_M001.npy
Ses01F_script01_1_M002,Session1,neu,2.6667,3.0,2.3333,24.8,35.9971,mfcc_regression/Ses01F_script01_1_M002.npy
Ses01F_script01_1_M003,Session1,neu,3.0,2.0,2.0,38.66,40.53,mfcc_regression/Ses01F_script01_1_M003.npy
Ses01F_script01_1_M004,Session1,neu,3.0,2.0,2.0,44.55,47.23,mfcc_regression/Ses01F_script01_1_M004.npy
Ses01F_script01_1_M005,Session1,fru,2.6667,2.6667,2.3333,51.43,59.55,mfcc_regression/Ses01F_script01_1_M005.npy
Ses01F_script01_1_M007,Session1,neu,2.6667,3.0,3.0,70.0764,78.8718,mfcc_regression/Ses01F_script01_1_M007.npy
Ses01F_script01_1_M008,Session1,fru,2.3333,2.6667,3.0,81.4068,89.4307,mfcc_regression/Ses01F_script01_1_M008.npy
Ses01F_script01_1_M009,Session1,fru,2.3333,3.6667,3.6667,89.7172,101.38,mfcc_regression/Ses01F_script01_1_M009.npy
Ses01F_script01_1_M010,Session1,neu,3.0,3.3333,3.6667,102.1,104.72,mfcc_regression/Ses01F_script01_1_M010.npy
Ses01F_script01_1_M011,Session1,fru,2.3333,2.3333,3.3333,108.1897,118.47,mfcc_regression/Ses01F_script01_1_M011.npy
Ses01F_script01_1_M012,Session1,neu,3.0,1.3333,2.0,130.76,134.59,mfcc_regression/Ses01F_script01_1_M012.npy
Ses01F_script01_1_M013,Session1,fru,3.0,2.3333,2.3333,141.05,149.75,mfcc_regression/Ses01F_script01_1_M013.npy
Ses01F_script01_1_M014,Session1,neu,3.0,1.6667,2.3333,153.886,155.8699,mfcc_regression/Ses01F_script01_1_M014.npy
Ses01F_script01_1_M015,Session1,neu,3.0,1.6667,2.6667,161.998,165.3487,mfcc_regression/Ses01F_script01_1_M015.npy
Ses01F_script01_1_M016,Session1,neu,3.6667,2.6667,2.3333,169.7574,172.18,mfcc_regression/Ses01F_script01_1_M016.npy
Ses01F_script01_1_M017,Session1,neu,3.0,2.6667,2.6667,174.7833,177.72,mfcc_regression/Ses01F_script01_1_M017.npy
Ses01F_script01_1_M018,Session1,fru,3.0,3.3333,3.6667,179.28,181.9475,mfcc_regression/Ses01F_script01_1_M018.npy
Ses01F_script01_1_M019,Session1,ang,2.0,4.3333,4.0,185.03,195.28,mfcc_regression/Ses01F_script01_1_M019.npy
Ses01F_script01_1_M020,Session1,fru,2.6667,4.0,3.6667,197.6,199.7475,mfcc_regression/Ses01F_script01_1_M020.npy
Ses01F_script01_1_M021,Session1,fru,2.0,3.0,2.3333,224.7,236.05,mfcc_regression/Ses01F_script01_1_M021.npy
Ses01F_script01_1_M022,Session1,fru,2.0,3.3333,3.3333,237.8,240.429,mfcc_regression/Ses01F_script01_1_M022.npy
Ses01F_script01_1_M023,Session1,neu,3.0,2.0,2.3333,245.2786,247.57,mfcc_regression/Ses01F_script01_1_M023.npy
Ses01F_script01_1_M024,Session1,neu,2.6667,1.6667,2.0,251.2965,261.05,mfcc_regression/Ses01F_script01_1_M024.npy
Ses01F_script01_1_M025,Session1,neu,2.6667,2.0,3.0,262.65,267.2119,mfcc_regression/Ses01F_script01_1_M025.npy
Ses01F_script01_1_M026,Session1,fru,2.0,3.3333,3.0,269.73,274.6626,mfcc_regression/Ses01F_script01_1_M026.npy
Ses01F_script01_1_M027,Session1,fru,3.0,2.6667,2.6667,276.24,278.3659,mfcc_regression/Ses01F_script01_1_M027.npy
Ses01F_script01_1_M028,Session1,fru,2.0,3.0,1.6667,281.57,283.89,mfcc_regression/Ses01F_script01_1_M028.npy
Ses01F_script01_1_M029,Session1,fru,2.6667,3.0,3.3333,285.96,296.03,mfcc_regression/Ses01F_script01_1_M029.npy
Ses01F_script01_1_M030,Session1,fru,1.6667,4.3333,4.6667,297.0,300.07,mfcc_regression/Ses01F_script01_1_M030.npy
Ses01F_script01_1_M031,Session1,fru,2.0,2.0,1.3333,318.2868,321.98,mfcc_regression/Ses01F_script01_1_M031.npy
Ses01F_script01_1_M032,Session1,fru,2.6667,3.6667,3.3333,325.73,336.5389,mfcc_regression/Ses01F_script01_1_M032.npy
Ses01F_script01_1_M033,Session1,fru,2.0,2.0,3.0,336.7373,342.3143,mfcc_regression/Ses01F_script01_1_M033.npy
Ses01F_script01_1_M034,Session1,neu,3.0,2.6667,3.3333,344.4966,350.15,mfcc_regression/Ses01F_script01_1_M034.npy
Ses01F_script01_1_M035,Session1,fru,2.3333,2.3333,2.3333,352.1016,356.88,mfcc_regression/Ses01F_script01_1_M035.npy
Ses01F_script01_1_M036,Session1,fru,3.0,3.3333,3.0,359.03,362.82,mfcc_regression/Ses01F_script01_1_M036.npy
Ses01F_script01_1_M037,Session1,fru,3.0,4.0,4.0,363.87,373.5675,mfcc_regression/Ses01F_script01_1_M037.npy
Ses01F_script01_1_M038,Session1,fru,2.6667,3.6667,3.6667,373.5975,383.15,mfcc_regression/Ses01F_script01_1_M038.npy
Ses01F_script01_1_M039,Session1,neu,3.0,1.6667,2.0,387.5,390.11,mfcc_regression/Ses01F_script01_1_M039.npy
Ses01F_script01_1_M040,Session1,neu,3.0,1.6667,2.0,392.31,395.69,mfcc_regression/Ses01F_script01_1_M040.npy
Ses01F_script01_1_M041,Session1,fru,2.6667,2.6667,2.3333,403.43,407.04,mfcc_regression/Ses01F_script01_1_M041.npy
Ses01F_script01_1_M042,Session1,fru,3.0,2.6667,3.6667,408.96,412.8536,mfcc_regression/Ses01F_script01_1_M042.npy
Ses01F_script01_1_M043,Session1,fru,3.0,2.3333,3.3333,415.92,420.4807,mfcc_regression/Ses01F_script01_1_M043.npy
Ses01F_impro04_F000,Session1,neu,3.0,3.0,3.0,7.2455,11.64,mfcc_regression/Ses01F_impro04_F000.npy
Ses01F_impro04_F001,Session1,neu,2.5,2.5,3.0,11.7448,16.15,mfcc_regression/Ses01F_impro04_F001.npy
Ses01F_impro04_F002,Session1,fru,2.5,3.5,3.0,18.6,30.8976,mfcc_regression/Ses01F_impro04_F002.npy
Ses01F_impro04_F005,Session1,neu,3.0,2.0,2.5,43.35,45.7596,mfcc_regression/Ses01F_impro04_F005.npy
Ses01F_impro04_F006,Session1,neu,3.0,3.5,3.5,46.2735,49.83,mfcc_regression/Ses01F_impro04_F006.npy
Ses01F_impro04_F007,Session1,fru,3.0,3.5,4.0,50.11,54.31,mfcc_regression/Ses01F_impro04_F007.npy
Ses01F_impro04_F009,Session1,neu,2.5,2.5,2.5,58.71,60.0937,mfcc_regression/Ses01F_impro04_F009.npy
Ses01F_impro04_F013,Session1,neu,3.0,3.5,3.5,76.49,80.7269,mfcc_regression/Ses01F_impro04_F013.npy
Ses01F_impro04_F014,Session1,neu,2.5,3.0,2.5,85.49,86.98,mfcc_regression/Ses01F_impro04_F014.npy
Ses01F_impro04_F016,Session1,fru,2.0,4.0,3.5,97.41,101.0475,mfcc_regression/Ses01F_impro04_F016.npy
Ses01F_impro04_F017,Session1,fru,2.0,4.5,4.0,102.78,105.415,mfcc_regression/Ses01F_impro04_F017.npy
Ses01F_impro04_F018,Session1,fru,2.0,4.5,3.5,106.17,111.86,mfcc_regression/Ses01F_impro04_F018.npy
Ses01F_impro04_F019,Session1,fru,3.0,3.5,3.0,114.92,122.31,mfcc_regression/Ses01F_impro04_F019.npy
Ses01F_impro04_F021,Session1,fru,2.0,2.0,3.0,133.74,137.44,mfcc_regression/Ses01F_impro04_F021.npy
Ses01F_impro04_F022,Session1,fru,2.0,2.0,2.5,138.13,139.89,mfcc_regression/Ses01F_impro04_F022.npy
Ses01F_impro04_F023,Session1,fru,2.0,2.5,3.0,148.55,152.85,mfcc_regression/Ses01F_impro04_F023.npy
Ses01F_impro04_F024,Session1,fru,2.5,2.5,3.5,153.18,155.2925,mfcc_regression/Ses01F_impro04_F024.npy
Ses01F_impro04_F025,Session1,fru,2.5,2.5,3.0,157.1625,159.7,mfcc_regression/Ses01F_impro04_F025.npy
Ses01F_impro04_F026,Session1,fru,2.5,2.0,3.5,161.0787,163.78,mfcc_regression/Ses01F_impro04_F026.npy
Ses01F_impro04_F027,Session1,fru,2.5,2.0,3.0,164.3925,167.565,mfcc_regression/Ses01F_impro04_F027.npy
Ses01F_impro04_F028,Session1,ang,2.0,3.5,3.5,170.83,172.84,mfcc_regression/Ses01F_impro04_F028.npy
Ses01F_impro04_F029,Session1,ang,1.5,4.0,4.0,175.27,178.43,mfcc_regression/Ses01F_impro04_F029.npy
Ses01F_impro04_F030,Session1,ang,1.5,3.5,4.0,180.3025,183.4875,mfcc_regression/Ses01F_impro04_F030.npy
Ses01F_impro04_F031,Session1,ang,1.5,3.0,3.5,184.47,188.87,mfcc_regression/Ses01F_impro04_F031.npy
Ses01F_impro04_F032,Session1,ang,2.0,3.5,3.5,189.12,192.02,mfcc_regression/Ses01F_impro04_F032.npy
Ses01F_impro04_F033,Session1,ang,1.5,3.5,4.5,193.5875,199.4325,mfcc_regression/Ses01F_impro04_F033.npy
Ses01F_impro04_M000,Session1,neu,3.0,2.5,2.5,2.7418,6.6575,mfcc_regression/Ses01F_impro04_M000.npy
Ses01F_impro04_M001,Session1,neu,3.0,2.5,2.0,10.46,12.13,mfcc_regression/Ses01F_impro04_M001.npy
Ses01F_impro04_M002,Session1,neu,3.0,2.5,3.0,15.64,18.9,mfcc_regression/Ses01F_impro04_M002.npy
Ses01F_impro04_M003,Session1,neu,3.0,2.5,2.5,26.91,28.71,mfcc_regression/Ses01F_impro04_M003.npy
Ses01F_impro04_M004,Session1,neu,3.0,3.0,3.0,30.88,35.5225,mfcc_regression/Ses01F_impro04_M004.npy
Ses01F_impro04_M005,Session1,neu,3.0,3.0,3.0,37.19,40.53,mfcc_regression/Ses01F_impro04_M005.npy
Ses01F_impro04_M006,Session1,neu,3.0,3.5,2.5,40.54,43.576,mfcc_regression/Ses01F_impro04_M006.npy
Ses01F_impro04_M007,Session1,neu,3.5,3.0,2.5,49.39,50.58,mfcc_regression/Ses01F_impro04_M007.npy
Ses01F_impro04_M008,Session1,neu,3.0,3.0,2.5,55.21,56.33,mfcc_regression/Ses01F_impro04_M008.npy
Ses01F_impro04_M009,Session1,neu,3.0,3.0,3.0,56.35,59.0245,mfcc_regression/Ses01F_impro04_M009.npy
Ses01F_impro04_M010,Session1,neu,3.0,2.5,2.0,59.8,61.55,mfcc_regression/Ses01F_impro04_M010.npy
Ses01F_impro04_M011,Session1,neu,3.0,3.0,2.5,65.97,69.77,mfcc_regression/Ses01F_impro04_M011.npy
Ses01F_impro04_M012,Session1,neu,3.0,3.0,2.5,70.38,72.7264,mfcc_regression/Ses01F_impro04_M012.npy
Ses01F_impro04_M013,Session1,neu,3.0,2.0,3.0,73.7473,77.15,mfcc_regression/Ses01F_impro04_M013.npy
Ses01F_impro04_M014,Session1,neu,3.5,3.5,3.5,80.1435,87.81,mfcc_regression/Ses01F_impro04_M014.npy
Ses01F_impro04_M015,Session1,neu,2.5,3.5,3.0,92.37,99.27,mfcc_regression/Ses01F_impro04_M015.npy
Ses01F_impro04_M016,Session1,neu,3.0,2.5,2.5,100.485,103.47,mfcc_regression/Ses01F_impro04_M016.npy
Ses01F_impro04_M017,Session1,neu,3.0,3.5,3.0,104.97,107.78,mfcc_regression/Ses01F_impro04_M017.npy
Ses01F_impro04_M018,Session1,neu,3.0,3.5,3.0,111.66,117.725,mfcc_regression/Ses01F_impro04_M018.npy
Ses01F_impro04_M019,Session1,neu,3.0,2.5,2.5,118.46,119.77,mfcc_regression/Ses01F_impro04_M019.npy
Ses01F_impro04_M020,Session1,neu,3.0,2.5,2.5,121.5,123.42,mfcc_regression/Ses01F_impro04_M020.npy
Ses01F_impro04_M021,Session1,neu,3.5,3.5,3.0,129.43,139.16,mfcc_regression/Ses01F_impro04_M021.npy
Ses01F_impro04_M022,Session1,neu,3.0,2.5,2.5,139.5219,141.8225,mfcc_regression/Ses01F_impro04_M022.npy
Ses01F_impro04_M023,Session1,neu,2.5,2.5,2.0,144.9125,149.51,mfcc_regression/Ses01F_impro04_M023.npy
Ses01F_impro04_M024,Session1,neu,3.0,2.5,3.0,151.84,154.03,mfcc_regression/Ses01F_impro04_M024.npy
Ses01F_impro04_M025,Session1,neu,3.0,3.5,3.5,154.6,157.8,mfcc_regression/Ses01F_impro04_M025.npy
Ses01F_impro04_M026,Session1,neu,3.5,3.0,3.0,158.95,161.35,mfcc_regression/Ses01F_impro04_M026.npy
Ses01F_impro04_M027,Session1,neu,3.5,3.5,3.5,162.12,164.7825,mfcc_regression/Ses01F_impro04_M027.npy
Ses01F_impro04_M028,Session1,neu,3.0,2.5,2.0,165.47,166.71,mfcc_regression/Ses01F_impro04_M028.npy
Ses01F_impro04_M029,Session1,fru,2.5,3.5,3.5,167.05,171.43,mfcc_regression/Ses01F_impro04_M029.npy
Ses01F_impro04_M030,Session1,fru,2.5,2.5,3.0,171.75,175.26,mfcc_regression/Ses01F_impro04_M030.npy
Ses01F_impro04_M031,Session1,neu,3.0,2.5,2.5,178.0033,180.865,mfcc_regression/Ses01F_impro04_M031.npy
Ses01F_impro04_M032,Session1,neu,2.5,2.0,1.5,182.82,185.54,mfcc_regression/Ses01F_impro04_M032.npy
Ses01F_impro04_M034,Session1,fru,2.5,2.0,2.0,188.01,190.71,mfcc_regression/Ses01F_impro04_M034.npy
Ses01F_impro04_M035,Session1,fru,2.0,3.5,3.0,191.28,195.13,mfcc_regression/Ses01F_impro04_M035.npy
Ses01F_impro05_F000,Session1,fru,4.0,2.0,1.5,4.24,5.23,mfcc_regression/Ses01F_impro05_F000.npy
Ses01F_impro05_F001,Session1,fru,2.0,2.5,2.5,5.26,7.16,mfcc_regression/Ses01F_impro05_F001.npy
Ses01F_impro05_F002,Session1,fru,2.5,2.5,3.5,7.35,8.85,mfcc_regression/Ses01F_impro05_F002.npy
Ses01F_impro05_F003,Session1,fru,2.0,3.0,3.5,9.2,13.02,mfcc_regression/Ses01F_impro05_F003.npy
Ses01F_impro05_F004,Session1,fru,2.0,3.5,3.5,13.04,22.74,mfcc_regression/Ses01F_impro05_F004.npy
Ses01F_impro05_F005,Session1,fru,2.5,3.0,3.0,25.35,26.76,mfcc_regression/Ses01F_impro05_F005.npy
Ses01F_impro05_F007,Session1,fru,2.5,3.0,3.5,32.19,33.5,mfcc_regression/Ses01F_impro05_F007.npy
Ses01F_impro05_F008,Session1,ang,2.5,2.5,3.5,33.78,35.9,mfcc_regression/Ses01F_impro05_F008.npy
Ses01F_impro05_F009,Session1,ang,2.5,2.5,3.5,36.71,44.03,mfcc_regression/Ses01F_impro05_F009.npy
Ses01F_impro05_F011,Session1,ang,2.0,4.5,3.5,73.87,75.5375,mfcc_regression/Ses01F_impro05_F011.npy
Ses01F_impro05_F012,Session1,ang,2.5,3.5,3.0,75.61,80.73,mfcc_regression/Ses01F_impro05_F012.npy
Ses01F_impro05_F014,Session1,ang,1.5,4.0,4.0,99.52,102.9,mfcc_regression/Ses01F_impro05_F014.npy
Ses01F_impro05_F015,Session1,ang,1.5,4.5,4.5,103.005,118.5,mfcc_regression/Ses01F_impro05_F015.npy
Ses01F_impro05_F016,Session1,ang,1.5,4.5,4.0,118.53,122.44,mfcc_regression/Ses01F_impro05_F016.npy
Ses01F_impro05_F017,Session1,ang,1.5,5.0,4.5,127.485,136.85,mfcc_regression/Ses01F_impro05_F017.npy
Ses01F_impro05_F018,Session1,ang,1.5,4.0,4.0,137.715,140.11,mfcc_regression/Ses01F_impro05_F018.npy
Ses01F_impro05_F019,Session1,ang,1.5,4.0,4.5,140.225,145.6,mfcc_regression/Ses01F_impro05_F019.npy
Ses01F_impro05_F020,Session1,ang,1.5,4.5,4.5,149.365,153.8,mfcc_regression/Ses01F_impro05_F020.npy
Ses01F_impro05_F021,Session1,ang,1.5,4.5,4.5,155.6,160.36,mfcc_regression/Ses01F_impro05_F021.npy
Ses01F_impro05_F022,Session1,ang,1.5,4.5,4.0,160.41,163.7975,mfcc_regression/Ses01F_impro05_F022.npy
Ses01F_impro05_F023,Session1,ang,2.0,3.0,4.0,163.88,165.8,mfcc_regression/Ses01F_impro05_F023.npy
Ses01F_impro05_F024,Session1,ang,2.0,3.0,4.0,166.33,167.71,mfcc_regression/Ses01F_impro05_F024.npy
Ses01F_impro05_F025,Session1,ang,1.5,4.5,4.5,171.09,174.2,mfcc_regression/Ses01F_impro05_F025.npy
Ses01F_impro05_F026,Session1,ang,2.0,3.5,3.5,177.6025,179.09,mfcc_regression/Ses01F_impro05_F026.npy
Ses01F_impro05_F028,Session1,ang,2.0,3.0,4.0,188.78,190.8975,mfcc_regression/Ses01F_impro05_F028.npy
Ses01F_impro05_F029,Session1,ang,1.5,3.0,3.5,195.38,199.33,mfcc_regression/Ses01F_impro05_F029.npy
Ses01F_impro05_F030,Session1,ang,2.0,3.0,3.5,202.86,206.17,mfcc_regression/Ses01F_impro05_F030.npy
Ses01F_impro05_M000,Session1,neu,4.0,2.5,2.0,3.61,5.19,mfcc_regression/Ses01F_impro05_M000.npy
Ses01F_impro05_M001,Session1,hap,4.0,2.5,2.0,5.21,6.44,mfcc_regression/Ses01F_impro05_M001.npy
Ses01F_impro05_M002,Session1,hap,4.0,2.5,2.0,6.6,7.71,mfcc_regression/Ses01F_impro05_M002.npy
Ses01F_impro05_M003,Session1,neu,4.0,2.5,2.0,8.32,9.8,mfcc_regression/Ses01F_impro05_M003.npy
Ses01F_impro05_M004,Session1,neu,3.5,1.5,2.0,12.26,13.78,mfcc_regression/Ses01F_impro05_M004.npy
Ses01F_impro05_M005,Session1,neu,3.5,2.5,2.0,21.84,25.9,mfcc_regression/Ses01F_impro05_M005.npy
Ses01F_impro05_M006,Session1,neu,3.5,2.5,2.0,25.99,27.7272,mfcc_regression/Ses01F_impro05_M006.npy
Ses01F_impro05_M007,Session1,neu,3.5,2.5,2.0,28.29,34.1425,mfcc_regression/Ses01F_impro05_M007.npy
Ses01F_impro05_M008,Session1,neu,3.0,2.5,2.0,34.7,36.52,mfcc_regression/Ses01F_impro05_M008.npy
Ses01F_impro05_M009,Session1,neu,2.5,2.5,2.0,36.91,42.76,mfcc_regression/Ses01F_impro05_M009.npy
Ses01F_impro05_M010,Session1,neu,2.5,2.5,2.0,43.86,49.97,mfcc_regression/Ses01F_impro05_M010.npy
Ses01F_impro05_M011,Session1,neu,2.5,2.5,2.0,49.97,70.26,mfcc_regression/Ses01F_impro05_M011.npy
Ses01F_impro05_M012,Session1,neu,2.5,2.0,1.5,70.38,73.14,mfcc_regression/Ses01F_impro05_M012.npy
Ses01F_impro05_M013,Session1,neu,2.5,2.0,1.5,73.55,74.99,mfcc_regression/Ses01F_impro05_M013.npy
Ses01F_impro05_M014,Session1,neu,2.5,2.5,1.5,75.03,76.48,mfcc_regression/Ses01F_impro05_M014.npy
Ses01F_impro05_M015,Session1,neu,2.5,2.0,1.5,80.22,83.2425,mfcc_regression/Ses01F_impro05_M015.npy
Ses01F_impro05_M016,Session1,neu,2.5,2.5,2.0,85.72,93.9575,mfcc_regression/Ses01F_impro05_M016.npy
Ses01F_impro05_M017,Session1,neu,2.5,2.5,2.5,94.005,100.4,mfcc_regression/Ses01F_impro05_M017.npy
Ses01F_impro05_M019,Session1,neu,2.5,2.0,2.0,111.28,112.81,mfcc_regression/Ses01F_impro05_M019.npy
Ses01F_impro05_M020,Session1,neu,2.5,2.0,2.0,118.04,119.37,mfcc_regression/Ses01F_impro05_M020.npy
Ses01F_impro05_M022,Session1,neu,2.5,2.0,2.0,131.02,133.25,mfcc_regression/Ses01F_impro05_M022.npy
Ses01F_impro05_M023,Session1,neu,2.5,3.5,2.5,136.19,143.5,mfcc_regression/Ses01F_impro05_M023.npy
Ses01F_impro05_M024,Session1,neu,2.5,3.0,2.5,144.85,151.16,mfcc_regression/Ses01F_impro05_M024.npy
Ses01F_impro05_M025,Session1,neu,2.5,2.5,2.0,151.335,152.71,mfcc_regression/Ses01F_impro05_M025.npy
Ses01F_impro05_M026,Session1,neu,2.5,2.5,2.5,152.8325,158.58,mfcc_regression/Ses01F_impro05_M026.npy
Ses01F_impro05_M027,Session1,neu,2.5,2.5,2.0,159.66,161.37,mfcc_regression/Ses01F_impro05_M027.npy
Ses01F_impro05_M028,Session1,neu,2.5,2.5,2.0,163.25,166.99,mfcc_regression/Ses01F_impro05_M028.npy
Ses01F_impro05_M029,Session1,neu,2.5,2.5,2.5,167.15,173.63,mfcc_regression/Ses01F_impro05_M029.npy
Ses01F_impro05_M030,Session1,neu,3.0,2.5,2.0,173.7325,178.2625,mfcc_regression/Ses01F_impro05_M030.npy
Ses01F_impro05_M031,Session1,neu,3.0,2.5,2.5,178.59,180.87,mfcc_regression/Ses01F_impro05_M031.npy
Ses01F_impro05_M032,Session1,sur,3.0,2.5,2.0,183.14,189.3875,mfcc_regression/Ses01F_impro05_M032.npy
Ses01F_impro05_M033,Session1,sur,2.5,3.0,2.0,190.23,196.9,mfcc_regression/Ses01F_impro05_M033.npy
Ses01F_impro05_M034,Session1,neu,2.5,2.5,2.5,198.66,205.17,mfcc_regression/Ses01F_impro05_M034.npy
Ses01F_impro05_M035,Session1,neu,2.5,2.0,1.5,205.63,211.94,mfcc_regression/Ses01F_impro05_M035.npy
Ses01F_impro07_F000,Session1,exc,5.0,5.0,4.5,3.95,10.59,mfcc_regression/Ses01F_impro07_F000.npy
Ses01F_impro07_F002,Session1,exc,4.0,4.0,3.0,19.61,31.65,mfcc_regression/Ses01F_impro07_F002.npy
Ses01F_impro07_F003,Session1,exc,4.5,4.5,4.5,32.52,34.9,mfcc_regression/Ses01F_impro07_F003.npy
Ses01F_impro07_F004,Session1,exc,3.0,3.5,3.0,37.1625,42.49,mfcc_regression/Ses01F_impro07_F004.npy
Ses01F_impro07_F005,Session1,exc,5.0,4.5,4.5,42.955,45.885,mfcc_regression/Ses01F_impro07_F005.npy
Ses01F_impro07_F009,Session1,exc,4.0,3.0,2.5,81.0275,83.305,mfcc_regression/Ses01F_impro07_F009.npy
Ses01F_impro07_F010,Session1,exc,5.0,4.5,4.0,84.51,88.31,mfcc_regression/Ses01F_impro07_F010.npy
Ses01F_impro07_F012,Session1,exc,4.5,4.0,3.5,94.86,100.74,mfcc_regression/Ses01F_impro07_F012.npy
Ses01F_impro07_F013,Session1,exc,4.5,4.0,4.0,103.26,110.46,mfcc_regression/Ses01F_impro07_F013.npy
Ses01F_impro07_F016,Session1,exc,4.5,3.5,3.0,133.3125,142.3625,mfcc_regression/Ses01F_impro07_F016.npy
Ses01F_impro07_M000,Session1,exc,3.5,3.0,2.0,2.97,4.78,mfcc_regression/Ses01F_impro07_M000.npy
Ses01F_impro07_M001,Session1,exc,4.5,4.5,4.0,7.5325,11.96,mfcc_regression/Ses01F_impro07_M001.npy
Ses01F_impro07_M002,Session1,exc,4.5,4.0,4.0,13.92,19.09,mfcc_regression/Ses01F_impro07_M002.npy
Ses01F_impro07_M003,Session1,exc,4.5,3.5,2.5,20.68,28.06,mfcc_regression/Ses01F_impro07_M003.npy
Ses01F_impro07_M004,Session1,exc,4.0,4.0,3.0,30.915,38.81,mfcc_regression/Ses01F_impro07_M004.npy
Ses01F_impro07_M005,Session1,exc,4.5,4.5,3.5,41.17,46.9975,mfcc_regression/Ses01F_impro07_M005.npy
Ses01F_impro07_M006,Session1,exc,4.5,4.5,3.5,47.11,52.8125,mfcc_regression/Ses01F_impro07_M006.npy
Ses01F_impro07_M007,Session1,exc,4.5,4.5,4.5,54.16,63.28,mfcc_regression/Ses01F_impro07_M007.npy
Ses01F_impro07_M008,Session1,exc,4.0,3.0,3.0,64.6275,67.24,mfcc_regression/Ses01F_impro07_M008.npy
Ses01F_impro07_M009,Session1,exc,3.5,4.0,3.5,67.725,74.0325,mfcc_regression/Ses01F_impro07_M009.npy
Ses01F_impro07_M012,Session1,neu,3.0,2.5,3.0,82.6575,87.1025,mfcc_regression/Ses01F_impro07_M012.npy
Ses01F_impro07_M013,Session1,neu,4.0,2.5,2.5,87.5875,90.65,mfcc_regression/Ses01F_impro07_M013.npy
Ses01F_impro07_M014,Session1,exc,4.0,4.5,3.0,94.29,99.37,mfcc_regression/Ses01F_impro07_M014.npy
Ses01F_impro07_M015,Session1,exc,4.5,4.0,3.5,99.9875,110.54,mfcc_regression/Ses01F_impro07_M015.npy
Ses01F_impro07_M017,Session1,exc,4.0,3.5,2.5,116.28,119.8507,mfcc_regression/Ses01F_impro07_M017.npy
Ses01F_impro07_M018,Session1,neu,4.0,3.0,3.0,123.2575,128.04,mfcc_regression/Ses01F_impro07_M018.npy
Ses01F_impro07_M019,Session1,hap,4.5,4.0,3.0,128.54,141.685,mfcc_regression/Ses01F_impro07_M019.npy
Ses01F_impro06_F002,Session1,sad,2.0,1.5,2.5,26.07,27.65,mfcc_regression/Ses01F_impro06_F002.npy
Ses01F_impro06_F003,Session1,neu,3.0,2.0,2.5,34.45,35.78,mfcc_regression/Ses01F_impro06_F003.npy
Ses01F_impro06_F004,Session1,neu,3.5,2.0,3.0,36.07,38.04,mfcc_regression/Ses01F_impro06_F004.npy
Ses01F_impro06_F005,Session1,sad,2.0,2.0,4.0,39.6025,46.29,mfcc_regression/Ses01F_impro06_F005.npy
Ses01F_impro06_F006,Session1,sad,3.5,3.0,4.0,47.34,59.38,mfcc_regression/Ses01F_impro06_F006.npy
Ses01F_impro06_F007,Session1,sad,3.5,3.0,4.0,59.4525,67.4525,mfcc_regression/Ses01F_impro06_F007.npy
Ses01F_impro06_F008,Session1,sad,2.5,3.5,3.5,70.22,80.13,mfcc_regression/Ses01F_impro06_F008.npy
Ses01F_impro06_F009,Session1,neu,2.5,3.0,3.5,80.16,87.74,mfcc_regression/Ses01F_impro06_F009.npy
Ses01F_impro06_F010,Session1,sad,2.0,2.5,3.5,87.83,93.67,mfcc_regression/Ses01F_impro06_F010.npy
Ses01F_impro06_F011,Session1,sad,2.0,3.0,4.0,101.83,116.91,mfcc_regression/Ses01F_impro06_F011.npy
Ses01F_impro06_F012,Session1,sad,2.0,3.5,4.5,117.07,126.04,mfcc_regression/Ses01F_impro06_F012.npy
Ses01F_impro06_F013,Session1,sad,2.0,2.0,2.0,132.9575,134.49,mfcc_regression/Ses01F_impro06_F013.npy
Ses01F_impro06_F014,Session1,sad,3.0,3.0,2.5,135.96,137.95,mfcc_regression/Ses01F_impro06_F014.npy
Ses01F_impro06_F015,Session1,sad,2.0,2.0,2.5,138.0685,141.05,mfcc_regression/Ses01F_impro06_F015.npy
Ses01F_impro06_F016,Session1,neu,4.0,3.0,3.5,141.84,149.4375,mfcc_regression/Ses01F_impro06_F016.npy
Ses01F_impro06_F018,Session1,neu,4.0,3.0,3.5,167.64,174.84,mfcc_regression/Ses01F_impro06_F018.npy
Ses01F_impro06_F019,Session1,neu,2.5,2.0,2.5,176.35,178.01,mfcc_regression/Ses01F_impro06_F019.npy
Ses01F_impro06_F020,Session1,sad,2.5,3.0,4.0,182.56,197.73,mfcc_regression/Ses01F_impro06_F020.npy
Ses01F_impro06_F021,Session1,sad,2.0,3.0,4.0,197.755,214.34,mfcc_regression/Ses01F_impro06_F021.npy
Ses01F_impro06_F022,Session1,sad,4.0,3.0,3.5,217.5,222.41,mfcc_regression/Ses01F_impro06_F022.npy
Ses01F_impro06_F023,Session1,sad,2.5,2.0,2.5,223.52,227.55,mfcc_regression/Ses01F_impro06_F023.npy
Ses01F_impro06_F024,Session1,sad,1.5,2.0,3.0,229.08,235.98,mfcc_regression/Ses01F_impro06_F024.npy
Ses01F_impro06_F025,Session1,sad,3.0,3.5,4.5,237.53,256.48,mfcc_regression/Ses01F_impro06_F025.npy
Ses01F_impro06_F026,Session1,sad,3.0,3.0,3.5,266.55,275.31,mfcc_regression/Ses01F_impro06_F026.npy
Ses01F_impro06_F027,Session1,neu,2.0,2.0,3.5,275.38,281.6,mfcc_regression/Ses01F_impro06_F027.npy
Ses01F_impro06_F028,Session1,sad,3.0,3.5,4.0,282.01,311.14,mfcc_regression/Ses01F_impro06_F028.npy
Ses01F_impro06_M000,Session1,sad,2.5,2.0,3.0,11.46,14.74,mfcc_regression/Ses01F_impro06_M000.npy
Ses01F_impro06_M001,Session1,neu,2.5,3.0,3.5,18.49,24.91,mfcc_regression/Ses01F_impro06_M001.npy
Ses01F_impro06_M002,Session1,neu,2.5,2.0,3.0,25.12,26.56,mfcc_regression/Ses01F_impro06_M002.npy
Ses01F_impro06_M003,Session1,sad,2.5,2.0,3.5,28.97,35.02,mfcc_regression/Ses01F_impro06_M003.npy
Ses01F_impro06_M004,Session1,neu,3.0,3.0,2.5,56.17,57.49,mfcc_regression/Ses01F_impro06_M004.npy
Ses01F_impro06_M005,Session1,neu,3.0,2.0,2.5,86.96,88.63,mfcc_regression/Ses01F_impro06_M005.npy
Ses01F_impro06_M006,Session1,neu,3.0,2.0,2.5,107.78,109.27,mfcc_regression/Ses01F_impro06_M006.npy
Ses01F_impro06_M007,Session1,sad,3.0,2.0,2.5,125.47,127.19,mfcc_regression/Ses01F_impro06_M007.npy
Ses01F_impro06_M008,Session1,neu,3.0,2.5,2.5,134.4,136.49,mfcc_regression/Ses01F_impro06_M008.npy
Ses01F_impro06_M009,Session1,neu,3.0,2.5,2.5,137.09,138.44,mfcc_regression/Ses01F_impro06_M009.npy
Ses01F_impro06_M010,Session1,neu,3.0,2.5,3.0,144.09,145.68,mfcc_regression/Ses01F_impro06_M010.npy
Ses01F_impro06_M011,Session1,neu,3.0,2.0,3.0,155.07,158.38,mfcc_regression/Ses01F_impro06_M011.npy
Ses01F_impro06_M012,Session1,neu,2.5,2.5,2.5,165.61,168.1,mfcc_regression/Ses01F_impro06_M012.npy
Ses01F_impro06_M013,Session1,neu,3.0,2.5,2.5,174.39,177.15,mfcc_regression/Ses01F_impro06_M013.npy
Ses01F_impro06_M014,Session1,neu,3.0,2.5,2.0,219.73,221.03,mfcc_regression/Ses01F_impro06_M014.npy
Ses01F_impro06_M015,Session1,neu,3.0,3.0,2.5,255.35,257.31,mfcc_regression/Ses01F_impro06_M015.npy
Ses01F_impro06_M016,Session1,neu,3.0,2.5,2.5,262.99,266.175,mfcc_regression/Ses01F_impro06_M016.npy
Ses01M_script03_1_F001,Session1,fea,2.5,3.0,2.0,11.135,15.2126,mfcc_regression/Ses01M_script03_1_F001.npy
Ses01M_script03_1_F002,Session1,fea,2.5,3.5,1.0,16.38,19.74,mfcc_regression/Ses01M_script03_1_F002.npy
Ses01M_script03_1_F003,Session1,hap,4.0,2.5,3.0,23.77,26.608,mfcc_regression/Ses01M_script03_1_F003.npy
Ses01M_script03_1_F004,Session1,hap,4.5,3.0,3.0,28.17,30.79,mfcc_regression/Ses01M_script03_1_F004.npy
Ses01M_script03_1_F007,Session1,exc,4.0,2.5,2.0,52.01,53.2,mfcc_regression/Ses01M_script03_1_F007.npy
Ses01M_script03_1_F008,Session1,hap,4.0,2.5,3.0,54.42,56.95,mfcc_regression/Ses01M_script03_1_F008.npy
Ses01M_script03_1_F009,Session1,hap,4.0,2.5,2.5,57.1675,61.05,mfcc_regression/Ses01M_script03_1_F009.npy
Ses01M_script03_1_F010,Session1,hap,4.5,2.0,2.0,61.14,62.5,mfcc_regression/Ses01M_script03_1_F010.npy
Ses01M_script03_1_F011,Session1,hap,4.0,2.0,2.0,63.47,64.7675,mfcc_regression/Ses01M_script03_1_F011.npy
Ses01M_script03_1_F014,Session1,hap,4.0,2.5,2.5,80.03,82.8964,mfcc_regression/Ses01M_script03_1_F014.npy
Ses01M_script03_1_F015,Session1,hap,4.5,4.0,2.5,86.99,90.76,mfcc_regression/Ses01M_script03_1_F015.npy
Ses01M_script03_1_F017,Session1,hap,4.0,3.0,2.5,104.83,108.76,mfcc_regression/Ses01M_script03_1_F017.npy
Ses01M_script03_1_F018,Session1,hap,4.0,3.0,2.5,111.5526,117.7531,mfcc_regression/Ses01M_script03_1_F018.npy
Ses01M_script03_1_F019,Session1,hap,4.5,2.5,2.0,119.15,122.5384,mfcc_regression/Ses01M_script03_1_F019.npy
Ses01M_script03_1_F021,Session1,hap,3.0,3.5,3.0,133.95,137.04,mfcc_regression/Ses01M_script03_1_F021.npy
Ses01M_script03_1_F024,Session1,hap,4.0,3.5,3.0,152.6656,155.35,mfcc_regression/Ses01M_script03_1_F024.npy
Ses01M_script03_1_F030,Session1,hap,4.0,2.5,2.0,222.9,226.05,mfcc_regression/Ses01M_script03_1_F030.npy
Ses01M_script03_1_F031,Session1,exc,5.0,4.5,3.0,229.53,235.78,mfcc_regression/Ses01M_script03_1_F031.npy
Ses01M_script03_1_F034,Session1,hap,4.0,3.0,2.5,251.41,254.5525,mfcc_regression/Ses01M_script03_1_F034.npy
Ses01M_script03_1_F036,Session1,hap,4.5,4.0,3.0,263.07,267.82,mfcc_regression/Ses01M_script03_1_F036.npy
Ses01M_script03_1_F037,Session1,hap,5.0,4.5,3.0,267.84,272.53,mfcc_regression/Ses01M_script03_1_F037.npy
Ses01M_script03_1_F038,Session1,hap,4.0,3.5,2.5,276.24,279.01,mfcc_regression/Ses01M_script03_1_F038.npy
Ses01M_script03_1_F039,Session1,hap,4.0,4.0,2.0,280.94,283.8275,mfcc_regression/Ses01M_script03_1_F039.npy
Ses01M_script03_1_F040,Session1,hap,4.0,2.0,2.5,285.09,287.84,mfcc_regression/Ses01M_script03_1_F040.npy
Ses01M_script03_1_F041,Session1,exc,3.5,3.0,2.0,295.4999,300.3411,mfcc_regression/Ses01M_script03_1_F041.npy
Ses01M_script03_1_M000,Session1,fea,3.0,2.5,1.5,5.82,7.6225,mfcc_regression/Ses01M_script03_1_M000.npy
Ses01M_script03_1_M001,Session1,fea,3.0,2.0,1.0,9.21,11.55,mfcc_regression/Ses01M_script03_1_M001.npy
Ses01M_script03_1_M003,Session1,fea,4.0,3.5,1.5,20.2958,24.1903,mfcc_regression/Ses01M_script03_1_M003.npy
Ses01M_script03_1_M004,Session1,hap,4.0,3.5,2.5,26.23,28.68,mfcc_regression/Ses01M_script03_1_M004.npy
Ses01M_script03_1_M010,Session1,hap,4.0,3.0,2.5,56.36,58.92,mfcc_regression/Ses01M_script03_1_M010.npy
Ses01M_script03_1_M011,Session1,hap,4.5,2.5,2.0,60.07,61.4025,mfcc_regression/Ses01M_script03_1_M011.npy
Ses01M_script03_1_M012,Session1,hap,4.0,3.0,2.5,61.94,63.7624,mfcc_regression/Ses01M_script03_1_M012.npy
Ses01M_script03_1_M013,Session1,hap,4.0,3.0,3.0,64.32,69.97,mfcc_regression/Ses01M_script03_1_M013.npy
Ses01M_script03_1_M014,Session1,sad,2.5,2.0,2.0,72.27,74.58,mfcc_regression/Ses01M_script03_1_M014.npy
Ses01M_script03_1_M016,Session1,hap,4.5,3.5,2.5,82.3473,88.4,mfcc_regression/Ses01M_script03_1_M016.npy
Ses01M_script03_1_M017,Session1,hap,4.0,2.5,2.5,90.09,93.77,mfcc_regression/Ses01M_script03_1_M017.npy
Ses01M_script03_1_M019,Session1,hap,4.0,3.0,3.5,99.915,106.2707,mfcc_regression/Ses01M_script03_1_M019.npy
Ses01M_script03_1_M021,Session1,hap,4.0,3.0,2.5,109.44,112.17,mfcc_regression/Ses01M_script03_1_M021.npy
Ses01M_script03_1_M022,Session1,hap,4.5,2.0,1.5,117.22,119.81,mfcc_regression/Ses01M_script03_1_M022.npy
Ses01M_script03_1_M028,Session1,exc,4.0,3.0,3.0,158.45,172.7567,mfcc_regression/Ses01M_script03_1_M028.npy
Ses01M_script03_1_M029,Session1,exc,4.0,3.0,3.0,174.5256,177.9,mfcc_regression/Ses01M_script03_1_M029.npy
Ses01M_script03_1_M030,Session1,hap,4.0,3.5,2.5,177.99,181.61,mfcc_regression/Ses01M_script03_1_M030.npy
Ses01M_script03_1_M031,Session1,hap,3.5,2.5,2.5,189.3,198.21,mfcc_regression/Ses01M_script03_1_M031.npy
Ses01M_script03_1_M033,Session1,hap,4.0,2.5,1.5,220.43,223.73,mfcc_regression/Ses01M_script03_1_M033.npy
Ses01M_script03_1_M037,Session1,exc,4.0,3.5,2.5,247.86,257.25,mfcc_regression/Ses01M_script03_1_M037.npy
Ses01M_script03_1_M039,Session1,hap,5.0,4.5,2.5,271.55,275.88,mfcc_regression/Ses01M_script03_1_M039.npy
Ses01M_script03_1_M040,Session1,hap,5.0,2.5,2.0,280.09,282.94,mfcc_regression/Ses01M_script03_1_M040.npy
Ses01M_script03_1_M041,Session1,hap,4.0,2.0,2.5,283.31,285.75,mfcc_regression/Ses01M_script03_1_M041.npy
Ses01M_script01_3_F000,Session1,neu,4.0,2.0,2.5,8.2904,11.9425,mfcc_regression/Ses01M_script01_3_F000.npy
Ses01M_script01_3_F001,Session1,neu,4.0,2.0,2.5,14.5812,20.04,mfcc_regression/Ses01M_script01_3_F001.npy
Ses01M_script01_3_F003,Session1,sad,4.0,1.5,2.5,30.15,38.2445,mfcc_regression/Ses01M_script01_3_F003.npy
Ses01M_script01_3_F004,Session1,neu,3.5,2.0,2.5,40.81,44.5425,mfcc_regression/Ses01M_script01_3_F004.npy
Ses01M_script01_3_F005,Session1,sad,3.5,2.0,2.0,45.75,51.2332,mfcc_regression/Ses01M_script01_3_F005.npy
Ses01M_script01_3_F006,Session1,sad,3.0,2.0,2.0,53.77,59.22,mfcc_regression/Ses01M_script01_3_F006.npy
Ses01M_script01_3_F008,Session1,neu,3.5,2.0,2.5,80.64,85.28,mfcc_regression/Ses01M_script01_3_F008.npy
Ses01M_script01_3_F012,Session1,neu,3.5,2.0,2.0,161.93,165.3,mfcc_regression/Ses01M_script01_3_F012.npy
Ses01M_script01_3_F014,Session1,exc,4.5,2.0,2.5,173.63,175.63,mfcc_regression/Ses01M_script01_3_F014.npy
Ses01M_script01_3_F015,Session1,exc,4.5,3.5,3.5,177.13,185.63,mfcc_regression/Ses01M_script01_3_F015.npy
Ses01M_script01_3_F016,Session1,hap,4.5,3.0,2.5,200.94,207.645,mfcc_regression/Ses01M_script01_3_F016.npy
Ses01M_script01_3_F018,Session1,sad,2.5,1.5,1.5,225.02,227.3023,mfcc_regression/Ses01M_script01_3_F018.npy
Ses01M_script01_3_F019,Session1,sad,3.0,3.0,2.0,231.36,235.205,mfcc_regression/Ses01M_script01_3_F019.npy
Ses01M_script01_3_F021,Session1,sad,2.5,1.5,2.5,253.41,256.4398,mfcc_regression/Ses01M_script01_3_F021.npy
Ses01M_script01_3_F022,Session1,sad,2.5,1.5,2.5,265.5717,269.08,mfcc_regression/Ses01M_script01_3_F022.npy
Ses01M_script01_3_F023,Session1,sad,2.5,2.0,1.5,277.23,279.39,mfcc_regression/Ses01M_script01_3_F023.npy
Ses01M_script01_3_F024,Session1,sad,2.5,1.5,2.0,285.51,288.34,mfcc_regression/Ses01M_script01_3_F024.npy
Ses01M_script01_3_F025,Session1,sad,2.0,1.5,2.0,290.5787,293.79,mfcc_regression/Ses01M_script01_3_F025.npy
Ses01M_script01_3_F026,Session1,sad,2.5,2.0,2.0,455.26,458.74,mfcc_regression/Ses01M_script01_3_F026.npy
Ses01M_script01_3_F030,Session1,hap,4.0,2.0,2.0,510.69,513.8625,mfcc_regression/Ses01M_script01_3_F030.npy
Ses01M_script01_3_M000,Session1,hap,4.0,2.0,1.5,11.86,15.1286,mfcc_regression/Ses01M_script01_3_M000.npy
Ses01M_script01_3_M001,Session1,hap,3.5,3.0,1.5,28.1,30.585,mfcc_regression/Ses01M_script01_3_M001.npy
Ses01M_script01_3_M002,Session1,sad,2.5,3.0,1.5,38.46,41.3299,mfcc_regression/Ses01M_script01_3_M002.npy
Ses01M_script01_3_M004,Session1,neu,3.5,2.0,1.5,51.059,53.27,mfcc_regression/Ses01M_script01_3_M004.npy
Ses01M_script01_3_M006,Session1,neu,4.0,3.0,2.0,79.41,81.1172,mfcc_regression/Ses01M_script01_3_M006.npy
Ses01M_script01_3_M007,Session1,neu,3.5,2.0,1.5,85.7,88.358,mfcc_regression/Ses01M_script01_3_M007.npy
Ses01M_script01_3_M009,Session1,hap,3.5,3.5,2.5,111.9467,120.1828,mfcc_regression/Ses01M_script01_3_M009.npy
Ses01M_script01_3_M014,Session1,neu,3.0,2.5,2.0,165.6682,167.93,mfcc_regression/Ses01M_script01_3_M014.npy
Ses01M_script01_3_M016,Session1,exc,4.5,3.5,2.0,175.33,178.07,mfcc_regression/Ses01M_script01_3_M016.npy
Ses01M_script01_3_M018,Session1,exc,5.0,3.5,2.5,197.0,201.86,mfcc_regression/Ses01M_script01_3_M018.npy
Ses01M_script01_3_M019,Session1,hap,4.5,2.0,2.5,207.18,210.04,mfcc_regression/Ses01M_script01_3_M019.npy
Ses01M_script01_3_M020,Session1,sad,3.0,3.5,2.0,228.28,232.23,mfcc_regression/Ses01M_script01_3_M020.npy
Ses01M_script01_3_M021,Session1,sad,2.0,2.5,2.0,234.59,238.48,mfcc_regression/Ses01M_script01_3_M021.npy
Ses01M_script01_3_M022,Session1,sad,2.0,2.0,2.0,244.14,252.92,mfcc_regression/Ses01M_script01_3_M022.npy
Ses01M_script01_3_M023,Session1,sad,2.0,2.5,2.5,256.1412,259.1271,mfcc_regression/Ses01M_script01_3_M023.npy
Ses01M_script01_3_M024,Session1,sad,2.0,3.0,2.0,259.351,263.97,mfcc_regression/Ses01M_script01_3_M024.npy
Ses01M_script01_3_M025,Session1,sad,2.0,1.5,2.0,272.34,277.8637,mfcc_regression/Ses01M_script01_3_M025.npy
Ses01M_script01_3_M026,Session1,sad,2.0,1.5,1.0,281.14,283.91,mfcc_regression/Ses01M_script01_3_M026.npy
Ses01M_script01_3_M027,Session1,sad,2.0,1.5,1.5,288.18,291.03,mfcc_regression/Ses01M_script01_3_M027.npy
Ses01M_script01_3_M028,Session1,sad,1.5,2.0,1.5,293.6392,307.49,mfcc_regression/Ses01M_script01_3_M028.npy
Ses01M_script01_3_M029,Session1,sad,1.5,2.5,1.5,307.7375,320.03,mfcc_regression/Ses01M_script01_3_M029.npy
Ses01M_script01_3_M030,Session1,sad,1.5,2.0,2.0,320.1175,326.5,mfcc_regression/Ses01M_script01_3_M030.npy
Ses01M_script01_3_M031,Session1,sad,2.0,2.5,2.5,327.37,337.86,mfcc_regression/Ses01M_script01_3_M031.npy
Ses01M_script01_3_M032,Session1,sad,1.5,2.0,1.0,339.871,363.73,mfcc_regression/Ses01M_script01_3_M032.npy
Ses01M_script01_3_M033,Session1,sad,1.5,2.0,2.5,363.865,373.32,mfcc_regression/Ses01M_script01_3_M033.npy
Ses01M_script01_3_M034,Session1,sad,1.5,2.5,2.0,374.5675,388.8175,mfcc_regression/Ses01M_script01_3_M034.npy
Ses01M_script01_3_M035,Session1,sad,1.5,2.5,1.0,389.0888,397.095,mfcc_regression/Ses01M_script01_3_M035.npy
Ses01M_script01_3_M036,Session1,sad,1.5,3.0,1.5,397.3498,405.69,mfcc_regression/Ses01M_script01_3_M036.npy
Ses01M_script01_3_M037,Session1,sad,1.5,3.5,2.5,406.2,414.26,mfcc_regression/Ses01M_script01_3_M037.npy
Ses01M_script01_3_M038,Session1,sad,1.5,2.5,1.5,417.29,430.76,mfcc_regression/Ses01M_script01_3_M038.npy
Ses01M_script01_3_M039,Session1,sad,1.5,3.5,2.5,431.0408,439.07,mfcc_regression/Ses01M_script01_3_M039.npy
Ses01M_script01_3_M040,Session1,sad,1.5,2.5,2.5,439.48,449.91,mfcc_regression/Ses01M_script01_3_M040.npy
Ses01M_script01_3_M041,Session1,sad,2.0,1.5,2.0,460.4,463.85,mfcc_regression/Ses01M_script01_3_M041.npy
Ses01M_script01_3_M043,Session1,hap,4.0,2.5,2.5,507.77,511.4612,mfcc_regression/Ses01M_script01_3_M043.npy
Ses01F_script02_2_F000,Session1,neu,3.0,1.5,2.5,5.83,8.3081,mfcc_regression/Ses01F_script02_2_F000.npy
Ses01F_script02_2_F001,Session1,neu,2.5,2.0,3.0,9.58,11.4525,mfcc_regression/Ses01F_script02_2_F001.npy
Ses01F_script02_2_F006,Session1,ang,1.5,4.5,4.0,55.67,61.96,mfcc_regression/Ses01F_script02_2_F006.npy
Ses01F_script02_2_F007,Session1,fru,1.5,3.5,3.0,63.15,68.86,mfcc_regression/Ses01F_script02_2_F007.npy
Ses01F_script02_2_F008,Session1,ang,1.5,3.0,3.5,75.66,81.6545,mfcc_regression/Ses01F_script02_2_F008.npy
Ses01F_script02_2_F009,Session1,ang,2.0,4.0,4.0,82.34,86.54,mfcc_regression/Ses01F_script02_2_F009.npy
Ses01F_script02_2_F010,Session1,ang,2.0,3.5,3.5,87.71,91.3205,mfcc_regression/Ses01F_script02_2_F010.npy
Ses01F_script02_2_F012,Session1,fru,1.5,4.0,3.5,98.845,111.65,mfcc_regression/Ses01F_script02_2_F012.npy
Ses01F_script02_2_F013,Session1,fru,1.5,1.5,2.5,113.39,115.78,mfcc_regression/Ses01F_script02_2_F013.npy
Ses01F_script02_2_F015,Session1,sad,1.5,2.5,2.5,124.0928,134.59,mfcc_regression/Ses01F_script02_2_F015.npy
Ses01F_script02_2_F016,Session1,ang,1.5,4.5,4.0,136.16,139.33,mfcc_regression/Ses01F_script02_2_F016.npy
Ses01F_script02_2_F017,Session1,neu,2.5,2.0,2.0,165.72,172.67,mfcc_regression/Ses01F_script02_2_F017.npy
Ses01F_script02_2_F019,Session1,hap,3.0,2.5,2.5,187.8883,204.1594,mfcc_regression/Ses01F_script02_2_F019.npy
Ses01F_script02_2_F021,Session1,fru,3.5,2.5,2.0,209.29,211.95,mfcc_regression/Ses01F_script02_2_F021.npy
Ses01F_script02_2_F022,Session1,sad,2.0,1.5,2.5,227.2196,233.5946,mfcc_regression/Ses01F_script02_2_F022.npy
Ses01F_script02_2_F023,Session1,neu,2.0,1.5,2.5,243.1455,245.4699,mfcc_regression/Ses01F_script02_2_F023.npy
Ses01F_script02_2_F025,Session1,fru,4.0,2.0,2.5,250.14,253.9225,mfcc_regression/Ses01F_script02_2_F025.npy
Ses01F_script02_2_F026,Session1,neu,4.0,1.5,3.0,260.2214,262.0632,mfcc_regression/Ses01F_script02_2_F026.npy
Ses01F_script02_2_F027,Session1,fru,2.5,2.0,2.5,269.5575,271.5911,mfcc_regression/Ses01F_script02_2_F027.npy
Ses01F_script02_2_F029,Session1,fru,2.0,3.0,2.5,291.9425,293.38,mfcc_regression/Ses01F_script02_2_F029.npy
Ses01F_script02_2_F030,Session1,fru,2.0,3.0,3.0,311.4518,317.13,mfcc_regression/Ses01F_script02_2_F030.npy
Ses01F_script02_2_F032,Session1,fru,2.5,3.0,2.5,327.976,334.56,mfcc_regression/Ses01F_script02_2_F032.npy
Ses01F_script02_2_F033,Session1,fru,2.5,2.5,2.0,334.75,337.8491,mfcc_regression/Ses01F_script02_2_F033.npy
Ses01F_script02_2_F034,Session1,sad,2.5,2.0,2.0,339.34,343.81,mfcc_regression/Ses01F_script02_2_F034.npy
Ses01F_script02_2_F035,Session1,sad,2.0,2.5,2.0,352.66,366.2026,mfcc_regression/Ses01F_script02_2_F035.npy
Ses01F_script02_2_F036,Session1,sad,2.5,2.5,1.5,368.63,370.8,mfcc_regression/Ses01F_script02_2_F036.npy
Ses01F_script02_2_F037,Session1,sur,2.0,3.5,3.0,376.6511,384.03,mfcc_regression/Ses01F_script02_2_F037.npy
Ses01F_script02_2_F038,Session1,sur,2.5,3.5,2.5,385.3,388.75,mfcc_regression/Ses01F_script02_2_F038.npy
Ses01F_script02_2_F040,Session1,sad,2.0,1.5,2.0,394.9704,404.96,mfcc_regression/Ses01F_script02_2_F040.npy
Ses01F_script02_2_F041,Session1,neu,3.0,1.5,2.5,413.75,419.3655,mfcc_regression/Ses01F_script02_2_F041.npy
Ses01F_script02_2_F042,Session1,hap,4.0,2.0,2.0,428.83,435.06,mfcc_regression/Ses01F_script02_2_F042.npy
Ses01F_script02_2_F043,Session1,hap,4.0,3.0,2.5,438.98,442.815,mfcc_regression/Ses01F_script02_2_F043.npy
Ses01F_script02_2_F044,Session1,hap,4.0,2.5,2.0,444.2349,446.37,mfcc_regression/Ses01F_script02_2_F044.npy
Ses01F_script02_2_F045,Session1,hap,3.5,1.5,1.5,455.5669,460.16,mfcc_regression/Ses01F_script02_2_F045.npy
Ses01F_script02_2_F046,Session1,sad,3.0,1.5,2.0,463.6525,466.1765,mfcc_regression/Ses01F_script02_2_F046.npy
Ses01F_script02_2_F047,Session1,neu,3.5,2.5,2.0,473.6101,476.5559,mfcc_regression/Ses01F_script02_2_F047.npy
Ses01F_script02_2_M000,Session1,exc,4.5,3.5,2.5,3.17,6.2675,mfcc_regression/Ses01F_script02_2_M000.npy
Ses01F_script02_2_M001,Session1,exc,4.5,2.5,2.0,7.78,10.22,mfcc_regression/Ses01F_script02_2_M001.npy
Ses01F_script02_2_M002,Session1,neu,3.5,2.5,2.0,10.99,13.4131,mfcc_regression/Ses01F_script02_2_M002.npy
Ses01F_script02_2_M004,Session1,fru,2.5,3.5,3.0,28.94,31.66,mfcc_regression/Ses01F_script02_2_M004.npy
Ses01F_script02_2_M006,Session1,neu,3.0,2.0,1.5,49.2,56.09,mfcc_regression/Ses01F_script02_2_M006.npy
Ses01F_script02_2_M007,Session1,fru,3.0,3.0,1.5,61.28,63.57,mfcc_regression/Ses01F_script02_2_M007.npy
Ses01F_script02_2_M008,Session1,fru,2.5,3.5,3.0,68.34,77.88,mfcc_regression/Ses01F_script02_2_M008.npy
Ses01F_script02_2_M009,Session1,fru,2.5,3.5,3.0,81.15,82.7975,mfcc_regression/Ses01F_script02_2_M009.npy
Ses01F_script02_2_M010,Session1,fru,2.5,2.5,3.0,86.15,88.43,mfcc_regression/Ses01F_script02_2_M010.npy
Ses01F_script02_2_M011,Session1,fru,3.0,3.0,2.5,91.5046,94.8877,mfcc_regression/Ses01F_script02_2_M011.npy
Ses01F_script02_2_M013,Session1,fru,2.5,3.5,2.5,115.03,117.2346,mfcc_regression/Ses01F_script02_2_M013.npy
Ses01F_script02_2_M014,Session1,fru,2.5,2.5,2.0,133.66,136.7425,mfcc_regression/Ses01F_script02_2_M014.npy
Ses01F_script02_2_M015,Session1,fru,2.5,2.5,2.0,138.62,144.145,mfcc_regression/Ses01F_script02_2_M015.npy
Ses01F_script02_2_M016,Session1,neu,2.5,2.5,2.5,144.165,159.8,mfcc_regression/Ses01F_script02_2_M016.npy
Ses01F_script02_2_M017,Session1,neu,2.5,2.5,2.5,159.8775,165.37,mfcc_regression/Ses01F_script02_2_M017.npy
Ses01F_script02_2_M019,Session1,neu,3.0,3.0,2.5,211.34,221.895,mfcc_regression/Ses01F_script02_2_M019.npy
Ses01F_script02_2_M020,Session1,fru,2.5,2.5,2.0,221.9724,227.68,mfcc_regression/Ses01F_script02_2_M020.npy
Ses01F_script02_2_M021,Session1,neu,3.0,2.5,1.5,232.88,237.9673,mfcc_regression/Ses01F_script02_2_M021.npy
Ses01F_script02_2_M022,Session1,neu,3.5,2.5,1.5,238.0133,243.3756,mfcc_regression/Ses01F_script02_2_M022.npy
Ses01F_script02_2_M023,Session1,neu,3.5,2.5,2.0,244.92,247.88,mfcc_regression/Ses01F_script02_2_M023.npy
Ses01F_script02_2_M024,Session1,hap,4.0,2.5,2.0,249.09,250.92,mfcc_regression/Ses01F_script02_2_M024.npy
Ses01F_script02_2_M026,Session1,hap,3.5,2.5,1.5,256.83,260.8204,mfcc_regression/Ses01F_script02_2_M026.npy
Ses01F_script02_2_M027,Session1,oth,2.5,2.5,1.5,261.75,266.7811,mfcc_regression/Ses01F_script02_2_M027.npy
Ses01F_script02_2_M031,Session1,fru,1.5,3.5,4.0,294.33,309.03,mfcc_regression/Ses01F_script02_2_M031.npy
Ses01F_script02_2_M032,Session1,fru,1.5,4.0,4.0,309.085,311.7279,mfcc_regression/Ses01F_script02_2_M032.npy
Ses01F_script02_2_M033,Session1,neu,2.5,1.5,2.5,316.85,319.875,mfcc_regression/Ses01F_script02_2_M033.npy
Ses01F_script02_2_M035,Session1,fru,2.0,1.5,2.0,331.61,335.1425,mfcc_regression/Ses01F_script02_2_M035.npy
Ses01F_script02_2_M036,Session1,fru,1.5,3.5,2.0,337.3198,339.8275,mfcc_regression/Ses01F_script02_2_M036.npy
Ses01F_script02_2_M037,Session1,sad,2.0,2.0,1.0,366.2026,369.0947,mfcc_regression/Ses01F_script02_2_M037.npy
Ses01F_script02_2_M038,Session1,sad,2.0,2.5,2.5,373.51,377.1344,mfcc_regression/Ses01F_script02_2_M038.npy
Ses01F_script02_2_M039,Session1,sur,3.0,1.5,1.5,384.0157,385.6925,mfcc_regression/Ses01F_script02_2_M039.npy
Ses01F_script02_2_M040,Session1,neu,3.0,2.5,2.5,406.01,412.79,mfcc_regression/Ses01F_script02_2_M040.npy
Ses01F_script02_2_M041,Session1,fru,3.5,2.5,2.5,419.38,423.7152,mfcc_regression/Ses01F_script02_2_M041.npy
Ses01F_script02_2_M042,Session1,neu,4.0,2.5,2.5,425.4413,429.7,mfcc_regression/Ses01F_script02_2_M042.npy
Ses01F_script02_2_M043,Session1,neu,4.0,2.0,2.5,434.6255,436.0279,mfcc_regression/Ses01F_script02_2_M043.npy
Ses01F_script02_2_M044,Session1,hap,4.0,2.5,2.5,436.304,439.48,mfcc_regression/Ses01F_script02_2_M044.npy
Ses01F_script02_2_M046,Session1,hap,4.0,2.5,1.5,445.99,447.8802,mfcc_regression/Ses01F_script02_2_M046.npy
Ses01F_script02_2_M047,Session1,neu,3.0,2.5,2.0,449.3991,453.6338,mfcc_regression/Ses01F_script02_2_M047.npy
Ses01F_script02_2_M048,Session1,neu,3.5,3.0,2.5,465.47,472.47,mfcc_regression/Ses01F_script02_2_M048.npy
Ses01F_script02_2_M049,Session1,hap,3.5,2.5,2.5,476.671,479.1565,mfcc_regression/Ses01F_script02_2_M049.npy
Ses01M_script01_2_F000,Session1,ang,2.5,2.5,3.0,5.3913,8.235,mfcc_regression/Ses01M_script01_2_F000.npy
Ses01M_script01_2_F001,Session1,ang,2.5,2.0,3.0,12.74,17.28,mfcc_regression/Ses01M_script01_2_F001.npy
Ses01M_script01_2_F004,Session1,ang,1.5,4.0,4.0,41.18,44.7,mfcc_regression/Ses01M_script01_2_F004.npy
Ses01M_script01_2_F005,Session1,ang,1.5,4.5,5.0,47.62,56.06,mfcc_regression/Ses01M_script01_2_F005.npy
Ses01M_script01_2_F008,Session1,fru,1.5,3.0,4.5,92.83,103.0,mfcc_regression/Ses01M_script01_2_F008.npy
Ses01M_script01_2_F009,Session1,ang,2.0,4.5,4.5,104.705,118.32,mfcc_regression/Ses01M_script01_2_F009.npy
Ses01M_script01_2_F011,Session1,ang,1.5,4.5,5.0,124.98,135.2991,mfcc_regression/Ses01M_script01_2_F011.npy
Ses01M_script01_2_F012,Session1,ang,1.5,3.5,4.5,136.61,145.6,mfcc_regression/Ses01M_script01_2_F012.npy
Ses01M_script01_2_F013,Session1,ang,1.0,3.5,4.5,145.64,150.29,mfcc_regression/Ses01M_script01_2_F013.npy
Ses01M_script01_2_M000,Session1,neu,3.0,4.0,2.5,8.4194,12.92,mfcc_regression/Ses01M_script01_2_M000.npy
Ses01M_script01_2_M001,Session1,neu,3.0,3.5,2.5,18.19,25.36,mfcc_regression/Ses01M_script01_2_M001.npy
Ses01M_script01_2_M002,Session1,fru,2.5,3.5,3.5,26.55,32.19,mfcc_regression/Ses01M_script01_2_M002.npy
Ses01M_script01_2_M003,Session1,fru,2.5,3.0,3.5,34.71,37.21,mfcc_regression/Ses01M_script01_2_M003.npy
Ses01M_script01_2_M004,Session1,fru,2.0,2.5,3.0,39.17,41.69,mfcc_regression/Ses01M_script01_2_M004.npy
Ses01M_script01_2_M005,Session1,fru,2.5,3.0,3.5,44.67,48.37,mfcc_regression/Ses01M_script01_2_M005.npy
Ses01M_script01_2_M006,Session1,fru,2.5,3.0,3.0,63.52,65.28,mfcc_regression/Ses01M_script01_2_M006.npy
Ses01M_script01_2_M007,Session1,neu,3.0,2.0,2.5,71.88,74.4,mfcc_regression/Ses01M_script01_2_M007.npy
Ses01M_script01_2_M008,Session1,fru,2.5,2.5,3.5,87.53,93.44,mfcc_regression/Ses01M_script01_2_M008.npy
Ses01M_script01_2_M009,Session1,fru,2.0,3.5,3.5,102.61,106.86,mfcc_regression/Ses01M_script01_2_M009.npy
Ses01M_script01_2_M010,Session1,fru,2.5,2.0,2.5,119.21,121.2425,mfcc_regression/Ses01M_script01_2_M010.npy
Ses01M_script01_2_M011,Session1,fru,2.0,2.5,2.5,124.2883,125.3375,mfcc_regression/Ses01M_script01_2_M011.npy
Ses01M_script01_2_M012,Session1,fru,2.0,3.0,3.0,134.69,137.07,mfcc_regression/Ses01M_script01_2_M012.npy
Ses01M_script01_2_M013,Session1,fru,2.0,3.0,3.0,138.57,142.3975,mfcc_regression/Ses01M_script01_2_M013.npy
Ses01M_script01_2_M014,Session1,fru,2.5,3.0,2.5,144.44,146.79,mfcc_regression/Ses01M_script01_2_M014.npy
Ses01M_script01_2_M015,Session1,ang,1.5,4.0,4.0,147.5375,152.12,mfcc_regression/Ses01M_script01_2_M015.npy
Ses01M_script01_2_M016,Session1,ang,2.0,2.5,4.0,152.66,157.89,mfcc_regression/Ses01M_script01_2_M016.npy
Ses01M_script01_2_M017,Session1,ang,1.5,3.0,4.5,163.38,167.43,mfcc_regression/Ses01M_script01_2_M017.npy
Ses01M_script03_2_F003,Session1,sur,4.5,4.5,4.5,29.61,34.19,mfcc_regression/Ses01M_script03_2_F003.npy
Ses01M_script03_2_F006,Session1,neu,2.5,2.0,3.0,53.59,55.883,mfcc_regression/Ses01M_script03_2_F006.npy
Ses01M_script03_2_F010,Session1,neu,3.0,2.5,3.5,83.71,86.14,mfcc_regression/Ses01M_script03_2_F010.npy
Ses01M_script03_2_F011,Session1,ang,2.0,2.5,3.5,88.63,92.38,mfcc_regression/Ses01M_script03_2_F011.npy
Ses01M_script03_2_F015,Session1,ang,1.5,3.5,4.5,127.08,129.84,mfcc_regression/Ses01M_script03_2_F015.npy
Ses01M_script03_2_F017,Session1,ang,3.0,3.5,4.0,145.58,151.59,mfcc_regression/Ses01M_script03_2_F017.npy
Ses01M_script03_2_F022,Session1,ang,1.5,3.0,4.0,191.37,193.1525,mfcc_regression/Ses01M_script03_2_F022.npy
Ses01M_script03_2_F023,Session1,ang,1.5,4.5,5.0,193.1875,200.3318,mfcc_regression/Ses01M_script03_2_F023.npy
Ses01M_script03_2_F024,Session1,ang,2.0,4.0,4.0,202.97,206.04,mfcc_regression/Ses01M_script03_2_F024.npy
Ses01M_script03_2_F025,Session1,ang,1.5,3.0,4.0,207.47,209.67,mfcc_regression/Ses01M_script03_2_F025.npy
Ses01M_script03_2_F026,Session1,ang,1.5,3.5,4.5,215.02,218.77,mfcc_regression/Ses01M_script03_2_F026.npy
Ses01M_script03_2_F027,Session1,ang,1.5,2.5,4.5,220.25,222.7,mfcc_regression/Ses01M_script03_2_F027.npy
Ses01M_script03_2_F028,Session1,ang,4.0,4.0,4.5,230.58,236.68,mfcc_regression/Ses01M_script03_2_F028.npy
Ses01M_script03_2_F029,Session1,ang,2.0,3.5,4.5,243.27,245.2725,mfcc_regression/Ses01M_script03_2_F029.npy
Ses01M_script03_2_F030,Session1,ang,1.5,3.5,4.5,248.08,251.59,mfcc_regression/Ses01M_script03_2_F030.npy
Ses01M_script03_2_F031,Session1,ang,2.5,2.5,3.5,258.3,259.52,mfcc_regression/Ses01M_script03_2_F031.npy
Ses01M_script03_2_F033,Session1,ang,3.0,4.0,4.0,266.24,268.77,mfcc_regression/Ses01M_script03_2_F033.npy
Ses01M_script03_2_F034,Session1,ang,2.0,3.5,3.5,272.51,275.34,mfcc_regression/Ses01M_script03_2_F034.npy
Ses01M_script03_2_F035,Session1,ang,2.5,4.0,4.5,277.35,282.36,mfcc_regression/Ses01M_script03_2_F035.npy
Ses01M_script03_2_F036,Session1,ang,2.5,3.0,4.0,284.39,286.05,mfcc_regression/Ses01M_script03_2_F036.npy
Ses01M_script03_2_F037,Session1,ang,2.0,4.0,4.0,290.75,293.34,mfcc_regression/Ses01M_script03_2_F037.npy
Ses01M_script03_2_F038,Session1,ang,1.5,4.5,4.5,293.36,298.53,mfcc_regression/Ses01M_script03_2_F038.npy
Ses01M_script03_2_F039,Session1,ang,1.0,4.5,5.0,299.63,309.01,mfcc_regression/Ses01M_script03_2_F039.npy
Ses01M_script03_2_F040,Session1,ang,1.0,3.5,4.5,311.8125,316.71,mfcc_regression/Ses01M_script03_2_F040.npy
Ses01M_script03_2_F041,Session1,ang,1.0,5.0,5.0,318.4,337.32,mfcc_regression/Ses01M_script03_2_F041.npy
Ses01M_script03_2_M012,Session1,neu,3.0,3.0,3.5,85.71,89.075,mfcc_regression/Ses01M_script03_2_M012.npy
Ses01M_script03_2_M013,Session1,neu,3.0,3.0,3.5,91.68,97.8825,mfcc_regression/Ses01M_script03_2_M013.npy
Ses01M_script03_2_M016,Session1,fru,2.5,3.0,4.0,125.46,127.4,mfcc_regression/Ses01M_script03_2_M016.npy
Ses01M_script03_2_M017,Session1,fru,2.0,3.5,2.5,129.9327,133.3025,mfcc_regression/Ses01M_script03_2_M017.npy
Ses01M_script03_2_M018,Session1,neu,3.0,3.5,3.0,135.3979,138.18,mfcc_regression/Ses01M_script03_2_M018.npy
Ses01M_script03_2_M022,Session1,ang,2.0,3.5,4.5,165.1863,171.71,mfcc_regression/Ses01M_script03_2_M022.npy
Ses01M_script03_2_M023,Session1,ang,2.0,4.5,4.5,179.22,184.3684,mfcc_regression/Ses01M_script03_2_M023.npy
Ses01M_script03_2_M024,Session1,ang,2.0,4.0,4.5,186.5,192.15,mfcc_regression/Ses01M_script03_2_M024.npy
Ses01M_script03_2_M025,Session1,ang,2.0,3.0,4.5,200.0078,203.75,mfcc_regression/Ses01M_script03_2_M025.npy
Ses01M_script03_2_M026,Session1,ang,2.0,4.0,4.5,205.08,209.0,mfcc_regression/Ses01M_script03_2_M026.npy
Ses01M_script03_2_M027,Session1,ang,1.5,3.5,5.0,209.17,215.83,mfcc_regression/Ses01M_script03_2_M027.npy
Ses01M_script03_2_M028,Session1,ang,1.0,4.0,4.5,218.25,221.07,mfcc_regression/Ses01M_script03_2_M028.npy
Ses01M_script03_2_M029,Session1,ang,1.0,4.5,5.0,222.01,231.2375,mfcc_regression/Ses01M_script03_2_M029.npy
Ses01M_script03_2_M030,Session1,ang,2.0,3.5,4.5,236.11,248.5725,mfcc_regression/Ses01M_script03_2_M030.npy
Ses01M_script03_2_M031,Session1,ang,2.0,4.5,4.5,250.63,253.98,mfcc_regression/Ses01M_script03_2_M031.npy
Ses01M_script03_2_M032,Session1,ang,2.5,3.0,3.5,255.0051,260.83,mfcc_regression/Ses01M_script03_2_M032.npy
Ses01M_script03_2_M033,Session1,ang,2.0,3.5,4.5,264.13,266.6825,mfcc_regression/Ses01M_script03_2_M033.npy
Ses01M_script03_2_M034,Session1,ang,2.0,2.5,3.0,268.76,271.9275,mfcc_regression/Ses01M_script03_2_M034.npy
Ses01M_script03_2_M035,Session1,ang,3.0,3.5,3.0,274.83,277.8275,mfcc_regression/Ses01M_script03_2_M035.npy
Ses01M_script03_2_M036,Session1,ang,2.0,3.0,3.5,282.59,286.43,mfcc_regression/Ses01M_script03_2_M036.npy
Ses01M_script03_2_M037,Session1,ang,2.0,3.0,4.5,287.64,291.195,mfcc_regression/Ses01M_script03_2_M037.npy
Ses01M_script03_2_M038,Session1,ang,1.5,4.0,4.5,292.49,294.575,mfcc_regression/Ses01M_script03_2_M038.npy
Ses01M_script03_2_M039,Session1,ang,3.0,3.5,3.5,297.92,300.08,mfcc_regression/Ses01M_script03_2_M039.npy
Ses01M_script03_2_M040,Session1,ang,1.0,4.5,4.5,304.27,311.85,mfcc_regression/Ses01M_script03_2_M040.npy
Ses01M_script03_2_M041,Session1,ang,2.0,2.5,4.0,316.79,319.08,mfcc_regression/Ses01M_script03_2_M041.npy
Ses01M_script03_2_M042,Session1,ang,2.0,2.5,3.5,319.13,320.85,mfcc_regression/Ses01M_script03_2_M042.npy
Ses01M_script03_2_M043,Session1,ang,1.0,5.0,5.0,321.52,335.77,mfcc_regression/Ses01M_script03_2_M043.npy
Ses01F_script02_1_F000,Session1,neu,2.5,2.0,2.0,15.14,17.21,mfcc_regression/Ses01F_script02_1_F000.npy
Ses01F_script02_1_F001,Session1,fru,2.5,2.0,2.5,25.91,27.4125,mfcc_regression/Ses01F_script02_1_F001.npy
Ses01F_script02_1_F003,Session1,sur,2.5,3.0,3.0,45.06,47.03,mfcc_regression/Ses01F_script02_1_F003.npy
Ses01F_script02_1_F004,Session1,neu,2.0,3.0,3.0,49.22,51.4,mfcc_regression/Ses01F_script02_1_F004.npy
Ses01F_script02_1_F006,Session1,ang,2.0,3.5,3.0,54.72,57.69,mfcc_regression/Ses01F_script02_1_F006.npy
Ses01F_script02_1_F007,Session1,ang,2.0,3.5,2.5,57.75,59.57,mfcc_regression/Ses01F_script02_1_F007.npy
Ses01F_script02_1_F008,Session1,neu,2.5,1.5,3.0,76.27,77.64,mfcc_regression/Ses01F_script02_1_F008.npy
Ses01F_script02_1_F009,Session1,hap,4.0,2.5,2.0,101.72,103.5025,mfcc_regression/Ses01F_script02_1_F009.npy
Ses01F_script02_1_F010,Session1,sad,2.0,2.0,2.5,110.77,112.69,mfcc_regression/Ses01F_script02_1_F010.npy
Ses01F_script02_1_F014,Session1,fru,2.5,2.5,2.5,127.44,129.39,mfcc_regression/Ses01F_script02_1_F014.npy
Ses01F_script02_1_F015,Session1,neu,2.5,1.5,2.5,137.29,139.6146,mfcc_regression/Ses01F_script02_1_F015.npy
Ses01F_script02_1_F017,Session1,fru,2.0,3.5,3.5,154.9,163.99,mfcc_regression/Ses01F_script02_1_F017.npy
Ses01F_script02_1_F019,Session1,fru,2.0,2.0,3.0,189.93,191.59,mfcc_regression/Ses01F_script02_1_F019.npy
Ses01F_script02_1_F021,Session1,fru,2.5,2.0,3.0,210.64,211.92,mfcc_regression/Ses01F_script02_1_F021.npy
Ses01F_script02_1_F023,Session1,fru,2.5,2.5,3.5,238.14,240.73,mfcc_regression/Ses01F_script02_1_F023.npy
Ses01F_script02_1_F024,Session1,neu,2.5,1.5,2.5,321.21,323.82,mfcc_regression/Ses01F_script02_1_F024.npy
Ses01F_script02_1_F025,Session1,neu,2.5,1.5,2.0,326.56,329.03,mfcc_regression/Ses01F_script02_1_F025.npy
Ses01F_script02_1_M002,Session1,exc,3.5,4.5,2.5,16.96,20.0,mfcc_regression/Ses01F_script02_1_M002.npy
Ses01F_script02_1_M007,Session1,neu,3.0,2.5,2.5,46.42,49.95,mfcc_regression/Ses01F_script02_1_M007.npy
Ses01F_script02_1_M008,Session1,neu,3.0,2.0,2.0,50.85,52.4,mfcc_regression/Ses01F_script02_1_M008.npy
Ses01F_script02_1_M009,Session1,neu,2.5,2.0,2.0,53.76,55.48,mfcc_regression/Ses01F_script02_1_M009.npy
Ses01F_script02_1_M010,Session1,neu,3.0,3.5,1.5,57.29,58.42,mfcc_regression/Ses01F_script02_1_M010.npy
Ses01F_script02_1_M011,Session1,neu,2.5,2.0,2.0,58.88,65.6016,mfcc_regression/Ses01F_script02_1_M011.npy
Ses01F_script02_1_M012,Session1,fru,3.5,3.0,2.5,65.727,73.01,mfcc_regression/Ses01F_script02_1_M012.npy
Ses01F_script02_1_M013,Session1,neu,3.0,3.0,2.0,73.1527,77.14,mfcc_regression/Ses01F_script02_1_M013.npy
Ses01F_script02_1_M014,Session1,neu,3.5,3.0,2.0,77.19,87.6779,mfcc_regression/Ses01F_script02_1_M014.npy
Ses01F_script02_1_M015,Session1,neu,3.5,3.0,2.5,87.825,94.5265,mfcc_regression/Ses01F_script02_1_M015.npy
Ses01F_script02_1_M016,Session1,exc,4.0,4.0,2.5,94.64,100.4,mfcc_regression/Ses01F_script02_1_M016.npy
Ses01F_script02_1_M018,Session1,fru,3.5,3.0,2.5,112.19,114.35,mfcc_regression/Ses01F_script02_1_M018.npy
Ses01F_script02_1_M020,Session1,neu,4.0,3.0,2.5,122.7,124.59,mfcc_regression/Ses01F_script02_1_M020.npy
Ses01F_script02_1_M021,Session1,neu,3.0,2.0,2.5,125.75,127.96,mfcc_regression/Ses01F_script02_1_M021.npy
Ses01F_script02_1_M022,Session1,fru,3.0,3.0,3.0,128.8,137.74,mfcc_regression/Ses01F_script02_1_M022.npy
Ses01F_script02_1_M023,Session1,neu,2.5,2.0,1.5,139.11,141.04,mfcc_regression/Ses01F_script02_1_M023.npy
Ses01F_script02_1_M024,Session1,neu,3.0,3.0,2.5,142.78,155.64,mfcc_regression/Ses01F_script02_1_M024.npy
Ses01F_script02_1_M025,Session1,neu,3.0,3.0,2.5,163.19,176.2823,mfcc_regression/Ses01F_script02_1_M025.npy
Ses01F_script02_1_M026,Session1,neu,3.5,3.0,3.0,176.3975,181.55,mfcc_regression/Ses01F_script02_1_M026.npy
Ses01F_script02_1_M027,Session1,fru,3.0,3.0,2.5,188.88,190.47,mfcc_regression/Ses01F_script02_1_M027.npy
Ses01F_script02_1_M029,Session1,neu,3.5,3.0,2.5,202.025,209.4025,mfcc_regression/Ses01F_script02_1_M029.npy
Ses01F_script02_1_M030,Session1,sur,3.0,3.5,2.0,209.63,211.115,mfcc_regression/Ses01F_script02_1_M030.npy
Ses01F_script02_1_M031,Session1,neu,3.5,3.0,2.0,211.55,218.56,mfcc_regression/Ses01F_script02_1_M031.npy
Ses01F_script02_1_M032,Session1,neu,3.0,2.5,2.0,218.6125,225.27,mfcc_regression/Ses01F_script02_1_M032.npy
Ses01F_script02_1_M033,Session1,neu,3.5,2.5,3.0,236.5,238.77,mfcc_regression/Ses01F_script02_1_M033.npy
Ses01F_script02_1_M034,Session1,neu,3.0,2.5,3.0,240.17,245.71,mfcc_regression/Ses01F_script02_1_M034.npy
Ses01F_script02_1_M035,Session1,exc,3.0,4.0,2.5,245.79,253.114,mfcc_regression/Ses01F_script02_1_M035.npy
Ses01F_script02_1_M036,Session1,hap,3.5,3.5,2.5,253.17,261.4425,mfcc_regression/Ses01F_script02_1_M036.npy
Ses01F_script02_1_M038,Session1,exc,3.5,3.5,2.5,276.7775,291.4,mfcc_regression/Ses01F_script02_1_M038.npy
Ses01F_script02_1_M040,Session1,exc,3.0,3.5,2.5,298.2452,305.66,mfcc_regression/Ses01F_script02_1_M040.npy
Ses01F_script02_1_M043,Session1,hap,4.0,3.0,2.0,324.15,327.0891,mfcc_regression/Ses01F_script02_1_M043.npy
Ses01F_script02_1_M044,Session1,hap,4.0,2.0,1.5,328.24,331.9283,mfcc_regression/Ses01F_script02_1_M044.npy
Ses01M_script01_1_F000,Session1,fru,2.0,1.6667,1.6667,8.06,11.5914,mfcc_regression/Ses01M_script01_1_F000.npy
Ses01M_script01_1_F001,Session1,sur,2.0,2.6667,3.0,14.4,16.6181,mfcc_regression/Ses01M_script01_1_F001.npy
Ses01M_script01_1_F002,Session1,sur,2.0,3.3333,3.0,19.2815,23.92,mfcc_regression/Ses01M_script01_1_F002.npy
Ses01M_script01_1_F003,Session1,sur,2.6667,2.6667,2.6667,29.3349,33.2,mfcc_regression/Ses01M_script01_1_F003.npy
Ses01M_script01_1_F004,Session1,sad,2.0,2.0,2.0,39.7634,42.1267,mfcc_regression/Ses01M_script01_1_F004.npy
Ses01M_script01_1_F005,Session1,sad,2.3333,1.6667,2.3333,47.3034,50.417,mfcc_regression/Ses01M_script01_1_F005.npy
Ses01M_script01_1_F006,Session1,sad,2.0,2.3333,1.6667,56.6816,58.8948,mfcc_regression/Ses01M_script01_1_F006.npy
Ses01M_script01_1_F007,Session1,fru,2.3333,3.0,3.3333,59.13,62.7211,mfcc_regression/Ses01M_script01_1_F007.npy
Ses01M_script01_1_F008,Session1,ang,2.3333,2.3333,2.6667,64.24,69.2483,mfcc_regression/Ses01M_script01_1_F008.npy
Ses01M_script01_1_F010,Session1,sur,2.3333,3.0,3.6667,81.81,84.04,mfcc_regression/Ses01M_script01_1_F010.npy
Ses01M_script01_1_F011,Session1,ang,2.3333,3.3333,3.3333,91.9059,95.32,mfcc_regression/Ses01M_script01_1_F011.npy
Ses01M_script01_1_F012,Session1,fru,2.3333,2.3333,3.0,105.8606,108.81,mfcc_regression/Ses01M_script01_1_F012.npy
Ses01M_script01_1_F014,Session1,ang,1.6667,3.3333,4.0,122.46,128.7433,mfcc_regression/Ses01M_script01_1_F014.npy
Ses01M_script01_1_F015,Session1,ang,2.0,3.3333,4.3333,134.66,145.965,mfcc_regression/Ses01M_script01_1_F015.npy
Ses01M_script01_1_F016,Session1,ang,1.6667,4.3333,4.3333,149.08,155.95,mfcc_regression/Ses01M_script01_1_F016.npy
Ses01M_script01_1_F017,Session1,ang,2.0,2.3333,2.6667,166.38,168.4175,mfcc_regression/Ses01M_script01_1_F017.npy
Ses01M_script01_1_F019,Session1,fru,2.3333,3.0,3.0,179.61,183.78,mfcc_regression/Ses01M_script01_1_F019.npy
Ses01M_script01_1_F020,Session1,ang,1.6667,3.6667,4.0,185.12,188.79,mfcc_regression/Ses01M_script01_1_F020.npy
Ses01M_script01_1_F022,Session1,fru,2.3333,2.6667,3.3333,194.275,196.59,mfcc_regression/Ses01M_script01_1_F022.npy
Ses01M_script01_1_F023,Session1,ang,1.6667,3.6667,4.3333,204.2938,212.03,mfcc_regression/Ses01M_script01_1_F023.npy
Ses01M_script01_1_F024,Session1,ang,1.6667,4.3333,4.3333,213.1,226.15,mfcc_regression/Ses01M_script01_1_F024.npy
Ses01M_script01_1_F025,Session1,neu,3.3333,2.6667,3.0,240.56,244.19,mfcc_regression/Ses01M_script01_1_F025.npy
Ses01M_script01_1_F026,Session1,neu,3.0,2.3333,3.0,247.1332,251.1095,mfcc_regression/Ses01M_script01_1_F026.npy
Ses01M_script01_1_F027,Session1,fru,2.3333,3.3333,3.6667,253.54,258.8275,mfcc_regression/Ses01M_script01_1_F027.npy
Ses01M_script01_1_F028,Session1,fru,2.6667,2.6667,2.6667,268.7405,274.23,mfcc_regression/Ses01M_script01_1_F028.npy
Ses01M_script01_1_F029,Session1,ang,2.3333,2.6667,3.3333,278.1,281.21,mfcc_regression/Ses01M_script01_1_F029.npy
Ses01M_script01_1_F030,Session1,ang,1.6667,4.0,4.0,281.59,289.53,mfcc_regression/Ses01M_script01_1_F030.npy
Ses01M_script01_1_F031,Session1,sad,2.0,2.6667,3.3333,299.18,308.35,mfcc_regression/Ses01M_script01_1_F031.npy
Ses01M_script01_1_F032,Session1,ang,2.0,3.0,4.0,308.48,315.05,mfcc_regression/Ses01M_script01_1_F032.npy
Ses01M_script01_1_F034,Session1,sur,1.6667,3.0,3.3333,346.55,349.12,mfcc_regression/Ses01M_script01_1_F034.npy
Ses01M_script01_1_F035,Session1,ang,2.6667,3.6667,3.6667,352.88,356.2574,mfcc_regression/Ses01M_script01_1_F035.npy
Ses01M_script01_1_F036,Session1,ang,1.3333,4.3333,4.3333,359.08,364.855,mfcc_regression/Ses01M_script01_1_F036.npy
Ses01M_script01_1_F037,Session1,ang,2.0,3.3333,4.3333,367.54,370.95,mfcc_regression/Ses01M_script01_1_F037.npy
Ses01M_script01_1_F039,Session1,ang,1.6667,3.0,4.0,391.9425,394.865,mfcc_regression/Ses01M_script01_1_F039.npy
Ses01M_script01_1_F040,Session1,ang,1.0,4.3333,4.3333,397.1175,408.98,mfcc_regression/Ses01M_script01_1_F040.npy
Ses01M_script01_1_F041,Session1,ang,1.6667,4.3333,4.0,410.03,412.89,mfcc_regression/Ses01M_script01_1_F041.npy
Ses01M_script01_1_F042,Session1,ang,2.0,3.3333,2.6667,415.08,418.941,mfcc_regression/Ses01M_script01_1_F042.npy
Ses01M_script01_1_F043,Session1,ang,3.0,2.0,2.3333,422.8798,426.0309,mfcc_regression/Ses01M_script01_1_F043.npy
Ses01M_script01_1_M000,Session1,neu,2.6667,2.0,2.0,11.4962,14.8175,mfcc_regression/Ses01M_script01_1_M000.npy
Ses01M_script01_1_M002,Session1,neu,2.3333,2.3333,1.6667,23.65,29.785,mfcc_regression/Ses01M_script01_1_M002.npy
Ses01M_script01_1_M003,Session1,sad,2.0,2.3333,1.6667,32.97,39.31,mfcc_regression/Ses01M_script01_1_M003.npy
Ses01M_script01_1_M004,Session1,sad,2.0,2.0,2.3333,41.61,46.58,mfcc_regression/Ses01M_script01_1_M004.npy
Ses01M_script01_1_M005,Session1,sad,2.0,2.6667,2.3333,50.54,55.66,mfcc_regression/Ses01M_script01_1_M005.npy
Ses01M_script01_1_M006,Session1,sad,2.3333,2.3333,1.6667,62.8336,64.84,mfcc_regression/Ses01M_script01_1_M006.npy
Ses01M_script01_1_M007,Session1,sad,3.0,2.3333,2.0,69.4734,72.3994,mfcc_regression/Ses01M_script01_1_M007.npy
Ses01M_script01_1_M008,Session1,fru,2.3333,3.0,3.0,76.7,82.3525,mfcc_regression/Ses01M_script01_1_M008.npy
Ses01M_script01_1_M010,Session1,fru,2.6667,3.3333,3.6667,95.9573,106.345,mfcc_regression/Ses01M_script01_1_M010.npy
Ses01M_script01_1_M011,Session1,fru,2.3333,2.6667,3.3333,107.96,118.7275,mfcc_regression/Ses01M_script01_1_M011.npy
Ses01M_script01_1_M012,Session1,fru,2.0,4.0,4.0,120.31,122.62,mfcc_regression/Ses01M_script01_1_M012.npy
Ses01M_script01_1_M013,Session1,fru,2.6667,2.0,3.0,128.2182,135.42,mfcc_regression/Ses01M_script01_1_M013.npy
Ses01M_script01_1_M014,Session1,fru,2.6667,2.6667,2.0,145.36,151.18,mfcc_regression/Ses01M_script01_1_M014.npy
Ses01M_script01_1_M015,Session1,fru,3.0,2.6667,2.0,154.65,165.33,mfcc_regression/Ses01M_script01_1_M015.npy
Ses01M_script01_1_M017,Session1,neu,3.0,3.0,3.3333,175.61,179.29,mfcc_regression/Ses01M_script01_1_M017.npy
Ses01M_script01_1_M018,Session1,fru,2.6667,3.0,3.3333,183.19,185.74,mfcc_regression/Ses01M_script01_1_M018.npy
Ses01M_script01_1_M019,Session1,fru,2.6667,3.6667,3.3333,187.8,190.56,mfcc_regression/Ses01M_script01_1_M019.npy
Ses01M_script01_1_M020,Session1,ang,1.6667,4.0,4.3333,192.24,204.6689,mfcc_regression/Ses01M_script01_1_M020.npy
Ses01M_script01_1_M021,Session1,ang,2.3333,3.3333,4.3333,210.78,213.83,mfcc_regression/Ses01M_script01_1_M021.npy
Ses01M_script01_1_M022,Session1,fru,1.6667,3.6667,3.3333,234.24,241.22,mfcc_regression/Ses01M_script01_1_M022.npy
Ses01M_script01_1_M023,Session1,ang,1.3333,4.6667,4.3333,243.55,245.9,mfcc_regression/Ses01M_script01_1_M023.npy
Ses01M_script01_1_M024,Session1,sad,2.6667,3.0,2.3333,250.7344,254.349,mfcc_regression/Ses01M_script01_1_M024.npy
Ses01M_script01_1_M026,Session1,fru,2.3333,3.0,2.0,273.39,277.85,mfcc_regression/Ses01M_script01_1_M026.npy
Ses01M_script01_1_M027,Session1,fru,2.6667,3.0,3.6667,280.39,282.4625,mfcc_regression/Ses01M_script01_1_M027.npy
Ses01M_script01_1_M028,Session1,fru,3.0,3.3333,3.0,288.42,295.59,mfcc_regression/Ses01M_script01_1_M028.npy
Ses01M_script01_1_M030,Session1,fru,1.6667,3.3333,3.0,322.82,329.97,mfcc_regression/Ses01M_script01_1_M030.npy
Ses01M_script01_1_M031,Session1,fru,2.6667,3.0,3.3333,334.5001,346.89,mfcc_regression/Ses01M_script01_1_M031.npy
Ses01M_script01_1_M032,Session1,fru,3.0,3.3333,4.0,348.52,353.4525,mfcc_regression/Ses01M_script01_1_M032.npy
Ses01M_script01_1_M034,Session1,ang,2.6667,2.6667,3.0,364.25,368.55,mfcc_regression/Ses01M_script01_1_M034.npy
Ses01M_script01_1_M035,Session1,ang,2.0,4.0,4.6667,369.3,380.49,mfcc_regression/Ses01M_script01_1_M035.npy
Ses01M_script01_1_M036,Session1,fru,2.0,3.0,3.0,380.6425,383.3415,mfcc_regression/Ses01M_script01_1_M036.npy
Ses01M_script01_1_M037,Session1,neu,2.3333,2.3333,2.6667,389.2,392.15,mfcc_regression/Ses01M_script01_1_M037.npy
Ses01M_script01_1_M038,Session1,sad,2.0,2.6667,2.6667,394.4,397.08,mfcc_regression/Ses01M_script01_1_M038.npy
Ses01M_script01_1_M040,Session1,sad,2.6667,2.3333,3.0,408.0,410.1525,mfcc_regression/Ses01M_script01_1_M040.npy
Ses01M_script01_1_M041,Session1,ang,2.6667,3.0,3.6667,412.13,414.78,mfcc_regression/Ses01M_script01_1_M041.npy
Ses01M_script01_1_M042,Session1,sad,3.0,2.0,3.3333,418.6034,423.2925,mfcc_regression/Ses01M_script01_1_M042.npy
Ses02F_script01_2_F004,Session2,oth,2.6667,2.6667,3.3333,28.92,30.75,mfcc_regression/Ses02F_script01_2_F004.npy
Ses02F_script01_2_F005,Session2,ang,2.3333,3.3333,3.6667,32.31,34.46,mfcc_regression/Ses02F_script01_2_F005.npy
Ses02F_script01_2_F008,Session2,fru,2.3333,3.3333,3.0,44.52,53.51,mfcc_regression/Ses02F_script01_2_F008.npy
Ses02F_script01_2_F009,Session2,fru,2.3333,3.3333,4.0,54.71,63.76,mfcc_regression/Ses02F_script01_2_F009.npy
Ses02F_script01_2_F011,Session2,fru,1.6667,4.0,3.6667,75.5,84.12,mfcc_regression/Ses02F_script01_2_F011.npy
Ses02F_script01_2_F012,Session2,ang,1.6667,3.6667,3.6667,84.76,90.0,mfcc_regression/Ses02F_script01_2_F012.npy
Ses02F_script01_2_F013,Session2,ang,1.6667,4.0,3.6667,90.03,97.25,mfcc_regression/Ses02F_script01_2_F013.npy
Ses02F_script01_2_F014,Session2,fru,1.3333,3.3333,3.3333,97.27,100.95,mfcc_regression/Ses02F_script01_2_F014.npy
Ses02F_script01_2_F015,Session2,fru,2.0,4.0,3.0,100.96,106.12,mfcc_regression/Ses02F_script01_2_F015.npy
Ses02F_script01_2_F016,Session2,fru,2.0,3.3333,3.6667,106.27,109.48,mfcc_regression/Ses02F_script01_2_F016.npy
Ses02F_script01_2_F017,Session2,fru,2.0,2.3333,2.3333,111.19,114.2492,mfcc_regression/Ses02F_script01_2_F017.npy
Ses02F_script01_2_F018,Session2,fru,1.6667,3.3333,3.0,117.97,119.87,mfcc_regression/Ses02F_script01_2_F018.npy
Ses02F_script01_2_M001,Session2,neu,3.0,3.3333,3.0,12.53,15.66,mfcc_regression/Ses02F_script01_2_M001.npy
Ses02F_script01_2_M002,Session2,neu,3.0,2.6667,3.3333,18.62,24.2,mfcc_regression/Ses02F_script01_2_M002.npy
Ses02F_script01_2_M004,Session2,neu,2.6667,2.6667,2.6667,30.23,32.51,mfcc_regression/Ses02F_script01_2_M004.npy
Ses02F_script01_2_M005,Session2,neu,3.0,2.6667,2.0,35.89,37.61,mfcc_regression/Ses02F_script01_2_M005.npy
Ses02F_script01_2_M006,Session2,neu,3.0,2.6667,2.6667,39.01,40.9,mfcc_regression/Ses02F_script01_2_M006.npy
Ses02F_script01_2_M007,Session2,neu,3.0,2.0,3.0,42.92,44.86,mfcc_regression/Ses02F_script01_2_M007.npy
Ses02F_script01_2_M008,Session2,neu,2.6667,1.6667,2.6667,53.21,55.56,mfcc_regression/Ses02F_script01_2_M008.npy
Ses02F_script01_2_M009,Session2,fru,3.0,3.0,2.6667,63.92,66.82,mfcc_regression/Ses02F_script01_2_M009.npy
Ses02F_script01_2_M010,Session2,fru,2.6667,3.0,2.6667,74.43,76.68,mfcc_regression/Ses02F_script01_2_M010.npy
Ses02F_script01_2_M011,Session2,fru,3.0,2.3333,2.6667,83.8,85.07,mfcc_regression/Ses02F_script01_2_M011.npy
Ses02F_script01_2_M012,Session2,fru,3.0,2.6667,4.0,95.76,97.43,mfcc_regression/Ses02F_script01_2_M012.npy
Ses02F_script01_2_M013,Session2,fru,3.0,2.3333,3.0,100.21,102.12,mfcc_regression/Ses02F_script01_2_M013.npy
Ses02F_script01_2_M014,Session2,fru,3.0,3.0,3.6667,104.9,107.82,mfcc_regression/Ses02F_script01_2_M014.npy
Ses02F_script01_2_M016,Session2,ang,1.6667,3.3333,3.3333,114.0,116.5,mfcc_regression/Ses02F_script01_2_M016.npy
Ses02F_script01_2_M017,Session2,ang,1.6667,3.0,4.0,116.61,118.93,mfcc_regression/Ses02F_script01_2_M017.npy
Ses02F_script01_2_M018,Session2,ang,2.0,3.0,4.0,119.43,123.89,mfcc_regression/Ses02F_script01_2_M018.npy
Ses02M_script02_2_F001,Session2,fru,3.0,2.0,2.5,8.42,10.37,mfcc_regression/Ses02M_script02_2_F001.npy
Ses02M_script02_2_F005,Session2,ang,1.5,4.5,4.5,46.56,54.37,mfcc_regression/Ses02M_script02_2_F005.npy
Ses02M_script02_2_F006,Session2,ang,1.5,4.0,4.5,54.83,59.2,mfcc_regression/Ses02M_script02_2_F006.npy
Ses02M_script02_2_F007,Session2,fru,1.5,3.5,3.5,67.35,70.46,mfcc_regression/Ses02M_script02_2_F007.npy
Ses02M_script02_2_F008,Session2,fru,2.0,3.5,3.5,70.63,73.87,mfcc_regression/Ses02M_script02_2_F008.npy
Ses02M_script02_2_F009,Session2,fru,2.5,3.0,4.0,75.61,78.99,mfcc_regression/Ses02M_script02_2_F009.npy
Ses02M_script02_2_F010,Session2,fru,1.5,4.0,4.5,80.15,86.1393,mfcc_regression/Ses02M_script02_2_F010.npy
Ses02M_script02_2_F011,Session2,ang,1.5,4.0,4.5,86.1688,98.2,mfcc_regression/Ses02M_script02_2_F011.npy
Ses02M_script02_2_F012,Session2,fru,1.5,3.0,3.5,100.14,103.27,mfcc_regression/Ses02M_script02_2_F012.npy
Ses02M_script02_2_F013,Session2,ang,1.5,3.5,4.5,103.72,110.29,mfcc_regression/Ses02M_script02_2_F013.npy
Ses02M_script02_2_F014,Session2,fru,1.0,4.5,4.5,112.31,115.32,mfcc_regression/Ses02M_script02_2_F014.npy
Ses02M_script02_2_F015,Session2,sad,2.5,3.0,3.0,144.71,151.11,mfcc_regression/Ses02M_script02_2_F015.npy
Ses02M_script02_2_F016,Session2,sad,2.5,3.5,4.0,151.14,160.04,mfcc_regression/Ses02M_script02_2_F016.npy
Ses02M_script02_2_F017,Session2,sad,4.0,4.0,4.5,160.5,169.2428,mfcc_regression/Ses02M_script02_2_F017.npy
Ses02M_script02_2_F018,Session2,sad,3.0,4.0,4.0,169.26,177.37,mfcc_regression/Ses02M_script02_2_F018.npy
Ses02M_script02_2_F019,Session2,sad,4.0,4.0,4.0,177.39,182.97,mfcc_regression/Ses02M_script02_2_F019.npy
Ses02M_script02_2_F020,Session2,sad,2.0,2.5,3.5,196.93,202.34,mfcc_regression/Ses02M_script02_2_F020.npy
Ses02M_script02_2_F021,Session2,sad,3.0,2.0,2.0,206.92,207.87,mfcc_regression/Ses02M_script02_2_F021.npy
Ses02M_script02_2_F022,Session2,sad,3.0,2.0,2.5,209.8,210.77,mfcc_regression/Ses02M_script02_2_F022.npy
Ses02M_script02_2_F025,Session2,fru,2.0,2.5,3.0,216.53,217.51,mfcc_regression/Ses02M_script02_2_F025.npy
Ses02M_script02_2_F026,Session2,fru,2.0,3.0,4.0,218.61,219.59,mfcc_regression/Ses02M_script02_2_F026.npy
Ses02M_script02_2_F027,Session2,fru,1.5,3.5,3.5,219.82,220.99,mfcc_regression/Ses02M_script02_2_F027.npy
Ses02M_script02_2_F028,Session2,fru,1.5,3.5,4.5,226.91,230.3,mfcc_regression/Ses02M_script02_2_F028.npy
Ses02M_script02_2_F029,Session2,fru,2.0,4.0,4.0,271.03,275.29,mfcc_regression/Ses02M_script02_2_F029.npy
Ses02M_script02_2_F030,Session2,fru,1.5,3.5,4.0,275.59,280.68,mfcc_regression/Ses02M_script02_2_F030.npy
Ses02M_script02_2_F031,Session2,sad,2.0,4.0,4.0,281.09,286.4,mfcc_regression/Ses02M_script02_2_F031.npy
Ses02M_script02_2_F032,Session2,fru,1.5,3.5,4.0,287.38,299.74,mfcc_regression/Ses02M_script02_2_F032.npy
Ses02M_script02_2_F034,Session2,sad,2.0,3.5,4.0,307.05,321.47,mfcc_regression/Ses02M_script02_2_F034.npy
Ses02M_script02_2_F037,Session2,hap,2.0,3.0,3.5,338.13,341.18,mfcc_regression/Ses02M_script02_2_F037.npy
Ses02M_script02_2_F038,Session2,sad,2.0,4.0,4.5,341.2,348.55,mfcc_regression/Ses02M_script02_2_F038.npy
Ses02M_script02_2_F042,Session2,hap,4.0,3.0,3.0,382.72,385.48,mfcc_regression/Ses02M_script02_2_F042.npy
Ses02M_script02_2_F044,Session2,sad,2.5,2.5,3.0,403.83,406.02,mfcc_regression/Ses02M_script02_2_F044.npy
Ses02M_script02_2_F045,Session2,hap,4.0,2.5,2.5,410.61,412.12,mfcc_regression/Ses02M_script02_2_F045.npy
Ses02M_script02_2_F046,Session2,neu,5.0,4.0,0.5,413.53,414.91,mfcc_regression/Ses02M_script02_2_F046.npy
Ses02M_script02_2_M000,Session2,neu,3.5,3.0,2.5,3.88,5.86,mfcc_regression/Ses02M_script02_2_M000.npy
Ses02M_script02_2_M001,Session2,neu,3.0,2.5,3.0,6.88,8.73,mfcc_regression/Ses02M_script02_2_M001.npy
Ses02M_script02_2_M002,Session2,neu,2.5,3.5,4.0,10.12,14.9,mfcc_regression/Ses02M_script02_2_M002.npy
Ses02M_script02_2_M005,Session2,fru,3.0,3.5,2.0,39.49,46.98,mfcc_regression/Ses02M_script02_2_M005.npy
Ses02M_script02_2_M006,Session2,fru,1.5,3.5,3.5,53.36,55.24,mfcc_regression/Ses02M_script02_2_M006.npy
Ses02M_script02_2_M007,Session2,fru,2.5,4.0,4.0,58.79,68.15,mfcc_regression/Ses02M_script02_2_M007.npy
Ses02M_script02_2_M008,Session2,fru,2.5,3.5,3.0,69.78,71.1,mfcc_regression/Ses02M_script02_2_M008.npy
Ses02M_script02_2_M009,Session2,fru,2.5,3.0,3.0,73.46,76.01,mfcc_regression/Ses02M_script02_2_M009.npy
Ses02M_script02_2_M010,Session2,neu,2.5,3.0,4.0,78.81,81.01,mfcc_regression/Ses02M_script02_2_M010.npy
Ses02M_script02_2_M011,Session2,fru,2.5,2.5,2.0,98.12,100.09,mfcc_regression/Ses02M_script02_2_M011.npy
Ses02M_script02_2_M012,Session2,fru,2.5,3.5,3.5,102.51,104.44,mfcc_regression/Ses02M_script02_2_M012.npy
Ses02M_script02_2_M014,Session2,fru,2.5,4.0,4.0,114.92,123.02,mfcc_regression/Ses02M_script02_2_M014.npy
Ses02M_script02_2_M015,Session2,neu,2.5,3.5,3.5,123.33,135.18,mfcc_regression/Ses02M_script02_2_M015.npy
Ses02M_script02_2_M016,Session2,neu,3.0,4.0,3.5,135.19,139.71,mfcc_regression/Ses02M_script02_2_M016.npy
Ses02M_script02_2_M017,Session2,neu,3.0,3.5,3.5,140.14,146.32,mfcc_regression/Ses02M_script02_2_M017.npy
Ses02M_script02_2_M019,Session2,exc,4.0,4.0,3.5,182.22,191.59,mfcc_regression/Ses02M_script02_2_M019.npy
Ses02M_script02_2_M020,Session2,exc,4.0,4.0,3.0,191.76,197.31,mfcc_regression/Ses02M_script02_2_M020.npy
Ses02M_script02_2_M021,Session2,neu,3.0,3.5,3.5,201.82,207.29,mfcc_regression/Ses02M_script02_2_M021.npy
Ses02M_script02_2_M022,Session2,neu,3.0,3.5,3.5,207.94,210.22,mfcc_regression/Ses02M_script02_2_M022.npy
Ses02M_script02_2_M023,Session2,neu,3.0,3.0,2.5,210.71,212.51,mfcc_regression/Ses02M_script02_2_M023.npy
Ses02M_script02_2_M025,Session2,neu,2.5,3.0,3.0,215.65,217.27,mfcc_regression/Ses02M_script02_2_M025.npy
Ses02M_script02_2_M026,Session2,fru,2.0,3.5,3.5,217.29,219.28,mfcc_regression/Ses02M_script02_2_M026.npy
Ses02M_script02_2_M027,Session2,fru,2.0,3.0,3.5,219.3,220.44,mfcc_regression/Ses02M_script02_2_M027.npy
Ses02M_script02_2_M028,Session2,fru,2.0,4.5,4.0,220.46,227.86,mfcc_regression/Ses02M_script02_2_M028.npy
Ses02M_script02_2_M029,Session2,ang,1.0,4.5,4.5,229.51,242.45,mfcc_regression/Ses02M_script02_2_M029.npy
Ses02M_script02_2_M031,Session2,fru,2.0,3.0,4.0,252.28,268.43,mfcc_regression/Ses02M_script02_2_M031.npy
Ses02M_script02_2_M032,Session2,fru,2.0,3.5,4.0,268.4566,271.49,mfcc_regression/Ses02M_script02_2_M032.npy
Ses02M_script02_2_M035,Session2,sad,3.0,2.5,3.0,286.09,288.23,mfcc_regression/Ses02M_script02_2_M035.npy
Ses02M_script02_2_M037,Session2,sad,2.0,3.0,2.0,322.35,326.02,mfcc_regression/Ses02M_script02_2_M037.npy
Ses02M_script02_2_M038,Session2,sad,2.0,2.5,3.5,326.34,332.26,mfcc_regression/Ses02M_script02_2_M038.npy
Ses02M_script02_2_M040,Session2,hap,3.0,2.0,3.0,348.92,353.18,mfcc_regression/Ses02M_script02_2_M040.npy
Ses02M_script02_2_M041,Session2,hap,4.0,3.0,3.5,362.2472,368.35,mfcc_regression/Ses02M_script02_2_M041.npy
Ses02M_script02_2_M042,Session2,hap,4.0,3.5,3.5,376.27,378.43,mfcc_regression/Ses02M_script02_2_M042.npy
Ses02M_script02_2_M045,Session2,hap,3.5,2.0,3.0,405.3,409.48,mfcc_regression/Ses02M_script02_2_M045.npy
Ses02M_script02_2_M046,Session2,hap,3.5,2.5,2.5,412.47,413.86,mfcc_regression/Ses02M_script02_2_M046.npy
Ses02F_script01_3_F009,Session2,sad,3.0,3.0,3.5,61.54,64.12,mfcc_regression/Ses02F_script01_3_F009.npy
Ses02F_script01_3_F012,Session2,hap,3.5,2.5,2.5,115.79,118.542,mfcc_regression/Ses02F_script01_3_F012.npy
Ses02F_script01_3_F013,Session2,hap,4.0,3.0,2.5,121.03,123.45,mfcc_regression/Ses02F_script01_3_F013.npy
Ses02F_script01_3_F014,Session2,hap,4.5,3.0,3.5,124.82,126.7,mfcc_regression/Ses02F_script01_3_F014.npy
Ses02F_script01_3_F016,Session2,hap,4.5,5.0,4.5,146.24,154.84,mfcc_regression/Ses02F_script01_3_F016.npy
Ses02F_script01_3_F020,Session2,sad,2.5,2.0,3.5,176.8257,185.92,mfcc_regression/Ses02F_script01_3_F020.npy
Ses02F_script01_3_F021,Session2,sad,3.0,3.5,3.5,191.13,193.3241,mfcc_regression/Ses02F_script01_3_F021.npy
Ses02F_script01_3_F022,Session2,sad,2.0,2.0,3.0,196.69,198.64,mfcc_regression/Ses02F_script01_3_F022.npy
Ses02F_script01_3_F023,Session2,sad,3.5,2.0,2.5,206.99,208.41,mfcc_regression/Ses02F_script01_3_F023.npy
Ses02F_script01_3_F024,Session2,sad,3.0,2.5,2.5,211.6,213.3,mfcc_regression/Ses02F_script01_3_F024.npy
Ses02F_script01_3_F025,Session2,sad,2.0,2.0,3.0,215.8937,217.6679,mfcc_regression/Ses02F_script01_3_F025.npy
Ses02F_script01_3_F026,Session2,sad,2.5,2.0,2.5,331.43,333.69,mfcc_regression/Ses02F_script01_3_F026.npy
Ses02F_script01_3_F029,Session2,hap,4.5,3.5,3.5,357.69,360.06,mfcc_regression/Ses02F_script01_3_F029.npy
Ses02F_script01_3_M001,Session2,neu,3.5,2.5,2.5,19.38,21.03,mfcc_regression/Ses02F_script01_3_M001.npy
Ses02F_script01_3_M010,Session2,exc,3.0,3.0,4.0,100.4,109.93,mfcc_regression/Ses02F_script01_3_M010.npy
Ses02F_script01_3_M020,Session2,sad,2.0,2.5,3.5,173.5779,176.7,mfcc_regression/Ses02F_script01_3_M020.npy
Ses02F_script01_3_M021,Session2,sad,3.0,2.0,3.5,186.58,191.15,mfcc_regression/Ses02F_script01_3_M021.npy
Ses02F_script01_3_M022,Session2,sad,2.0,2.5,3.5,193.87,196.2,mfcc_regression/Ses02F_script01_3_M022.npy
Ses02F_script01_3_M023,Session2,sad,2.5,2.5,3.5,200.09,207.24,mfcc_regression/Ses02F_script01_3_M023.npy
Ses02F_script01_3_M024,Session2,sad,2.0,2.5,3.0,209.23,211.38,mfcc_regression/Ses02F_script01_3_M024.npy
Ses02F_script01_3_M025,Session2,sad,2.0,2.0,3.0,214.07,215.64,mfcc_regression/Ses02F_script01_3_M025.npy
Ses02F_script01_3_M026,Session2,sad,2.5,3.0,4.0,218.09,223.28,mfcc_regression/Ses02F_script01_3_M026.npy
Ses02F_script01_3_M027,Session2,sad,3.0,3.5,4.0,224.16,238.3,mfcc_regression/Ses02F_script01_3_M027.npy
Ses02F_script01_3_M028,Session2,sad,2.0,3.0,4.0,238.37,247.36,mfcc_regression/Ses02F_script01_3_M028.npy
Ses02F_script01_3_M029,Session2,sad,3.0,3.5,5.0,247.94,261.65,mfcc_regression/Ses02F_script01_3_M029.npy
Ses02F_script01_3_M030,Session2,sad,3.0,4.0,5.0,261.69,273.34,mfcc_regression/Ses02F_script01_3_M030.npy
Ses02F_script01_3_M031,Session2,sad,2.0,3.0,4.5,274.75,290.06,mfcc_regression/Ses02F_script01_3_M031.npy
Ses02F_script01_3_M032,Session2,sad,2.0,3.0,4.5,290.35,307.67,mfcc_regression/Ses02F_script01_3_M032.npy
Ses02F_script01_3_M033,Session2,sad,3.0,3.0,4.5,308.71,320.45,mfcc_regression/Ses02F_script01_3_M033.npy
Ses02F_script01_3_M034,Session2,sad,2.0,3.0,4.5,320.83,330.73,mfcc_regression/Ses02F_script01_3_M034.npy
Ses02F_script03_1_F000,Session2,fea,3.0,3.3333,2.3333,6.38,7.63,mfcc_regression/Ses02F_script03_1_F000.npy
Ses02F_script03_1_F001,Session2,fea,3.0,3.0,2.6667,8.75,12.49,mfcc_regression/Ses02F_script03_1_F001.npy
Ses02F_script03_1_F002,Session2,fea,3.0,3.0,2.0,13.77,16.24,mfcc_regression/Ses02F_script03_1_F002.npy
Ses02F_script03_1_F005,Session2,exc,3.6667,4.0,2.3333,28.4,32.45,mfcc_regression/Ses02F_script03_1_F005.npy
Ses02F_script03_1_F006,Session2,hap,4.0,3.3333,1.6667,34.49,36.76,mfcc_regression/Ses02F_script03_1_F006.npy
Ses02F_script03_1_F007,Session2,hap,4.0,3.3333,2.3333,37.7,41.55,mfcc_regression/Ses02F_script03_1_F007.npy
Ses02F_script03_1_F008,Session2,hap,2.6667,2.3333,2.0,45.23,48.88,mfcc_regression/Ses02F_script03_1_F008.npy
Ses02F_script03_1_F009,Session2,hap,2.6667,2.6667,2.6667,49.65,53.32,mfcc_regression/Ses02F_script03_1_F009.npy
Ses02F_script03_1_F010,Session2,hap,3.3333,2.0,3.0,56.38,58.73,mfcc_regression/Ses02F_script03_1_F010.npy
Ses02F_script03_1_F012,Session2,neu,3.6667,2.3333,2.6667,70.51,71.76,mfcc_regression/Ses02F_script03_1_F012.npy
Ses02F_script03_1_F013,Session2,neu,3.6667,2.6667,2.3333,81.78,84.79,mfcc_regression/Ses02F_script03_1_F013.npy
Ses02F_script03_1_F014,Session2,neu,4.0,2.6667,2.0,86.93,92.26,mfcc_regression/Ses02F_script03_1_F014.npy
Ses02F_script03_1_F015,Session2,neu,3.6667,2.3333,2.3333,93.31,96.54,mfcc_regression/Ses02F_script03_1_F015.npy
Ses02F_script03_1_F016,Session2,neu,3.3333,2.6667,2.0,99.04,101.35,mfcc_regression/Ses02F_script03_1_F016.npy
Ses02F_script03_1_F017,Session2,neu,2.6667,3.0,2.3333,103.02,109.24,mfcc_regression/Ses02F_script03_1_F017.npy
Ses02F_script03_1_F019,Session2,hap,4.0,3.3333,2.6667,117.52,119.97,mfcc_regression/Ses02F_script03_1_F019.npy
Ses02F_script03_1_F020,Session2,hap,3.3333,2.6667,3.0,140.2,142.43,mfcc_regression/Ses02F_script03_1_F020.npy
Ses02F_script03_1_F021,Session2,hap,4.0,2.6667,3.6667,152.95,160.57,mfcc_regression/Ses02F_script03_1_F021.npy
Ses02F_script03_1_F022,Session2,hap,4.0,2.3333,2.0,162.7044,164.74,mfcc_regression/Ses02F_script03_1_F022.npy
Ses02F_script03_1_F023,Session2,hap,4.3333,3.3333,2.3333,168.43,173.2,mfcc_regression/Ses02F_script03_1_F023.npy
Ses02F_script03_1_F024,Session2,hap,4.0,2.6667,3.0,174.19,179.85,mfcc_regression/Ses02F_script03_1_F024.npy
Ses02F_script03_1_F025,Session2,hap,4.0,3.0,3.3333,181.02,183.93,mfcc_regression/Ses02F_script03_1_F025.npy
Ses02F_script03_1_F026,Session2,hap,4.3333,4.0,3.0,187.4,191.65,mfcc_regression/Ses02F_script03_1_F026.npy
Ses02F_script03_1_F027,Session2,neu,3.3333,3.0,3.3333,192.59,195.55,mfcc_regression/Ses02F_script03_1_F027.npy
Ses02F_script03_1_F028,Session2,hap,4.6667,4.0,3.0,197.09,204.39,mfcc_regression/Ses02F_script03_1_F028.npy
Ses02F_script03_1_F029,Session2,exc,4.0,2.6667,2.6667,204.84,208.53,mfcc_regression/Ses02F_script03_1_F029.npy
Ses02F_script03_1_M001,Session2,neu,3.0,2.0,2.6667,7.71,8.8,mfcc_regression/Ses02F_script03_1_M001.npy
Ses02F_script03_1_M004,Session2,neu,3.6667,2.3333,4.0,20.65,22.18,mfcc_regression/Ses02F_script03_1_M004.npy
Ses02F_script03_1_M005,Session2,neu,3.3333,4.0,2.6667,23.91,28.8,mfcc_regression/Ses02F_script03_1_M005.npy
Ses02F_script03_1_M007,Session2,neu,3.6667,2.6667,3.0,36.53,38.4,mfcc_regression/Ses02F_script03_1_M007.npy
Ses02F_script03_1_M008,Session2,neu,3.6667,2.6667,3.0,41.2,45.89,mfcc_regression/Ses02F_script03_1_M008.npy
Ses02F_script03_1_M009,Session2,neu,3.0,2.0,3.6667,48.15,50.17,mfcc_regression/Ses02F_script03_1_M009.npy
Ses02F_script03_1_M010,Session2,neu,3.6667,3.0,2.6667,53.18,56.93,mfcc_regression/Ses02F_script03_1_M010.npy
Ses02F_script03_1_M012,Session2,neu,3.6667,3.3333,3.6667,68.0,70.94,mfcc_regression/Ses02F_script03_1_M012.npy
Ses02F_script03_1_M013,Session2,neu,3.3333,3.6667,3.6667,71.42,78.64,mfcc_regression/Ses02F_script03_1_M013.npy
Ses02F_script03_1_M014,Session2,neu,3.6667,3.6667,3.6667,78.65,82.14,mfcc_regression/Ses02F_script03_1_M014.npy
Ses02F_script03_1_M015,Session2,neu,3.6667,2.6667,3.3333,84.5,87.28,mfcc_regression/Ses02F_script03_1_M015.npy
Ses02F_script03_1_M016,Session2,neu,3.3333,2.0,2.6667,92.01,93.37,mfcc_regression/Ses02F_script03_1_M016.npy
Ses02F_script03_1_M017,Session2,neu,3.0,2.3333,2.6667,96.23,99.74,mfcc_regression/Ses02F_script03_1_M017.npy
Ses02F_script03_1_M018,Session2,neu,3.3333,2.3333,3.0,101.1,103.33,mfcc_regression/Ses02F_script03_1_M018.npy
Ses02F_script03_1_M019,Session2,exc,3.6667,3.0,4.0,108.68,111.96,mfcc_regression/Ses02F_script03_1_M019.npy
Ses02F_script03_1_M020,Session2,exc,3.6667,3.3333,3.3333,112.79,118.28,mfcc_regression/Ses02F_script03_1_M020.npy
Ses02F_script03_1_M021,Session2,neu,3.0,2.6667,3.0,119.48,122.22,mfcc_regression/Ses02F_script03_1_M021.npy
Ses02F_script03_1_M022,Session2,exc,4.0,3.0,4.3333,122.26,136.21,mfcc_regression/Ses02F_script03_1_M022.npy
Ses02F_script03_1_M023,Session2,exc,4.0,3.0,4.6667,136.2304,140.63,mfcc_regression/Ses02F_script03_1_M023.npy
Ses02F_script03_1_M024,Session2,neu,4.0,2.6667,3.3333,142.82,153.49,mfcc_regression/Ses02F_script03_1_M024.npy
Ses02F_script03_1_M025,Session2,neu,3.0,2.6667,2.6667,160.01,162.6809,mfcc_regression/Ses02F_script03_1_M025.npy
Ses02F_script03_1_M026,Session2,neu,3.3333,3.0,2.3333,164.31,169.16,mfcc_regression/Ses02F_script03_1_M026.npy
Ses02F_script03_1_M028,Session2,neu,3.0,2.6667,2.6667,179.56,181.65,mfcc_regression/Ses02F_script03_1_M028.npy
Ses02F_script03_1_M029,Session2,neu,3.6667,3.0,3.3333,183.49,189.02,mfcc_regression/Ses02F_script03_1_M029.npy
Ses02F_script03_1_M031,Session2,neu,4.0,2.6667,3.0,195.45,197.67,mfcc_regression/Ses02F_script03_1_M031.npy
Ses02F_script03_1_M032,Session2,exc,4.0,3.3333,3.0,202.74,205.36,mfcc_regression/Ses02F_script03_1_M032.npy
Ses02F_script03_1_M033,Session2,neu,3.6667,2.3333,3.0,208.21,210.45,mfcc_regression/Ses02F_script03_1_M033.npy
Ses02F_script03_1_M034,Session2,neu,3.0,2.0,3.3333,212.42,217.2,mfcc_regression/Ses02F_script03_1_M034.npy
Ses02F_script01_1_F004,Session2,sad,2.0,2.0,3.0,33.2025,35.1973,mfcc_regression/Ses02F_script01_1_F004.npy
Ses02F_script01_1_F005,Session2,sad,2.0,2.0,2.5,39.1,41.86,mfcc_regression/Ses02F_script01_1_F005.npy
Ses02F_script01_1_F006,Session2,sad,2.0,2.5,3.0,44.88,47.19,mfcc_regression/Ses02F_script01_1_F006.npy
Ses02F_script01_1_F011,Session2,fru,2.5,3.0,3.0,78.23,80.27,mfcc_regression/Ses02F_script01_1_F011.npy
Ses02F_script01_1_F012,Session2,fru,2.0,2.5,4.0,96.48,98.71,mfcc_regression/Ses02F_script01_1_F012.npy
Ses02F_script01_1_F013,Session2,fru,2.5,4.0,3.5,99.88,102.43,mfcc_regression/Ses02F_script01_1_F013.npy
Ses02F_script01_1_F014,Session2,fru,2.0,3.5,4.0,106.41,116.22,mfcc_regression/Ses02F_script01_1_F014.npy
Ses02F_script01_1_F017,Session2,sad,2.5,3.0,2.5,134.54,138.67,mfcc_regression/Ses02F_script01_1_F017.npy
Ses02F_script01_1_F018,Session2,neu,2.5,3.0,3.5,142.52,144.9616,mfcc_regression/Ses02F_script01_1_F018.npy
Ses02F_script01_1_F019,Session2,ang,2.0,3.5,3.5,147.2,150.78,mfcc_regression/Ses02F_script01_1_F019.npy
Ses02F_script01_1_F021,Session2,neu,2.0,3.0,3.5,157.81,159.75,mfcc_regression/Ses02F_script01_1_F021.npy
Ses02F_script01_1_F023,Session2,fru,2.0,3.5,4.5,173.9,179.63,mfcc_regression/Ses02F_script01_1_F023.npy
Ses02F_script01_1_F024,Session2,fru,2.0,3.5,4.5,179.66,187.68,mfcc_regression/Ses02F_script01_1_F024.npy
Ses02F_script01_1_F025,Session2,neu,3.5,2.0,3.0,199.53,202.24,mfcc_regression/Ses02F_script01_1_F025.npy
Ses02F_script01_1_F026,Session2,neu,2.5,3.5,3.5,203.2237,206.3,mfcc_regression/Ses02F_script01_1_F026.npy
Ses02F_script01_1_F027,Session2,neu,2.5,3.0,3.0,208.33,212.7334,mfcc_regression/Ses02F_script01_1_F027.npy
Ses02F_script01_1_F028,Session2,sad,2.0,3.5,3.5,225.01,227.92,mfcc_regression/Ses02F_script01_1_F028.npy
Ses02F_script01_1_F029,Session2,fru,2.0,3.0,3.5,227.95,229.497,mfcc_regression/Ses02F_script01_1_F029.npy
Ses02F_script01_1_F030,Session2,fru,2.0,4.0,4.0,231.1923,234.0509,mfcc_regression/Ses02F_script01_1_F030.npy
Ses02F_script01_1_F031,Session2,fru,2.0,3.0,4.0,236.3101,244.83,mfcc_regression/Ses02F_script01_1_F031.npy
Ses02F_script01_1_F032,Session2,fru,1.5,4.0,4.5,252.91,261.31,mfcc_regression/Ses02F_script01_1_F032.npy
Ses02F_script01_1_F033,Session2,fru,2.0,3.5,4.5,261.33,264.88,mfcc_regression/Ses02F_script01_1_F033.npy
Ses02F_script01_1_F034,Session2,fru,1.5,4.0,3.5,265.58,268.27,mfcc_regression/Ses02F_script01_1_F034.npy
Ses02F_script01_1_F035,Session2,sur,2.0,2.5,4.0,281.74,283.66,mfcc_regression/Ses02F_script01_1_F035.npy
Ses02F_script01_1_F036,Session2,ang,1.5,3.5,4.0,289.08,290.77,mfcc_regression/Ses02F_script01_1_F036.npy
Ses02F_script01_1_F037,Session2,ang,2.0,4.5,4.5,293.36,295.88,mfcc_regression/Ses02F_script01_1_F037.npy
Ses02F_script01_1_F038,Session2,ang,1.5,3.5,4.0,298.41,300.58,mfcc_regression/Ses02F_script01_1_F038.npy
Ses02F_script01_1_F040,Session2,ang,1.5,3.5,3.5,322.49,325.8319,mfcc_regression/Ses02F_script01_1_F040.npy
Ses02F_script01_1_F042,Session2,fru,1.5,3.5,4.0,339.26,343.76,mfcc_regression/Ses02F_script01_1_F042.npy
Ses02F_script01_1_F043,Session2,fru,2.0,2.0,3.0,346.56,349.87,mfcc_regression/Ses02F_script01_1_F043.npy
Ses02F_script01_1_F044,Session2,sad,3.5,2.0,2.5,353.52,356.2,mfcc_regression/Ses02F_script01_1_F044.npy
Ses02F_script01_1_M011,Session2,ang,2.0,3.5,4.5,86.35,97.8,mfcc_regression/Ses02F_script01_1_M011.npy
Ses02F_script01_1_M012,Session2,fru,2.5,3.5,4.0,98.22,100.16,mfcc_regression/Ses02F_script01_1_M012.npy
Ses02F_script01_1_M013,Session2,ang,2.0,3.5,4.0,102.09,107.18,mfcc_regression/Ses02F_script01_1_M013.npy
Ses02F_script01_1_M015,Session2,fru,2.0,3.0,3.5,124.86,131.81,mfcc_regression/Ses02F_script01_1_M015.npy
Ses02F_script01_1_M017,Session2,neu,3.0,2.5,3.5,139.31,141.78,mfcc_regression/Ses02F_script01_1_M017.npy
Ses02F_script01_1_M018,Session2,fru,2.5,2.5,3.5,144.93,147.74,mfcc_regression/Ses02F_script01_1_M018.npy
Ses02F_script01_1_M019,Session2,fru,2.0,3.5,3.5,150.84,152.16,mfcc_regression/Ses02F_script01_1_M019.npy
Ses02F_script01_1_M020,Session2,fru,2.0,3.0,3.5,152.17,153.81,mfcc_regression/Ses02F_script01_1_M020.npy
Ses02F_script01_1_M021,Session2,ang,2.0,3.5,4.5,155.79,158.58,mfcc_regression/Ses02F_script01_1_M021.npy
Ses02F_script01_1_M023,Session2,ang,2.0,2.5,3.5,172.74,174.76,mfcc_regression/Ses02F_script01_1_M023.npy
Ses02F_script01_1_M024,Session2,fru,1.5,3.5,4.5,187.68,200.6209,mfcc_regression/Ses02F_script01_1_M024.npy
Ses02F_script01_1_M025,Session2,ang,1.5,3.0,4.0,201.98,203.36,mfcc_regression/Ses02F_script01_1_M025.npy
Ses02F_script01_1_M027,Session2,sad,2.0,3.0,4.0,212.7,225.6616,mfcc_regression/Ses02F_script01_1_M027.npy
Ses02F_script01_1_M029,Session2,neu,3.0,2.5,3.5,234.39,235.97,mfcc_regression/Ses02F_script01_1_M029.npy
Ses02F_script01_1_M031,Session2,fru,2.5,3.5,3.5,249.54,253.71,mfcc_regression/Ses02F_script01_1_M031.npy
Ses02F_script01_1_M032,Session2,fru,2.5,3.0,3.5,263.87,265.82,mfcc_regression/Ses02F_script01_1_M032.npy
Ses02F_script01_1_M033,Session2,fru,2.0,4.0,4.0,268.0638,277.8066,mfcc_regression/Ses02F_script01_1_M033.npy
Ses02F_script01_1_M036,Session2,ang,1.5,4.0,4.5,290.27,293.54,mfcc_regression/Ses02F_script01_1_M036.npy
Ses02F_script01_1_M037,Session2,ang,1.5,3.5,4.0,295.54,298.99,mfcc_regression/Ses02F_script01_1_M037.npy
Ses02F_script01_1_M038,Session2,ang,1.5,4.0,4.5,299.37,306.84,mfcc_regression/Ses02F_script01_1_M038.npy
Ses02F_script01_1_M040,Session2,neu,2.5,2.5,4.0,319.97,322.48,mfcc_regression/Ses02F_script01_1_M040.npy
Ses02F_script01_1_M042,Session2,fru,2.5,3.5,4.0,335.16,338.97,mfcc_regression/Ses02F_script01_1_M042.npy
Ses02F_script01_1_M043,Session2,neu,2.5,2.5,4.0,343.35,345.67,mfcc_regression/Ses02F_script01_1_M043.npy
Ses02F_script01_1_M044,Session2,neu,2.5,2.5,3.5,350.05,353.43,mfcc_regression/Ses02F_script01_1_M044.npy
Ses02M_script02_1_F000,Session2,neu,2.5,2.5,2.0,20.19,21.58,mfcc_regression/Ses02M_script02_1_F000.npy
Ses02M_script02_1_F001,Session2,neu,2.0,2.0,2.0,42.86,44.95,mfcc_regression/Ses02M_script02_1_F001.npy
Ses02M_script02_1_F002,Session2,fru,2.0,2.5,3.0,48.0,49.83,mfcc_regression/Ses02M_script02_1_F002.npy
Ses02M_script02_1_F003,Session2,fru,2.0,3.0,3.0,51.4,53.84,mfcc_regression/Ses02M_script02_1_F003.npy
Ses02M_script02_1_F004,Session2,fru,2.0,3.5,3.0,54.95,60.17,mfcc_regression/Ses02M_script02_1_F004.npy
Ses02M_script02_1_F005,Session2,neu,2.5,1.5,2.0,76.53,78.27,mfcc_regression/Ses02M_script02_1_F005.npy
Ses02M_script02_1_F006,Session2,neu,2.0,2.5,2.5,105.79,107.41,mfcc_regression/Ses02M_script02_1_F006.npy
Ses02M_script02_1_F007,Session2,fru,2.0,3.0,2.5,108.99,111.68,mfcc_regression/Ses02M_script02_1_F007.npy
Ses02M_script02_1_F008,Session2,fru,2.0,3.0,3.0,116.81,119.05,mfcc_regression/Ses02M_script02_1_F008.npy
Ses02M_script02_1_F009,Session2,fru,2.5,3.0,3.0,119.47,121.15,mfcc_regression/Ses02M_script02_1_F009.npy
Ses02M_script02_1_F010,Session2,fru,2.5,2.5,2.5,122.08,124.08,mfcc_regression/Ses02M_script02_1_F010.npy
Ses02M_script02_1_F011,Session2,neu,2.0,3.0,3.0,132.71,134.56,mfcc_regression/Ses02M_script02_1_F011.npy
Ses02M_script02_1_F012,Session2,fru,2.0,3.5,3.0,136.1,139.0,mfcc_regression/Ses02M_script02_1_F012.npy
Ses02M_script02_1_F013,Session2,fru,2.0,3.5,3.0,151.27,158.26,mfcc_regression/Ses02M_script02_1_F013.npy
Ses02M_script02_1_F014,Session2,fru,2.0,4.0,3.0,170.64,178.57,mfcc_regression/Ses02M_script02_1_F014.npy
Ses02M_script02_1_F015,Session2,fru,2.0,3.0,2.5,179.74,180.91,mfcc_regression/Ses02M_script02_1_F015.npy
Ses02M_script02_1_F016,Session2,sad,2.5,3.0,2.0,197.37,199.0,mfcc_regression/Ses02M_script02_1_F016.npy
Ses02M_script02_1_F017,Session2,neu,2.5,2.5,2.5,200.09,201.08,mfcc_regression/Ses02M_script02_1_F017.npy
Ses02M_script02_1_F018,Session2,ang,2.0,4.0,3.5,214.72,224.97,mfcc_regression/Ses02M_script02_1_F018.npy
Ses02M_script02_1_F019,Session2,fru,2.5,2.5,2.5,226.47,228.48,mfcc_regression/Ses02M_script02_1_F019.npy
Ses02M_script02_1_F020,Session2,neu,2.5,2.5,3.0,307.26,308.79,mfcc_regression/Ses02M_script02_1_F020.npy
Ses02M_script02_1_F021,Session2,neu,2.5,2.0,2.0,311.58,312.91,mfcc_regression/Ses02M_script02_1_F021.npy
Ses02M_script02_1_F022,Session2,fru,2.0,2.5,2.5,314.67,316.83,mfcc_regression/Ses02M_script02_1_F022.npy
Ses02M_script02_1_M000,Session2,exc,4.0,3.5,2.5,4.93,8.28,mfcc_regression/Ses02M_script02_1_M000.npy
Ses02M_script02_1_M001,Session2,exc,4.5,3.5,2.5,8.36,12.78,mfcc_regression/Ses02M_script02_1_M001.npy
Ses02M_script02_1_M003,Session2,exc,4.0,3.0,2.0,19.11,20.54,mfcc_regression/Ses02M_script02_1_M003.npy
Ses02M_script02_1_M004,Session2,exc,4.0,3.0,2.0,21.92,28.18,mfcc_regression/Ses02M_script02_1_M004.npy
Ses02M_script02_1_M005,Session2,exc,4.0,3.0,1.5,28.39,34.0,mfcc_regression/Ses02M_script02_1_M005.npy
Ses02M_script02_1_M006,Session2,exc,2.5,2.5,2.5,34.41,43.27,mfcc_regression/Ses02M_script02_1_M006.npy
Ses02M_script02_1_M007,Session2,fru,2.5,2.0,2.0,45.24,48.45,mfcc_regression/Ses02M_script02_1_M007.npy
Ses02M_script02_1_M008,Session2,fru,3.0,3.0,2.0,50.4,51.75,mfcc_regression/Ses02M_script02_1_M008.npy
Ses02M_script02_1_M013,Session2,exc,3.5,3.0,2.5,78.2894,85.75,mfcc_regression/Ses02M_script02_1_M013.npy
Ses02M_script02_1_M014,Session2,exc,3.5,3.0,2.5,85.87,92.41,mfcc_regression/Ses02M_script02_1_M014.npy
Ses02M_script02_1_M015,Session2,exc,4.0,3.5,2.0,92.4252,97.22,mfcc_regression/Ses02M_script02_1_M015.npy
Ses02M_script02_1_M016,Session2,exc,4.0,2.5,2.0,99.7938,106.1,mfcc_regression/Ses02M_script02_1_M016.npy
Ses02M_script02_1_M018,Session2,fru,2.5,3.5,3.0,111.78,117.13,mfcc_regression/Ses02M_script02_1_M018.npy
Ses02M_script02_1_M022,Session2,sur,2.5,3.5,2.0,134.64,136.12,mfcc_regression/Ses02M_script02_1_M022.npy
Ses02M_script02_1_M023,Session2,exc,3.5,3.5,2.5,138.77,143.96,mfcc_regression/Ses02M_script02_1_M023.npy
Ses02M_script02_1_M024,Session2,exc,3.5,3.5,3.5,143.99,152.01,mfcc_regression/Ses02M_script02_1_M024.npy
Ses02M_script02_1_M025,Session2,exc,3.0,4.0,3.0,158.01,168.1327,mfcc_regression/Ses02M_script02_1_M025.npy
Ses02M_script02_1_M026,Session2,exc,4.5,3.0,2.5,168.174,171.55,mfcc_regression/Ses02M_script02_1_M026.npy
Ses02M_script02_1_M027,Session2,fru,3.5,3.5,2.5,178.64,180.09,mfcc_regression/Ses02M_script02_1_M027.npy
Ses02M_script02_1_M028,Session2,exc,3.0,4.0,2.5,180.46,190.41,mfcc_regression/Ses02M_script02_1_M028.npy
Ses02M_script02_1_M029,Session2,exc,3.0,3.5,3.0,190.44,198.25,mfcc_regression/Ses02M_script02_1_M029.npy
Ses02M_script02_1_M030,Session2,sur,2.0,2.5,1.5,199.14,200.36,mfcc_regression/Ses02M_script02_1_M030.npy
Ses02M_script02_1_M032,Session2,fru,2.5,2.5,2.5,206.71,215.35,mfcc_regression/Ses02M_script02_1_M032.npy
Ses02M_script02_1_M034,Session2,fru,4.0,2.0,2.0,228.19,234.61,mfcc_regression/Ses02M_script02_1_M034.npy
Ses02M_script02_1_M035,Session2,exc,2.5,2.0,2.0,235.0,240.12,mfcc_regression/Ses02M_script02_1_M035.npy
Ses02M_script02_1_M036,Session2,exc,4.5,3.0,2.5,240.14,249.86,mfcc_regression/Ses02M_script02_1_M036.npy
Ses02M_script02_1_M037,Session2,exc,4.0,3.0,2.5,250.67,255.41,mfcc_regression/Ses02M_script02_1_M037.npy
Ses02M_script02_1_M038,Session2,exc,3.5,3.0,2.5,255.48,264.04,mfcc_regression/Ses02M_script02_1_M038.npy
Ses02M_script02_1_M039,Session2,exc,3.5,3.5,2.5,264.11,282.9385,mfcc_regression/Ses02M_script02_1_M039.npy
Ses02M_script02_1_M040,Session2,exc,3.0,3.5,2.5,282.97,294.5,mfcc_regression/Ses02M_script02_1_M040.npy
Ses02M_script02_1_M041,Session2,exc,4.0,3.5,2.5,294.99,304.38,mfcc_regression/Ses02M_script02_1_M041.npy
Ses02M_script02_1_M042,Session2,exc,4.5,3.0,2.5,304.44,307.91,mfcc_regression/Ses02M_script02_1_M042.npy
Ses02F_script03_2_F007,Session2,neu,2.5,3.0,2.5,43.83,48.33,mfcc_regression/Ses02F_script03_2_F007.npy
Ses02F_script03_2_F011,Session2,neu,2.5,3.0,3.0,66.65,70.77,mfcc_regression/Ses02F_script03_2_F011.npy
Ses02F_script03_2_F012,Session2,neu,2.5,3.0,2.5,75.54,78.33,mfcc_regression/Ses02F_script03_2_F012.npy
Ses02F_script03_2_F013,Session2,ang,2.0,3.5,3.0,81.28,83.36,mfcc_regression/Ses02F_script03_2_F013.npy
Ses02F_script03_2_F014,Session2,ang,2.0,4.0,3.0,83.41,84.55,mfcc_regression/Ses02F_script03_2_F014.npy
Ses02F_script03_2_F016,Session2,exc,2.5,2.5,3.0,96.56,101.82,mfcc_regression/Ses02F_script03_2_F016.npy
Ses02F_script03_2_F017,Session2,fru,2.5,3.0,3.0,103.83,105.57,mfcc_regression/Ses02F_script03_2_F017.npy
Ses02F_script03_2_F018,Session2,ang,2.5,3.5,3.5,105.61,107.71,mfcc_regression/Ses02F_script03_2_F018.npy
Ses02F_script03_2_F019,Session2,fru,2.5,2.0,3.0,110.5,113.55,mfcc_regression/Ses02F_script03_2_F019.npy
Ses02F_script03_2_F020,Session2,ang,2.5,3.0,3.5,115.52,117.56,mfcc_regression/Ses02F_script03_2_F020.npy
Ses02F_script03_2_F022,Session2,fru,2.0,3.5,3.5,122.03,127.89,mfcc_regression/Ses02F_script03_2_F022.npy
Ses02F_script03_2_F024,Session2,fru,2.5,2.0,3.0,137.74,139.51,mfcc_regression/Ses02F_script03_2_F024.npy
Ses02F_script03_2_F025,Session2,ang,2.5,2.5,3.0,145.08,146.94,mfcc_regression/Ses02F_script03_2_F025.npy
Ses02F_script03_2_F026,Session2,fru,2.5,2.5,3.5,146.96,148.6,mfcc_regression/Ses02F_script03_2_F026.npy
Ses02F_script03_2_F028,Session2,fru,2.5,3.5,3.5,158.78,163.6,mfcc_regression/Ses02F_script03_2_F028.npy
Ses02F_script03_2_F029,Session2,ang,2.0,4.0,3.5,167.45,169.29,mfcc_regression/Ses02F_script03_2_F029.npy
Ses02F_script03_2_F030,Session2,fru,2.5,2.0,3.0,171.85,175.63,mfcc_regression/Ses02F_script03_2_F030.npy
Ses02F_script03_2_F031,Session2,ang,2.5,2.0,3.0,181.62,183.11,mfcc_regression/Ses02F_script03_2_F031.npy
Ses02F_script03_2_F032,Session2,fru,2.5,3.0,3.5,185.69,189.73,mfcc_regression/Ses02F_script03_2_F032.npy
Ses02F_script03_2_F034,Session2,ang,2.0,3.0,3.0,195.94,198.21,mfcc_regression/Ses02F_script03_2_F034.npy
Ses02F_script03_2_F035,Session2,ang,2.0,3.0,3.0,199.58,204.21,mfcc_regression/Ses02F_script03_2_F035.npy
Ses02F_script03_2_F036,Session2,ang,2.0,3.5,3.5,205.69,209.75,mfcc_regression/Ses02F_script03_2_F036.npy
Ses02F_script03_2_F037,Session2,ang,1.5,4.5,3.5,209.89,212.3,mfcc_regression/Ses02F_script03_2_F037.npy
Ses02F_script03_2_F038,Session2,ang,1.5,4.0,3.5,212.34,217.87,mfcc_regression/Ses02F_script03_2_F038.npy
Ses02F_script03_2_F039,Session2,ang,1.5,4.5,3.5,218.49,224.82,mfcc_regression/Ses02F_script03_2_F039.npy
Ses02F_script03_2_F040,Session2,ang,1.5,4.5,4.0,230.08,234.22,mfcc_regression/Ses02F_script03_2_F040.npy
Ses02F_script03_2_F041,Session2,ang,1.5,4.0,4.0,234.48,236.44,mfcc_regression/Ses02F_script03_2_F041.npy
Ses02F_script03_2_F042,Session2,ang,1.5,4.5,4.0,236.48,241.06,mfcc_regression/Ses02F_script03_2_F042.npy
Ses02F_script03_2_F043,Session2,ang,1.5,5.0,4.0,241.08,251.95,mfcc_regression/Ses02F_script03_2_F043.npy
Ses02F_script03_2_M000,Session2,neu,3.0,2.5,2.5,4.62,8.28,mfcc_regression/Ses02F_script03_2_M000.npy
Ses02F_script03_2_M001,Session2,neu,2.5,3.5,2.5,9.58,12.62,mfcc_regression/Ses02F_script03_2_M001.npy
Ses02F_script03_2_M006,Session2,ang,2.0,4.5,3.0,36.66,37.83,mfcc_regression/Ses02F_script03_2_M006.npy
Ses02F_script03_2_M007,Session2,ang,2.0,4.0,2.0,41.85,43.94,mfcc_regression/Ses02F_script03_2_M007.npy
Ses02F_script03_2_M009,Session2,neu,3.0,2.5,3.0,52.75,56.9,mfcc_regression/Ses02F_script03_2_M009.npy
Ses02F_script03_2_M011,Session2,neu,3.0,2.5,2.5,63.2,66.64,mfcc_regression/Ses02F_script03_2_M011.npy
Ses02F_script03_2_M012,Session2,fru,2.5,2.5,3.5,70.5,76.54,mfcc_regression/Ses02F_script03_2_M012.npy
Ses02F_script03_2_M013,Session2,ang,2.5,3.5,3.5,77.56,82.4,mfcc_regression/Ses02F_script03_2_M013.npy
Ses02F_script03_2_M015,Session2,fru,2.5,1.5,2.5,84.36,85.32,mfcc_regression/Ses02F_script03_2_M015.npy
Ses02F_script03_2_M019,Session2,fru,2.5,2.5,3.0,104.87,106.25,mfcc_regression/Ses02F_script03_2_M019.npy
Ses02F_script03_2_M021,Session2,fru,2.0,3.5,3.0,113.07,115.8,mfcc_regression/Ses02F_script03_2_M021.npy
Ses02F_script03_2_M022,Session2,fru,2.5,3.5,3.5,117.17,121.19,mfcc_regression/Ses02F_script03_2_M022.npy
Ses02F_script03_2_M023,Session2,fru,2.5,4.0,3.0,121.21,122.69,mfcc_regression/Ses02F_script03_2_M023.npy
Ses02F_script03_2_M027,Session2,ang,2.5,3.5,3.0,148.25,150.56,mfcc_regression/Ses02F_script03_2_M027.npy
Ses02F_script03_2_M028,Session2,fru,2.5,3.5,3.5,151.66,159.67,mfcc_regression/Ses02F_script03_2_M028.npy
Ses02F_script03_2_M029,Session2,fru,2.5,3.0,3.0,163.27,168.58,mfcc_regression/Ses02F_script03_2_M029.npy
Ses02F_script03_2_M030,Session2,ang,2.5,3.5,3.0,168.63,172.85,mfcc_regression/Ses02F_script03_2_M030.npy
Ses02F_script03_2_M033,Session2,fru,2.0,2.5,3.0,183.1,186.5,mfcc_regression/Ses02F_script03_2_M033.npy
Ses02F_script03_2_M034,Session2,fru,2.5,3.0,3.0,189.34,191.98,mfcc_regression/Ses02F_script03_2_M034.npy
Ses02F_script03_2_M035,Session2,fru,2.5,3.5,3.0,193.35,196.01,mfcc_regression/Ses02F_script03_2_M035.npy
Ses02F_script03_2_M036,Session2,ang,2.5,3.5,3.0,197.87,199.98,mfcc_regression/Ses02F_script03_2_M036.npy
Ses02F_script03_2_M037,Session2,ang,1.5,2.5,3.5,203.77,206.48,mfcc_regression/Ses02F_script03_2_M037.npy
Ses02F_script03_2_M038,Session2,ang,1.5,3.0,4.0,208.96,210.21,mfcc_regression/Ses02F_script03_2_M038.npy
Ses02F_script03_2_M039,Session2,ang,2.0,2.5,3.0,211.36,213.55,mfcc_regression/Ses02F_script03_2_M039.npy
Ses02F_script03_2_M040,Session2,fru,2.0,2.5,3.0,217.19,219.32,mfcc_regression/Ses02F_script03_2_M040.npy
Ses02F_script03_2_M041,Session2,ang,1.5,4.5,4.0,224.2,231.03,mfcc_regression/Ses02F_script03_2_M041.npy
Ses02F_script03_2_M042,Session2,ang,2.0,3.5,3.5,233.63,235.62,mfcc_regression/Ses02F_script03_2_M042.npy
Ses02F_script03_2_M043,Session2,ang,2.0,3.5,4.0,235.87,237.36,mfcc_regression/Ses02F_script03_2_M043.npy
Ses02F_script03_2_M044,Session2,ang,1.5,4.5,4.0,239.22,241.15,mfcc_regression/Ses02F_script03_2_M044.npy
Ses02F_script03_2_M045,Session2,ang,2.0,4.0,3.5,241.79,243.58,mfcc_regression/Ses02F_script03_2_M045.npy
Ses02F_script03_2_M046,Session2,ang,2.0,4.0,3.5,243.59,246.44,mfcc_regression/Ses02F_script03_2_M046.npy
Ses02F_script03_2_M047,Session2,ang,1.5,4.0,4.0,246.47,250.62,mfcc_regression/Ses02F_script03_2_M047.npy
Ses02F_impro03_F000,Session2,exc,5.0,4.75,3.25,4.7324,8.78,mfcc_regression/Ses02F_impro03_F000.npy
Ses02F_impro03_F001,Session2,exc,5.0,4.75,3.25,8.81,10.93,mfcc_regression/Ses02F_impro03_F001.npy
Ses02F_impro03_F004,Session2,exc,5.0,4.5,2.75,30.65,32.65,mfcc_regression/Ses02F_impro03_F004.npy
Ses02F_impro03_F009,Session2,exc,5.0,4.25,2.75,69.91,81.9971,mfcc_regression/Ses02F_impro03_F009.npy
Ses02F_impro03_F011,Session2,exc,4.75,3.75,3.0,95.45,99.6572,mfcc_regression/Ses02F_impro03_F011.npy
Ses02F_impro03_F012,Session2,exc,4.5,3.75,3.0,101.5291,102.95,mfcc_regression/Ses02F_impro03_F012.npy
Ses02F_impro03_F013,Session2,exc,4.5,4.0,2.75,105.135,111.47,mfcc_regression/Ses02F_impro03_F013.npy
Ses02F_impro03_F014,Session2,exc,5.0,4.25,2.75,112.7,117.27,mfcc_regression/Ses02F_impro03_F014.npy
Ses02F_impro03_F015,Session2,hap,4.5,3.25,2.75,121.0516,127.2609,mfcc_regression/Ses02F_impro03_F015.npy
Ses02F_impro03_F016,Session2,hap,4.25,3.0,2.75,127.3236,133.2123,mfcc_regression/Ses02F_impro03_F016.npy
Ses02F_impro03_F017,Session2,hap,4.25,3.0,2.75,133.6443,140.07,mfcc_regression/Ses02F_impro03_F017.npy
Ses02F_impro03_F018,Session2,hap,4.25,3.0,2.75,141.21,148.237,mfcc_regression/Ses02F_impro03_F018.npy
Ses02F_impro03_F019,Session2,hap,4.25,3.0,2.5,149.08,156.2108,mfcc_regression/Ses02F_impro03_F019.npy
Ses02F_impro03_F021,Session2,exc,4.5,3.0,2.5,165.4402,176.5255,mfcc_regression/Ses02F_impro03_F021.npy
Ses02F_impro03_F023,Session2,hap,4.75,3.25,2.25,187.29,190.02,mfcc_regression/Ses02F_impro03_F023.npy
Ses02F_impro03_F024,Session2,exc,4.75,4.0,3.5,195.46,201.9,mfcc_regression/Ses02F_impro03_F024.npy
Ses02F_impro03_F026,Session2,hap,4.5,2.75,2.5,220.38,222.24,mfcc_regression/Ses02F_impro03_F026.npy
Ses02F_impro03_F027,Session2,hap,4.5,3.25,2.75,225.0487,228.4874,mfcc_regression/Ses02F_impro03_F027.npy
Ses02F_impro03_F028,Session2,exc,4.75,3.5,2.5,231.8858,240.3492,mfcc_regression/Ses02F_impro03_F028.npy
Ses02F_impro03_F029,Session2,hap,4.5,3.75,3.0,240.4223,244.0151,mfcc_regression/Ses02F_impro03_F029.npy
Ses02F_impro03_F030,Session2,hap,4.5,3.5,2.25,246.65,250.5635,mfcc_regression/Ses02F_impro03_F030.npy
Ses02F_impro03_M001,Session2,neu,3.5,3.0,2.25,10.86,14.2922,mfcc_regression/Ses02F_impro03_M001.npy
Ses02F_impro03_M002,Session2,sur,4.25,3.75,3.25,16.74,20.1143,mfcc_regression/Ses02F_impro03_M002.npy
Ses02F_impro03_M004,Session2,hap,4.5,3.5,2.5,25.72,31.42,mfcc_regression/Ses02F_impro03_M004.npy
Ses02F_impro03_M005,Session2,exc,4.25,3.5,3.0,31.91,34.5281,mfcc_regression/Ses02F_impro03_M005.npy
Ses02F_impro03_M006,Session2,sur,4.25,4.0,2.75,69.65,71.33,mfcc_regression/Ses02F_impro03_M006.npy
Ses02F_impro03_M007,Session2,sur,4.25,3.5,2.75,81.7153,85.53,mfcc_regression/Ses02F_impro03_M007.npy
Ses02F_impro03_M009,Session2,hap,4.0,3.25,2.5,97.27,102.0738,mfcc_regression/Ses02F_impro03_M009.npy
Ses02F_impro03_M010,Session2,hap,4.5,3.75,3.0,102.8845,106.06,mfcc_regression/Ses02F_impro03_M010.npy
Ses02F_impro03_M011,Session2,hap,4.25,3.75,2.75,110.84,114.19,mfcc_regression/Ses02F_impro03_M011.npy
Ses02F_impro03_M012,Session2,exc,4.5,4.5,2.75,116.73,121.8195,mfcc_regression/Ses02F_impro03_M012.npy
Ses02F_impro03_M013,Session2,neu,4.0,3.0,2.5,130.9859,137.0738,mfcc_regression/Ses02F_impro03_M013.npy
Ses02F_impro03_M014,Session2,neu,4.0,2.5,2.25,139.87,141.31,mfcc_regression/Ses02F_impro03_M014.npy
Ses02F_impro03_M015,Session2,neu,4.0,2.75,2.25,145.5923,149.6643,mfcc_regression/Ses02F_impro03_M015.npy
Ses02F_impro03_M016,Session2,neu,4.0,3.0,2.5,153.6844,156.4834,mfcc_regression/Ses02F_impro03_M016.npy
Ses02F_impro03_M017,Session2,neu,3.75,2.75,2.5,164.59,166.04,mfcc_regression/Ses02F_impro03_M017.npy
Ses02F_impro03_M018,Session2,neu,4.0,3.25,2.5,175.73,179.59,mfcc_regression/Ses02F_impro03_M018.npy
Ses02F_impro03_M019,Session2,hap,4.25,3.5,3.0,179.88,188.4736,mfcc_regression/Ses02F_impro03_M019.npy
Ses02F_impro03_M020,Session2,hap,4.0,2.75,2.75,189.38,195.65,mfcc_regression/Ses02F_impro03_M020.npy
Ses02F_impro03_M022,Session2,hap,4.0,3.25,3.0,207.5653,211.0588,mfcc_regression/Ses02F_impro03_M022.npy
Ses02F_impro03_M023,Session2,hap,4.25,3.75,2.75,211.0776,220.74,mfcc_regression/Ses02F_impro03_M023.npy
Ses02F_impro03_M024,Session2,exc,4.0,4.25,3.25,221.52,225.77,mfcc_regression/Ses02F_impro03_M024.npy
Ses02F_impro03_M025,Session2,exc,4.0,3.5,2.75,228.14,233.2,mfcc_regression/Ses02F_impro03_M025.npy
Ses02F_impro03_M026,Session2,hap,4.0,2.75,2.5,244.0986,246.85,mfcc_regression/Ses02F_impro03_M026.npy
Ses02F_impro02_F000,Session2,sad,3.0,2.5,2.5,8.9084,11.9078,mfcc_regression/Ses02F_impro02_F000.npy
Ses02F_impro02_F001,Session2,sad,2.0,2.5,2.5,18.3682,24.3889,mfcc_regression/Ses02F_impro02_F001.npy
Ses02F_impro02_F002,Session2,sad,2.0,2.5,3.0,30.6582,37.9405,mfcc_regression/Ses02F_impro02_F002.npy
Ses02F_impro02_F003,Session2,sad,2.0,3.0,2.5,46.8146,49.4112,mfcc_regression/Ses02F_impro02_F003.npy
Ses02F_impro02_F004,Session2,sad,2.0,2.5,2.5,63.2468,75.4222,mfcc_regression/Ses02F_impro02_F004.npy
Ses02F_impro02_F005,Session2,sad,2.5,2.0,2.0,75.4413,78.5568,mfcc_regression/Ses02F_impro02_F005.npy
Ses02F_impro02_F006,Session2,sad,2.5,2.5,3.0,88.0123,94.8416,mfcc_regression/Ses02F_impro02_F006.npy
Ses02F_impro02_F007,Session2,sad,2.0,2.5,3.0,96.6544,108.6034,mfcc_regression/Ses02F_impro02_F007.npy
Ses02F_impro02_F008,Session2,sad,2.0,2.0,3.5,114.93,126.1305,mfcc_regression/Ses02F_impro02_F008.npy
Ses02F_impro02_F009,Session2,sad,2.5,2.0,2.0,139.4718,143.5239,mfcc_regression/Ses02F_impro02_F009.npy
Ses02F_impro02_F010,Session2,sad,2.0,3.0,3.0,148.5507,156.3682,mfcc_regression/Ses02F_impro02_F010.npy
Ses02F_impro02_F011,Session2,sad,1.5,2.0,3.0,158.5369,166.766,mfcc_regression/Ses02F_impro02_F011.npy
Ses02F_impro02_F012,Session2,sad,2.5,1.5,2.0,184.8857,191.174,mfcc_regression/Ses02F_impro02_F012.npy
Ses02F_impro02_F013,Session2,sad,2.0,2.5,3.5,193.9264,207.04,mfcc_regression/Ses02F_impro02_F013.npy
Ses02F_impro02_M001,Session2,fru,2.0,3.0,3.0,24.1978,31.0213,mfcc_regression/Ses02F_impro02_M001.npy
Ses02F_impro02_M002,Session2,fru,2.5,2.0,3.0,37.8258,47.7648,mfcc_regression/Ses02F_impro02_M002.npy
Ses02F_impro02_M003,Session2,fru,2.0,2.5,3.0,49.5424,63.7247,mfcc_regression/Ses02F_impro02_M003.npy
Ses02F_impro02_M005,Session2,fru,3.0,2.5,3.0,79.4743,88.2594,mfcc_regression/Ses02F_impro02_M005.npy
Ses02F_impro02_M006,Session2,fru,2.5,2.5,3.0,108.3358,114.6815,mfcc_regression/Ses02F_impro02_M006.npy
Ses02F_impro02_M007,Session2,sad,2.5,2.0,2.5,126.3408,139.8386,mfcc_regression/Ses02F_impro02_M007.npy
Ses02F_impro02_M008,Session2,fru,2.0,3.0,2.5,144.2502,150.5386,mfcc_regression/Ses02F_impro02_M008.npy
Ses02F_impro02_M009,Session2,fru,2.5,2.5,2.5,167.216,177.6416,mfcc_regression/Ses02F_impro02_M009.npy
Ses02F_impro02_M010,Session2,fru,2.5,3.0,3.5,177.9283,185.5164,mfcc_regression/Ses02F_impro02_M010.npy
Ses02F_impro02_M012,Session2,sad,3.0,2.0,1.5,208.8905,210.8151,mfcc_regression/Ses02F_impro02_M012.npy
Ses02M_impro08_F000,Session2,exc,4.0,3.6667,2.6667,5.8326,11.4941,mfcc_regression/Ses02M_impro08_F000.npy
Ses02M_impro08_F001,Session2,exc,3.0,4.0,3.3333,11.5765,17.4979,mfcc_regression/Ses02M_impro08_F001.npy
Ses02M_impro08_F002,Session2,exc,2.6667,3.6667,3.3333,17.5233,23.6412,mfcc_regression/Ses02M_impro08_F002.npy
Ses02M_impro08_F003,Session2,fru,2.3333,3.6667,3.0,26.2317,31.2805,mfcc_regression/Ses02M_impro08_F003.npy
Ses02M_impro08_F004,Session2,fru,2.0,4.3333,3.3333,31.3039,37.8395,mfcc_regression/Ses02M_impro08_F004.npy
Ses02M_impro08_F005,Session2,fru,2.0,4.0,3.3333,51.1141,60.9752,mfcc_regression/Ses02M_impro08_F005.npy
Ses02M_impro08_F006,Session2,neu,3.6667,3.6667,2.3333,61.0932,63.8674,mfcc_regression/Ses02M_impro08_F006.npy
Ses02M_impro08_F007,Session2,neu,2.6667,3.6667,2.6667,63.8928,69.3915,mfcc_regression/Ses02M_impro08_F007.npy
Ses02M_impro08_F008,Session2,neu,3.0,3.6667,2.6667,69.5168,73.9495,mfcc_regression/Ses02M_impro08_F008.npy
Ses02M_impro08_F009,Session2,fru,2.0,3.6667,3.0,73.9713,79.1524,mfcc_regression/Ses02M_impro08_F009.npy
Ses02M_impro08_F010,Session2,neu,3.0,3.3333,2.0,80.9592,88.8614,mfcc_regression/Ses02M_impro08_F010.npy
Ses02M_impro08_F011,Session2,fru,2.6667,3.3333,2.0,88.8844,95.1091,mfcc_regression/Ses02M_impro08_F011.npy
Ses02M_impro08_F016,Session2,fru,2.3333,3.0,2.6667,134.7087,138.8649,mfcc_regression/Ses02M_impro08_F016.npy
Ses02M_impro08_F018,Session2,fea,2.0,3.0,2.3333,141.4772,144.8732,mfcc_regression/Ses02M_impro08_F018.npy
Ses02M_impro08_F019,Session2,neu,2.6667,2.6667,2.0,147.8773,151.8393,mfcc_regression/Ses02M_impro08_F019.npy
Ses02M_impro08_F020,Session2,sur,4.0,3.6667,2.3333,164.0735,165.249,mfcc_regression/Ses02M_impro08_F020.npy
Ses02M_impro08_F023,Session2,hap,4.0,3.0,2.3333,187.3229,188.6099,mfcc_regression/Ses02M_impro08_F023.npy
Ses02M_impro08_F024,Session2,hap,3.0,2.3333,2.0,190.8923,191.894,mfcc_regression/Ses02M_impro08_F024.npy
Ses02M_impro08_F025,Session2,neu,3.6667,3.3333,2.3333,199.9925,201.4292,mfcc_regression/Ses02M_impro08_F025.npy
Ses02M_impro08_F026,Session2,neu,3.3333,2.6667,2.0,204.8688,206.1096,mfcc_regression/Ses02M_impro08_F026.npy
Ses02M_impro08_F027,Session2,neu,3.6667,2.6667,2.0,208.1123,209.3096,mfcc_regression/Ses02M_impro08_F027.npy
Ses02M_impro08_F028,Session2,hap,4.0,3.0,3.0,210.1273,213.703,mfcc_regression/Ses02M_impro08_F028.npy
Ses02M_impro08_F030,Session2,hap,3.6667,3.0,2.3333,216.1796,218.7792,mfcc_regression/Ses02M_impro08_F030.npy
Ses02M_impro08_M000,Session2,neu,3.6667,3.0,2.6667,3.6166,6.0102,mfcc_regression/Ses02M_impro08_M000.npy
Ses02M_impro08_M002,Session2,neu,3.3333,3.0,2.6667,22.6205,27.312,mfcc_regression/Ses02M_impro08_M002.npy
Ses02M_impro08_M003,Session2,neu,3.6667,3.3333,3.0,37.923,48.3927,mfcc_regression/Ses02M_impro08_M003.npy
Ses02M_impro08_M004,Session2,neu,3.6667,3.6667,3.0,48.4404,51.375,mfcc_regression/Ses02M_impro08_M004.npy
Ses02M_impro08_M005,Session2,neu,4.0,3.6667,2.6667,55.1628,57.5574,mfcc_regression/Ses02M_impro08_M005.npy
Ses02M_impro08_M007,Session2,neu,3.0,3.3333,2.6667,78.1955,82.6714,mfcc_regression/Ses02M_impro08_M007.npy
Ses02M_impro08_M008,Session2,neu,3.0,3.3333,2.6667,87.515,90.9077,mfcc_regression/Ses02M_impro08_M008.npy
Ses02M_impro08_M009,Session2,neu,3.6667,3.0,2.6667,94.4263,100.1059,mfcc_regression/Ses02M_impro08_M009.npy
Ses02M_impro08_M010,Session2,neu,3.0,3.0,3.0,100.1566,102.0586,mfcc_regression/Ses02M_impro08_M010.npy
Ses02M_impro08_M011,Session2,neu,3.0,3.3333,3.0,103.2505,112.7768,mfcc_regression/Ses02M_impro08_M011.npy
Ses02M_impro08_M012,Session2,neu,3.0,2.6667,2.6667,112.8186,118.1843,mfcc_regression/Ses02M_impro08_M012.npy
Ses02M_impro08_M013,Session2,neu,3.0,3.0,2.6667,118.8972,121.636,mfcc_regression/Ses02M_impro08_M013.npy
Ses02M_impro08_M014,Session2,neu,3.3333,3.3333,2.3333,121.6487,124.0197,mfcc_regression/Ses02M_impro08_M014.npy
Ses02M_impro08_M015,Session2,neu,3.0,3.3333,2.6667,124.3367,132.5278,mfcc_regression/Ses02M_impro08_M015.npy
Ses02M_impro08_M016,Session2,neu,3.0,2.6667,2.6667,132.5405,135.3819,mfcc_regression/Ses02M_impro08_M016.npy
Ses02M_impro08_M017,Session2,neu,3.0,3.0,3.0,138.8867,140.1928,mfcc_regression/Ses02M_impro08_M017.npy
Ses02M_impro08_M018,Session2,neu,3.0,2.3333,2.3333,140.7806,141.9234,mfcc_regression/Ses02M_impro08_M018.npy
Ses02M_impro08_M019,Session2,neu,3.0,2.6667,2.6667,144.3452,148.4281,mfcc_regression/Ses02M_impro08_M019.npy
Ses02M_impro08_M020,Session2,neu,3.0,2.3333,3.0,149.9623,157.3799,mfcc_regression/Ses02M_impro08_M020.npy
Ses02M_impro08_M021,Session2,neu,3.3333,2.6667,3.0,157.3926,164.5089,mfcc_regression/Ses02M_impro08_M021.npy
Ses02M_impro08_M022,Session2,neu,3.0,2.6667,2.6667,164.5313,166.1633,mfcc_regression/Ses02M_impro08_M022.npy
Ses02M_impro08_M023,Session2,neu,3.0,3.0,2.0,167.4856,169.3876,mfcc_regression/Ses02M_impro08_M023.npy
Ses02M_impro08_M024,Session2,neu,3.0,3.3333,2.6667,170.5161,172.3926,mfcc_regression/Ses02M_impro08_M024.npy
Ses02M_impro08_M025,Session2,neu,3.0,3.6667,2.6667,172.9118,183.6004,mfcc_regression/Ses02M_impro08_M025.npy
Ses02M_impro08_M026,Session2,neu,3.3333,2.6667,2.6667,183.9704,187.7147,mfcc_regression/Ses02M_impro08_M026.npy
Ses02M_impro08_M027,Session2,neu,3.3333,3.0,3.0,187.7365,191.1325,mfcc_regression/Ses02M_impro08_M027.npy
Ses02M_impro08_M028,Session2,neu,3.0,3.0,3.0,191.4882,197.1767,mfcc_regression/Ses02M_impro08_M028.npy
Ses02M_impro08_M029,Session2,neu,3.0,3.6667,3.3333,197.302,208.1746,mfcc_regression/Ses02M_impro08_M029.npy
Ses02M_impro08_M030,Session2,neu,3.3333,2.6667,2.6667,208.2,212.2955,mfcc_regression/Ses02M_impro08_M030.npy
Ses02M_impro08_M031,Session2,neu,3.3333,3.0,2.3333,212.7393,216.277,mfcc_regression/Ses02M_impro08_M031.npy
Ses02F_impro01_F000,Session2,neu,4.0,3.0,2.0,5.3661,9.615,mfcc_regression/Ses02F_impro01_F000.npy
Ses02F_impro01_F001,Session2,sur,2.0,2.5,2.5,16.484,19.7791,mfcc_regression/Ses02F_impro01_F001.npy
Ses02F_impro01_F003,Session2,fru,2.0,3.5,2.5,30.713,32.8369,mfcc_regression/Ses02F_impro01_F003.npy
Ses02F_impro01_F004,Session2,fru,2.0,3.5,2.0,32.8981,37.88,mfcc_regression/Ses02F_impro01_F004.npy
Ses02F_impro01_F005,Session2,fru,2.0,3.5,3.0,38.0286,40.3056,mfcc_regression/Ses02F_impro01_F005.npy
Ses02F_impro01_F006,Session2,fru,2.0,3.0,2.5,45.0441,50.0436,mfcc_regression/Ses02F_impro01_F006.npy
Ses02F_impro01_F007,Session2,fru,2.0,3.0,2.0,50.0639,51.9832,mfcc_regression/Ses02F_impro01_F007.npy
Ses02F_impro01_F008,Session2,fru,2.0,4.0,1.5,57.5135,66.671,mfcc_regression/Ses02F_impro01_F008.npy
Ses02F_impro01_F009,Session2,fru,1.5,3.0,2.5,66.6912,72.0669,mfcc_regression/Ses02F_impro01_F009.npy
Ses02F_impro01_F010,Session2,fru,2.0,3.5,2.0,78.1061,87.7428,mfcc_regression/Ses02F_impro01_F010.npy
Ses02F_impro01_F011,Session2,fru,2.0,4.0,3.0,88.3022,89.9978,mfcc_regression/Ses02F_impro01_F011.npy
Ses02F_impro01_F012,Session2,fru,2.0,3.5,2.5,96.4709,99.7098,mfcc_regression/Ses02F_impro01_F012.npy
Ses02F_impro01_F013,Session2,fru,1.5,3.5,2.5,99.8449,105.6836,mfcc_regression/Ses02F_impro01_F013.npy
Ses02F_impro01_F014,Session2,fru,1.5,4.0,2.0,111.5773,119.8805,mfcc_regression/Ses02F_impro01_F014.npy
Ses02F_impro01_F015,Session2,fru,1.5,4.5,2.0,124.1293,132.0469,mfcc_regression/Ses02F_impro01_F015.npy
Ses02F_impro01_F016,Session2,fru,1.5,4.0,3.0,135.5643,145.6458,mfcc_regression/Ses02F_impro01_F016.npy
Ses02F_impro01_F017,Session2,fru,1.5,3.5,2.5,145.7064,150.8614,mfcc_regression/Ses02F_impro01_F017.npy
Ses02F_impro01_F018,Session2,ang,1.5,4.5,3.5,154.0504,159.7574,mfcc_regression/Ses02F_impro01_F018.npy
Ses02F_impro01_F019,Session2,ang,1.5,5.0,3.5,164.674,169.8898,mfcc_regression/Ses02F_impro01_F019.npy
Ses02F_impro01_F020,Session2,ang,1.5,3.0,3.5,171.5438,175.7488,mfcc_regression/Ses02F_impro01_F020.npy
Ses02F_impro01_F021,Session2,ang,1.5,3.5,2.5,180.6986,190.9121,mfcc_regression/Ses02F_impro01_F021.npy
Ses02F_impro01_F022,Session2,fru,1.5,3.0,2.5,202.8414,205.0638,mfcc_regression/Ses02F_impro01_F022.npy
Ses02F_impro01_F023,Session2,fru,2.0,3.5,3.0,209.2752,214.5392,mfcc_regression/Ses02F_impro01_F023.npy
Ses02F_impro01_M000,Session2,neu,2.5,2.0,2.0,5.8186,7.253,mfcc_regression/Ses02F_impro01_M000.npy
Ses02F_impro01_M001,Session2,neu,3.0,2.5,2.5,9.8327,15.9334,mfcc_regression/Ses02F_impro01_M001.npy
Ses02F_impro01_M002,Session2,neu,2.5,2.0,2.5,20.5395,23.2318,mfcc_regression/Ses02F_impro01_M002.npy
Ses02F_impro01_M004,Session2,neu,2.5,2.5,2.0,38.1175,39.5783,mfcc_regression/Ses02F_impro01_M004.npy
Ses02F_impro01_M005,Session2,fru,2.5,2.5,2.5,40.4471,45.0994,mfcc_regression/Ses02F_impro01_M005.npy
Ses02F_impro01_M006,Session2,fru,3.5,2.5,2.5,50.0639,51.963,mfcc_regression/Ses02F_impro01_M006.npy
Ses02F_impro01_M007,Session2,fru,3.0,2.5,2.5,51.9832,57.8604,mfcc_regression/Ses02F_impro01_M007.npy
Ses02F_impro01_M008,Session2,fru,2.5,3.0,2.5,70.1056,72.0855,mfcc_regression/Ses02F_impro01_M008.npy
Ses02F_impro01_M009,Session2,fru,2.5,2.5,2.5,72.2875,79.2332,mfcc_regression/Ses02F_impro01_M009.npy
Ses02F_impro01_M010,Session2,fru,2.5,3.5,2.5,87.4602,88.6522,mfcc_regression/Ses02F_impro01_M010.npy
Ses02F_impro01_M011,Session2,fru,2.5,3.5,3.0,88.6926,97.7625,mfcc_regression/Ses02F_impro01_M011.npy
Ses02F_impro01_M012,Session2,fru,2.5,3.0,2.0,100.014,101.5823,mfcc_regression/Ses02F_impro01_M012.npy
Ses02F_impro01_M013,Session2,fru,2.5,3.0,3.0,105.0169,111.4287,mfcc_regression/Ses02F_impro01_M013.npy
Ses02F_impro01_M014,Session2,fru,2.5,3.0,2.5,119.606,125.5354,mfcc_regression/Ses02F_impro01_M014.npy
Ses02F_impro01_M015,Session2,fru,2.5,4.0,3.5,132.1517,135.6478,mfcc_regression/Ses02F_impro01_M015.npy
Ses02F_impro01_M017,Session2,ang,2.5,3.5,3.5,150.5061,155.603,mfcc_regression/Ses02F_impro01_M017.npy
Ses02F_impro01_M018,Session2,fru,2.5,3.5,3.5,158.9194,164.5611,mfcc_regression/Ses02F_impro01_M018.npy
Ses02F_impro01_M019,Session2,ang,2.5,3.5,3.0,164.5945,166.9199,mfcc_regression/Ses02F_impro01_M019.npy
Ses02F_impro01_M020,Session2,fru,2.5,3.5,3.5,167.9301,173.4579,mfcc_regression/Ses02F_impro01_M020.npy
Ses02F_impro01_M021,Session2,fru,2.5,4.0,3.5,175.6255,182.0081,mfcc_regression/Ses02F_impro01_M021.npy
Ses02F_impro01_M022,Session2,fru,2.5,3.5,3.0,190.982,195.9117,mfcc_regression/Ses02F_impro01_M022.npy
Ses02F_impro01_M023,Session2,fru,3.0,3.0,2.5,195.9319,204.2806,mfcc_regression/Ses02F_impro01_M023.npy
Ses02F_impro01_M024,Session2,fru,2.5,2.0,2.5,204.7828,208.4711,mfcc_regression/Ses02F_impro01_M024.npy
Ses02M_script01_2_F000,Session2,ang,2.3333,3.0,3.3333,5.977,8.33,mfcc_regression/Ses02M_script01_2_F000.npy
Ses02M_script01_2_F001,Session2,ang,2.0,3.6667,3.3333,9.36,13.45,mfcc_regression/Ses02M_script01_2_F001.npy
Ses02M_script01_2_F002,Session2,ang,2.6667,2.3333,3.3333,15.21,18.38,mfcc_regression/Ses02M_script01_2_F002.npy
Ses02M_script01_2_F003,Session2,ang,2.6667,3.0,3.0,28.3,30.63,mfcc_regression/Ses02M_script01_2_F003.npy
Ses02M_script01_2_F005,Session2,ang,2.0,3.3333,3.3333,36.97,39.22,mfcc_regression/Ses02M_script01_2_F005.npy
Ses02M_script01_2_F006,Session2,ang,2.0,4.0,4.0,39.45,43.03,mfcc_regression/Ses02M_script01_2_F006.npy
Ses02M_script01_2_F007,Session2,fru,2.0,4.0,4.0,44.24,53.74,mfcc_regression/Ses02M_script01_2_F007.npy
Ses02M_script01_2_F008,Session2,fru,2.6667,3.6667,3.3333,55.18,64.18,mfcc_regression/Ses02M_script01_2_F008.npy
Ses02M_script01_2_F009,Session2,fru,2.0,3.3333,3.3333,66.83,74.38,mfcc_regression/Ses02M_script01_2_F009.npy
Ses02M_script01_2_F010,Session2,ang,1.6667,4.0,3.6667,74.84,83.06,mfcc_regression/Ses02M_script01_2_F010.npy
Ses02M_script01_2_F011,Session2,fru,1.6667,3.3333,3.6667,83.16,88.64,mfcc_regression/Ses02M_script01_2_F011.npy
Ses02M_script01_2_F013,Session2,sad,1.6667,3.6667,2.6667,96.19,99.83,mfcc_regression/Ses02M_script01_2_F013.npy
Ses02M_script01_2_F014,Session2,fru,2.3333,3.6667,3.6667,99.9,105.81,mfcc_regression/Ses02M_script01_2_F014.npy
Ses02M_script01_2_F015,Session2,fru,2.3333,3.3333,3.0,106.2,109.44,mfcc_regression/Ses02M_script01_2_F015.npy
Ses02M_script01_2_F016,Session2,fru,2.3333,3.0,3.0,111.07,113.65,mfcc_regression/Ses02M_script01_2_F016.npy
Ses02M_script01_2_F017,Session2,fru,1.3333,4.0,3.0,118.05,120.11,mfcc_regression/Ses02M_script01_2_F017.npy
Ses02M_script01_2_M001,Session2,neu,3.0,3.0,3.0,12.48,15.54,mfcc_regression/Ses02M_script01_2_M001.npy
Ses02M_script01_2_M002,Session2,fru,3.0,3.0,3.0,18.32,23.91,mfcc_regression/Ses02M_script01_2_M002.npy
Ses02M_script01_2_M003,Session2,fru,2.6667,2.6667,3.0,24.53,28.52,mfcc_regression/Ses02M_script01_2_M003.npy
Ses02M_script01_2_M004,Session2,neu,3.0,3.3333,2.6667,30.24,32.42,mfcc_regression/Ses02M_script01_2_M004.npy
Ses02M_script01_2_M005,Session2,neu,3.0,2.6667,2.6667,35.37,37.19,mfcc_regression/Ses02M_script01_2_M005.npy
Ses02M_script01_2_M007,Session2,neu,2.6667,2.6667,3.0,42.55,44.63,mfcc_regression/Ses02M_script01_2_M007.npy
Ses02M_script01_2_M008,Session2,fru,3.0,2.6667,3.0,53.14,55.52,mfcc_regression/Ses02M_script01_2_M008.npy
Ses02M_script01_2_M009,Session2,fru,3.0,3.0,3.0,64.73,67.73,mfcc_regression/Ses02M_script01_2_M009.npy
Ses02M_script01_2_M010,Session2,fru,2.3333,3.6667,2.6667,73.61,76.2,mfcc_regression/Ses02M_script01_2_M010.npy
Ses02M_script01_2_M011,Session2,fru,2.3333,2.6667,1.6667,82.6,84.51,mfcc_regression/Ses02M_script01_2_M011.npy
Ses02M_script01_2_M012,Session2,fru,3.0,3.0,3.3333,94.99,96.87,mfcc_regression/Ses02M_script01_2_M012.npy
Ses02M_script01_2_M013,Session2,fru,2.6667,2.6667,3.6667,99.14,100.9,mfcc_regression/Ses02M_script01_2_M013.npy
Ses02M_script01_2_M014,Session2,fru,2.0,3.6667,4.0,104.64,107.38,mfcc_regression/Ses02M_script01_2_M014.npy
Ses02M_script01_2_M016,Session2,ang,2.3333,3.6667,3.3333,113.24,115.93,mfcc_regression/Ses02M_script01_2_M016.npy
Ses02M_script01_2_M017,Session2,ang,2.3333,3.6667,3.6667,116.1,118.81,mfcc_regression/Ses02M_script01_2_M017.npy
Ses02M_script01_2_M018,Session2,fru,1.6667,3.3333,4.3333,119.4,124.37,mfcc_regression/Ses02M_script01_2_M018.npy
Ses02F_impro05_F000,Session2,neu,3.5,3.0,2.5,4.1392,7.7911,mfcc_regression/Ses02F_impro05_F000.npy
Ses02F_impro05_F001,Session2,neu,3.0,3.0,2.5,11.43,18.72,mfcc_regression/Ses02F_impro05_F001.npy
Ses02F_impro05_F002,Session2,sur,2.0,2.5,2.5,26.75,29.37,mfcc_regression/Ses02F_impro05_F002.npy
Ses02F_impro05_F003,Session2,sur,2.5,3.5,3.0,35.2,39.8027,mfcc_regression/Ses02F_impro05_F003.npy
Ses02F_impro05_F004,Session2,neu,3.0,2.5,2.5,52.65,54.11,mfcc_regression/Ses02F_impro05_F004.npy
Ses02F_impro05_F005,Session2,sur,1.5,4.0,4.0,59.06,74.78,mfcc_regression/Ses02F_impro05_F005.npy
Ses02F_impro05_F006,Session2,ang,2.0,4.5,4.0,82.29,90.68,mfcc_regression/Ses02F_impro05_F006.npy
Ses02F_impro05_F007,Session2,fru,2.5,4.0,4.0,95.42,101.5979,mfcc_regression/Ses02F_impro05_F007.npy
Ses02F_impro05_F010,Session2,ang,2.0,4.0,3.5,121.61,124.57,mfcc_regression/Ses02F_impro05_F010.npy
Ses02F_impro05_F011,Session2,fru,2.5,3.0,3.0,130.42,132.35,mfcc_regression/Ses02F_impro05_F011.npy
Ses02F_impro05_F013,Session2,fru,2.0,3.5,3.5,163.63,176.7571,mfcc_regression/Ses02F_impro05_F013.npy
Ses02F_impro05_F014,Session2,fru,1.5,3.5,3.0,179.54,182.65,mfcc_regression/Ses02F_impro05_F014.npy
Ses02F_impro05_F015,Session2,fru,2.0,2.5,3.5,189.56,192.51,mfcc_regression/Ses02F_impro05_F015.npy
Ses02F_impro05_F016,Session2,fru,1.5,3.5,3.5,194.0678,206.9469,mfcc_regression/Ses02F_impro05_F016.npy
Ses02F_impro05_F017,Session2,fru,2.0,3.5,3.5,217.09,224.4595,mfcc_regression/Ses02F_impro05_F017.npy
Ses02F_impro05_F018,Session2,fru,2.0,2.5,4.0,225.49,227.94,mfcc_regression/Ses02F_impro05_F018.npy
Ses02F_impro05_F019,Session2,ang,2.0,3.5,4.0,241.32,247.38,mfcc_regression/Ses02F_impro05_F019.npy
Ses02F_impro05_F020,Session2,fru,2.5,2.5,3.0,265.71,268.34,mfcc_regression/Ses02F_impro05_F020.npy
Ses02F_impro05_F022,Session2,fru,2.5,3.0,3.0,274.01,276.5639,mfcc_regression/Ses02F_impro05_F022.npy
Ses02F_impro05_M000,Session2,neu,3.0,2.5,2.0,8.3,12.93,mfcc_regression/Ses02F_impro05_M000.npy
Ses02F_impro05_M001,Session2,neu,3.0,2.5,2.5,18.77,27.35,mfcc_regression/Ses02F_impro05_M001.npy
Ses02F_impro05_M002,Session2,neu,3.0,2.5,2.0,29.42,35.95,mfcc_regression/Ses02F_impro05_M002.npy
Ses02F_impro05_M003,Session2,neu,3.0,2.5,2.5,39.82,47.17,mfcc_regression/Ses02F_impro05_M003.npy
Ses02F_impro05_M004,Session2,neu,3.5,2.5,2.5,47.18,54.43,mfcc_regression/Ses02F_impro05_M004.npy
Ses02F_impro05_M005,Session2,neu,3.0,2.5,1.5,54.52,58.9138,mfcc_regression/Ses02F_impro05_M005.npy
Ses02F_impro05_M006,Session2,neu,3.0,2.5,2.5,74.43,84.45,mfcc_regression/Ses02F_impro05_M006.npy
Ses02F_impro05_M007,Session2,neu,2.5,3.0,2.5,90.77,97.63,mfcc_regression/Ses02F_impro05_M007.npy
Ses02F_impro05_M008,Session2,neu,2.5,2.5,2.5,101.6919,109.68,mfcc_regression/Ses02F_impro05_M008.npy
Ses02F_impro05_M009,Session2,neu,2.5,3.0,2.0,118.1619,122.1723,mfcc_regression/Ses02F_impro05_M009.npy
Ses02F_impro05_M010,Session2,neu,2.5,2.5,3.0,124.06,131.2021,mfcc_regression/Ses02F_impro05_M010.npy
Ses02F_impro05_M011,Session2,neu,2.5,3.0,2.5,132.543,140.2,mfcc_regression/Ses02F_impro05_M011.npy
Ses02F_impro05_M012,Session2,neu,2.5,3.0,3.5,147.74,164.39,mfcc_regression/Ses02F_impro05_M012.npy
Ses02F_impro05_M013,Session2,neu,2.5,2.0,2.5,176.48,180.5,mfcc_regression/Ses02F_impro05_M013.npy
Ses02F_impro05_M014,Session2,neu,2.5,3.0,3.0,182.6,189.65,mfcc_regression/Ses02F_impro05_M014.npy
Ses02F_impro05_M015,Session2,neu,2.5,2.5,1.5,189.66,191.54,mfcc_regression/Ses02F_impro05_M015.npy
Ses02F_impro05_M016,Session2,neu,2.5,3.5,3.5,205.22,217.07,mfcc_regression/Ses02F_impro05_M016.npy
Ses02F_impro05_M017,Session2,neu,2.5,3.0,3.0,217.08,220.45,mfcc_regression/Ses02F_impro05_M017.npy
Ses02F_impro05_M018,Session2,neu,2.5,3.0,3.0,224.51,226.28,mfcc_regression/Ses02F_impro05_M018.npy
Ses02F_impro05_M019,Session2,neu,3.0,2.5,3.0,227.81,242.31,mfcc_regression/Ses02F_impro05_M019.npy
Ses02F_impro05_M020,Session2,neu,2.5,3.0,3.5,248.0522,265.9529,mfcc_regression/Ses02F_impro05_M020.npy
Ses02F_impro05_M021,Session2,neu,2.5,2.5,2.5,268.5221,274.21,mfcc_regression/Ses02F_impro05_M021.npy
Ses02F_script02_2_F000,Session2,neu,2.5,2.0,2.5,6.33,7.72,mfcc_regression/Ses02F_script02_2_F000.npy
Ses02F_script02_2_F001,Session2,fru,2.5,3.5,2.5,9.5015,11.26,mfcc_regression/Ses02F_script02_2_F001.npy
Ses02F_script02_2_F005,Session2,ang,1.5,4.5,4.5,45.21,52.65,mfcc_regression/Ses02F_script02_2_F005.npy
Ses02F_script02_2_F006,Session2,ang,2.0,4.0,4.0,53.2,57.7,mfcc_regression/Ses02F_script02_2_F006.npy
Ses02F_script02_2_F007,Session2,fru,1.5,4.0,3.5,67.31,70.98,mfcc_regression/Ses02F_script02_2_F007.npy
Ses02F_script02_2_F008,Session2,fru,2.0,4.0,3.5,71.75,75.23,mfcc_regression/Ses02F_script02_2_F008.npy
Ses02F_script02_2_F009,Session2,fru,2.0,3.5,4.0,76.89,79.73,mfcc_regression/Ses02F_script02_2_F009.npy
Ses02F_script02_2_F010,Session2,fru,2.0,4.0,4.5,80.77,86.15,mfcc_regression/Ses02F_script02_2_F010.npy
Ses02F_script02_2_F011,Session2,ang,1.5,5.0,5.0,86.16,99.71,mfcc_regression/Ses02F_script02_2_F011.npy
Ses02F_script02_2_F012,Session2,fru,2.0,3.5,3.5,101.28,103.81,mfcc_regression/Ses02F_script02_2_F012.npy
Ses02F_script02_2_F013,Session2,fru,1.5,4.0,4.5,104.93,111.9,mfcc_regression/Ses02F_script02_2_F013.npy
Ses02F_script02_2_F015,Session2,sad,2.5,3.0,4.0,143.69,149.72,mfcc_regression/Ses02F_script02_2_F015.npy
Ses02F_script02_2_F016,Session2,sad,4.0,4.0,3.5,149.74,159.76,mfcc_regression/Ses02F_script02_2_F016.npy
Ses02F_script02_2_F017,Session2,sad,3.5,4.0,4.5,159.7833,169.32,mfcc_regression/Ses02F_script02_2_F017.npy
Ses02F_script02_2_F018,Session2,sad,4.0,4.5,4.0,169.34,178.17,mfcc_regression/Ses02F_script02_2_F018.npy
Ses02F_script02_2_F019,Session2,sad,4.0,4.0,4.0,178.78,183.33,mfcc_regression/Ses02F_script02_2_F019.npy
Ses02F_script02_2_F020,Session2,sad,2.5,3.0,3.5,196.73,202.01,mfcc_regression/Ses02F_script02_2_F020.npy
Ses02F_script02_2_F021,Session2,sad,2.5,2.0,2.5,206.41,207.55,mfcc_regression/Ses02F_script02_2_F021.npy
Ses02F_script02_2_F022,Session2,sad,2.5,2.5,2.0,208.74,209.72,mfcc_regression/Ses02F_script02_2_F022.npy
Ses02F_script02_2_F024,Session2,sad,2.0,2.0,2.5,213.2,214.07,mfcc_regression/Ses02F_script02_2_F024.npy
Ses02F_script02_2_F025,Session2,fru,2.5,2.0,2.5,215.21,216.2,mfcc_regression/Ses02F_script02_2_F025.npy
Ses02F_script02_2_F026,Session2,fru,2.0,3.5,3.5,217.41,218.68,mfcc_regression/Ses02F_script02_2_F026.npy
Ses02F_script02_2_F027,Session2,fru,2.0,4.0,4.0,218.93,220.14,mfcc_regression/Ses02F_script02_2_F027.npy
Ses02F_script02_2_F031,Session2,sad,1.5,4.0,3.5,281.5765,286.6,mfcc_regression/Ses02F_script02_2_F031.npy
Ses02F_script02_2_F033,Session2,sad,2.5,3.5,3.0,305.38,308.72,mfcc_regression/Ses02F_script02_2_F033.npy
Ses02F_script02_2_F034,Session2,sad,1.5,3.0,3.5,308.75,324.1,mfcc_regression/Ses02F_script02_2_F034.npy
Ses02F_script02_2_F035,Session2,sad,2.0,2.0,2.5,327.15,328.77,mfcc_regression/Ses02F_script02_2_F035.npy
Ses02F_script02_2_F038,Session2,sad,1.5,3.0,4.5,342.08,350.2,mfcc_regression/Ses02F_script02_2_F038.npy
Ses02F_script02_2_F041,Session2,hap,4.0,4.0,3.5,379.87,382.76,mfcc_regression/Ses02F_script02_2_F041.npy
Ses02F_script02_2_F042,Session2,hap,4.0,3.0,3.5,383.7,387.6,mfcc_regression/Ses02F_script02_2_F042.npy
Ses02F_script02_2_F043,Session2,hap,4.0,3.0,3.5,393.41,402.26,mfcc_regression/Ses02F_script02_2_F043.npy
Ses02F_script02_2_F044,Session2,sad,2.5,3.5,3.5,405.93,408.26,mfcc_regression/Ses02F_script02_2_F044.npy
Ses02F_script02_2_F045,Session2,hap,4.0,2.5,2.5,412.15,413.92,mfcc_regression/Ses02F_script02_2_F045.npy
Ses02F_script02_2_M000,Session2,exc,3.5,3.5,3.5,4.27,6.3631,mfcc_regression/Ses02F_script02_2_M000.npy
Ses02F_script02_2_M001,Session2,neu,3.0,3.5,3.0,7.76,9.07,mfcc_regression/Ses02F_script02_2_M001.npy
Ses02F_script02_2_M002,Session2,neu,2.5,3.5,4.0,11.44,15.53,mfcc_regression/Ses02F_script02_2_M002.npy
Ses02F_script02_2_M003,Session2,neu,2.5,3.5,3.0,21.24,23.66,mfcc_regression/Ses02F_script02_2_M003.npy
Ses02F_script02_2_M005,Session2,neu,3.0,3.0,2.5,38.73,45.56,mfcc_regression/Ses02F_script02_2_M005.npy
Ses02F_script02_2_M006,Session2,fru,2.5,3.5,4.0,51.79,53.51,mfcc_regression/Ses02F_script02_2_M006.npy
Ses02F_script02_2_M007,Session2,neu,2.5,4.0,4.0,57.55,67.72,mfcc_regression/Ses02F_script02_2_M007.npy
Ses02F_script02_2_M008,Session2,fru,2.5,3.0,3.0,70.67,72.09,mfcc_regression/Ses02F_script02_2_M008.npy
Ses02F_script02_2_M009,Session2,neu,2.0,3.0,3.0,75.04,77.45,mfcc_regression/Ses02F_script02_2_M009.npy
Ses02F_script02_2_M010,Session2,neu,2.5,3.5,3.5,79.4,81.13,mfcc_regression/Ses02F_script02_2_M010.npy
Ses02F_script02_2_M011,Session2,fru,2.5,2.5,2.5,99.67,101.5,mfcc_regression/Ses02F_script02_2_M011.npy
Ses02F_script02_2_M012,Session2,fru,1.5,3.0,4.0,103.58,105.17,mfcc_regression/Ses02F_script02_2_M012.npy
Ses02F_script02_2_M013,Session2,neu,2.5,3.0,3.5,111.46,114.75,mfcc_regression/Ses02F_script02_2_M013.npy
Ses02F_script02_2_M014,Session2,fru,2.0,4.0,3.5,115.92,124.08,mfcc_regression/Ses02F_script02_2_M014.npy
Ses02F_script02_2_M016,Session2,neu,3.0,4.0,4.0,134.1,138.81,mfcc_regression/Ses02F_script02_2_M016.npy
Ses02F_script02_2_M017,Session2,neu,3.0,4.0,3.5,138.86,144.92,mfcc_regression/Ses02F_script02_2_M017.npy
Ses02F_script02_2_M018,Session2,neu,4.0,3.5,3.5,177.56,179.38,mfcc_regression/Ses02F_script02_2_M018.npy
Ses02F_script02_2_M019,Session2,neu,3.0,4.0,4.0,183.18,192.22,mfcc_regression/Ses02F_script02_2_M019.npy
Ses02F_script02_2_M020,Session2,neu,3.0,4.0,4.0,192.25,197.07,mfcc_regression/Ses02F_script02_2_M020.npy
Ses02F_script02_2_M021,Session2,neu,3.0,3.5,3.5,201.32,206.74,mfcc_regression/Ses02F_script02_2_M021.npy
Ses02F_script02_2_M022,Session2,neu,3.0,3.5,3.0,207.51,209.49,mfcc_regression/Ses02F_script02_2_M022.npy
Ses02F_script02_2_M023,Session2,neu,3.0,3.5,2.5,209.57,211.32,mfcc_regression/Ses02F_script02_2_M023.npy
Ses02F_script02_2_M024,Session2,fru,2.0,3.5,2.5,211.39,213.94,mfcc_regression/Ses02F_script02_2_M024.npy
Ses02F_script02_2_M025,Session2,fru,3.0,3.5,2.5,213.99,215.86,mfcc_regression/Ses02F_script02_2_M025.npy
Ses02F_script02_2_M026,Session2,fru,2.0,3.5,3.0,215.9,218.36,mfcc_regression/Ses02F_script02_2_M026.npy
Ses02F_script02_2_M027,Session2,fru,2.0,3.5,3.5,218.41,219.74,mfcc_regression/Ses02F_script02_2_M027.npy
Ses02F_script02_2_M028,Session2,fru,2.0,4.0,4.0,219.75,226.54,mfcc_regression/Ses02F_script02_2_M028.npy
Ses02F_script02_2_M029,Session2,ang,2.0,4.5,4.5,228.2,238.96,mfcc_regression/Ses02F_script02_2_M029.npy
Ses02F_script02_2_M031,Session2,sad,2.5,3.0,4.0,250.89,266.43,mfcc_regression/Ses02F_script02_2_M031.npy
Ses02F_script02_2_M032,Session2,fru,2.0,3.5,4.0,266.44,269.39,mfcc_regression/Ses02F_script02_2_M032.npy
Ses02F_script02_2_M033,Session2,neu,3.0,2.5,3.0,273.82,275.08,mfcc_regression/Ses02F_script02_2_M033.npy
Ses02F_script02_2_M034,Session2,neu,2.5,2.5,4.0,280.13,281.22,mfcc_regression/Ses02F_script02_2_M034.npy
Ses02F_script02_2_M035,Session2,sad,2.5,3.0,3.0,286.33,288.29,mfcc_regression/Ses02F_script02_2_M035.npy
Ses02F_script02_2_M036,Session2,sad,2.0,2.5,3.5,302.93,305.06,mfcc_regression/Ses02F_script02_2_M036.npy
Ses02F_script02_2_M037,Session2,sad,2.0,2.5,3.5,325.06,327.93,mfcc_regression/Ses02F_script02_2_M037.npy
Ses02F_script02_2_M038,Session2,sad,2.0,3.0,3.0,328.38,333.71,mfcc_regression/Ses02F_script02_2_M038.npy
Ses02F_script02_2_M039,Session2,sur,3.0,2.5,3.0,337.84,339.03,mfcc_regression/Ses02F_script02_2_M039.npy
Ses02F_script02_2_M041,Session2,hap,4.0,3.0,3.0,364.81,370.56,mfcc_regression/Ses02F_script02_2_M041.npy
Ses02F_script02_2_M042,Session2,hap,4.0,3.5,3.5,378.28,380.21,mfcc_regression/Ses02F_script02_2_M042.npy
Ses02F_script02_2_M043,Session2,hap,4.0,3.0,3.0,382.43,384.08,mfcc_regression/Ses02F_script02_2_M043.npy
Ses02F_script02_2_M045,Session2,hap,3.5,2.5,3.5,407.08,411.69,mfcc_regression/Ses02F_script02_2_M045.npy
Ses02F_script02_2_M046,Session2,hap,4.0,3.0,2.5,414.05,415.64,mfcc_regression/Ses02F_script02_2_M046.npy
Ses02F_impro04_F000,Session2,fru,2.0,2.5,4.0,9.6322,19.042,mfcc_regression/Ses02F_impro04_F000.npy
Ses02F_impro04_F001,Session2,fru,2.0,2.5,4.0,24.67,28.9797,mfcc_regression/Ses02F_impro04_F001.npy
Ses02F_impro04_F002,Session2,fru,2.0,2.0,4.0,29.0536,34.96,mfcc_regression/Ses02F_impro04_F002.npy
Ses02F_impro04_F003,Session2,fru,1.5,2.5,4.5,39.17,46.3474,mfcc_regression/Ses02F_impro04_F003.npy
Ses02F_impro04_F004,Session2,fru,2.0,3.0,4.5,48.7571,54.098,mfcc_regression/Ses02F_impro04_F004.npy
Ses02F_impro04_F005,Session2,fru,1.5,2.0,4.0,63.83,74.64,mfcc_regression/Ses02F_impro04_F005.npy
Ses02F_impro04_F006,Session2,fru,2.0,4.0,4.0,80.37,91.5702,mfcc_regression/Ses02F_impro04_F006.npy
Ses02F_impro04_F007,Session2,fru,2.0,3.5,4.0,102.47,111.8,mfcc_regression/Ses02F_impro04_F007.npy
Ses02F_impro04_F008,Session2,fru,1.5,4.0,5.0,117.2799,129.1165,mfcc_regression/Ses02F_impro04_F008.npy
Ses02F_impro04_F009,Session2,sad,2.0,2.0,3.5,132.9672,135.27,mfcc_regression/Ses02F_impro04_F009.npy
Ses02F_impro04_F010,Session2,fru,1.5,2.5,4.0,150.38,156.5983,mfcc_regression/Ses02F_impro04_F010.npy
Ses02F_impro04_F011,Session2,fru,1.5,4.0,4.5,173.36,192.93,mfcc_regression/Ses02F_impro04_F011.npy
Ses02F_impro04_F012,Session2,fru,2.0,3.5,3.5,204.97,207.21,mfcc_regression/Ses02F_impro04_F012.npy
Ses02F_impro04_F013,Session2,fru,1.5,3.0,4.0,212.279,229.8,mfcc_regression/Ses02F_impro04_F013.npy
Ses02F_impro04_F014,Session2,fru,2.0,3.0,4.0,242.01,248.83,mfcc_regression/Ses02F_impro04_F014.npy
Ses02F_impro04_F015,Session2,fru,2.0,3.5,4.5,248.86,256.9182,mfcc_regression/Ses02F_impro04_F015.npy
Ses02F_impro04_F016,Session2,sad,1.5,2.0,3.0,266.3,274.17,mfcc_regression/Ses02F_impro04_F016.npy
Ses02F_impro04_M000,Session2,neu,3.0,3.5,2.5,5.1392,9.5052,mfcc_regression/Ses02F_impro04_M000.npy
Ses02F_impro04_M001,Session2,neu,2.5,3.5,4.0,19.1897,25.48,mfcc_regression/Ses02F_impro04_M001.npy
Ses02F_impro04_M003,Session2,neu,2.0,3.5,3.0,45.8486,49.25,mfcc_regression/Ses02F_impro04_M003.npy
Ses02F_impro04_M004,Session2,neu,2.0,4.0,4.5,52.9062,65.8663,mfcc_regression/Ses02F_impro04_M004.npy
Ses02F_impro04_M005,Session2,neu,2.5,3.5,4.0,74.54,82.15,mfcc_regression/Ses02F_impro04_M005.npy
Ses02F_impro04_M006,Session2,neu,2.5,4.0,4.0,89.4093,97.07,mfcc_regression/Ses02F_impro04_M006.npy
Ses02F_impro04_M007,Session2,neu,4.0,3.5,4.0,97.17,104.0,mfcc_regression/Ses02F_impro04_M007.npy
Ses02F_impro04_M008,Session2,neu,2.0,2.5,3.5,111.55,116.4043,mfcc_regression/Ses02F_impro04_M008.npy
Ses02F_impro04_M009,Session2,neu,2.0,3.0,3.5,129.3592,135.09,mfcc_regression/Ses02F_impro04_M009.npy
Ses02F_impro04_M010,Session2,neu,2.5,3.5,4.0,135.85,145.057,mfcc_regression/Ses02F_impro04_M010.npy
Ses02F_impro04_M011,Session2,neu,3.0,3.5,4.0,145.067,151.05,mfcc_regression/Ses02F_impro04_M011.npy
Ses02F_impro04_M012,Session2,neu,4.0,4.0,4.5,156.7354,174.3532,mfcc_regression/Ses02F_impro04_M012.npy
Ses02F_impro04_M013,Session2,neu,3.5,4.0,4.0,192.84,205.99,mfcc_regression/Ses02F_impro04_M013.npy
Ses02F_impro04_M014,Session2,fru,3.0,3.5,2.0,207.1941,212.1841,mfcc_regression/Ses02F_impro04_M014.npy
Ses02F_impro04_M015,Session2,neu,3.5,3.5,4.0,229.5,242.27,mfcc_regression/Ses02F_impro04_M015.npy
Ses02F_impro04_M016,Session2,neu,3.0,2.5,2.5,244.79,245.9,mfcc_regression/Ses02F_impro04_M016.npy
Ses02F_impro04_M017,Session2,neu,3.0,2.5,3.5,245.97,248.0,mfcc_regression/Ses02F_impro04_M017.npy
Ses02F_impro04_M018,Session2,neu,2.0,4.0,4.0,257.1676,266.49,mfcc_regression/Ses02F_impro04_M018.npy
Ses02F_impro04_M019,Session2,neu,2.0,3.0,3.0,271.69,277.0401,mfcc_regression/Ses02F_impro04_M019.npy
Ses02M_script03_1_F002,Session2,exc,2.5,4.5,1.0,13.0059,15.7092,mfcc_regression/Ses02M_script03_1_F002.npy
Ses02M_script03_1_F003,Session2,hap,3.0,2.5,2.0,18.5326,20.8905,mfcc_regression/Ses02M_script03_1_F003.npy
Ses02M_script03_1_F005,Session2,exc,4.0,3.5,2.0,29.3458,33.1455,mfcc_regression/Ses02M_script03_1_F005.npy
Ses02M_script03_1_F006,Session2,hap,4.0,3.0,2.5,34.9176,37.651,mfcc_regression/Ses02M_script03_1_F006.npy
Ses02M_script03_1_F007,Session2,hap,4.0,2.5,2.5,38.1466,42.2165,mfcc_regression/Ses02M_script03_1_F007.npy
Ses02M_script03_1_F012,Session2,exc,4.0,2.0,2.0,70.1807,71.6825,mfcc_regression/Ses02M_script03_1_F012.npy
Ses02M_script03_1_F015,Session2,sad,2.5,2.5,2.0,94.2401,96.7481,mfcc_regression/Ses02M_script03_1_F015.npy
Ses02M_script03_1_F016,Session2,fea,3.0,2.5,2.0,98.265,103.4163,mfcc_regression/Ses02M_script03_1_F016.npy
Ses02M_script03_1_F021,Session2,hap,4.0,2.5,2.0,157.9779,160.6512,mfcc_regression/Ses02M_script03_1_F021.npy
Ses02M_script03_1_F022,Session2,hap,4.0,3.0,2.5,164.1655,169.3167,mfcc_regression/Ses02M_script03_1_F022.npy
Ses02M_script03_1_F023,Session2,hap,4.0,3.0,2.5,169.9475,176.6757,mfcc_regression/Ses02M_script03_1_F023.npy
Ses02M_script03_1_F024,Session2,hap,3.5,1.5,2.5,177.4867,180.2651,mfcc_regression/Ses02M_script03_1_F024.npy
Ses02M_script03_1_F025,Session2,hap,4.0,3.5,2.5,183.4941,188.0446,mfcc_regression/Ses02M_script03_1_F025.npy
Ses02M_script03_1_F027,Session2,hap,4.5,3.0,2.5,192.7754,200.645,mfcc_regression/Ses02M_script03_1_F027.npy
Ses02M_script03_1_F028,Session2,hap,4.0,3.5,2.0,200.7651,205.3307,mfcc_regression/Ses02M_script03_1_F028.npy
Ses02M_script03_1_F029,Session2,hap,4.0,2.5,2.5,206.4871,209.2956,mfcc_regression/Ses02M_script03_1_F029.npy
Ses02M_script03_1_M000,Session2,fea,2.5,4.5,1.5,5.5365,7.2541,mfcc_regression/Ses02M_script03_1_M000.npy
Ses02M_script03_1_M002,Session2,fea,2.5,3.0,2.0,11.5341,13.4564,mfcc_regression/Ses02M_script03_1_M002.npy
Ses02M_script03_1_M003,Session2,fea,3.0,3.5,2.0,16.2649,19.1183,mfcc_regression/Ses02M_script03_1_M003.npy
Ses02M_script03_1_M005,Session2,exc,3.5,3.5,1.5,23.7318,30.3521,mfcc_regression/Ses02M_script03_1_M005.npy
Ses02M_script03_1_M006,Session2,fea,3.5,3.0,2.5,32.3946,35.4283,mfcc_regression/Ses02M_script03_1_M006.npy
Ses02M_script03_1_M007,Session2,hap,4.0,2.5,2.5,36.855,38.9426,mfcc_regression/Ses02M_script03_1_M007.npy
Ses02M_script03_1_M008,Session2,hap,4.0,2.5,2.5,41.781,46.2415,mfcc_regression/Ses02M_script03_1_M008.npy
Ses02M_script03_1_M009,Session2,sad,3.5,2.5,2.5,48.314,50.2964,mfcc_regression/Ses02M_script03_1_M009.npy
Ses02M_script03_1_M010,Session2,hap,4.0,3.0,2.5,52.7895,56.484,mfcc_regression/Ses02M_script03_1_M010.npy
Ses02M_script03_1_M011,Session2,hap,4.0,3.5,2.5,57.8506,66.9518,mfcc_regression/Ses02M_script03_1_M011.npy
Ses02M_script03_1_M012,Session2,exc,4.0,3.0,3.0,67.6426,70.7814,mfcc_regression/Ses02M_script03_1_M012.npy
Ses02M_script03_1_M014,Session2,exc,4.0,3.5,3.0,79.0941,83.0664,mfcc_regression/Ses02M_script03_1_M014.npy
Ses02M_script03_1_M015,Session2,exc,4.0,2.5,3.0,84.8536,88.1727,mfcc_regression/Ses02M_script03_1_M015.npy
Ses02M_script03_1_M016,Session2,sad,3.0,1.5,2.5,90.8309,94.6456,mfcc_regression/Ses02M_script03_1_M016.npy
Ses02M_script03_1_M018,Session2,exc,4.0,3.5,2.5,102.7104,105.5789,mfcc_regression/Ses02M_script03_1_M018.npy
Ses02M_script03_1_M019,Session2,exc,4.0,3.5,2.5,106.7203,112.7727,mfcc_regression/Ses02M_script03_1_M019.npy
Ses02M_script03_1_M020,Session2,exc,4.0,2.5,3.0,114.7701,117.3683,mfcc_regression/Ses02M_script03_1_M020.npy
Ses02M_script03_1_M021,Session2,exc,4.5,3.0,3.0,117.3833,131.09,mfcc_regression/Ses02M_script03_1_M021.npy
Ses02M_script03_1_M022,Session2,exc,4.0,3.0,3.0,131.1199,135.9153,mfcc_regression/Ses02M_script03_1_M022.npy
Ses02M_script03_1_M024,Session2,hap,4.0,2.5,2.0,155.2896,158.9541,mfcc_regression/Ses02M_script03_1_M024.npy
Ses02M_script03_1_M029,Session2,hap,4.0,3.5,2.5,186.723,189.3062,mfcc_regression/Ses02M_script03_1_M029.npy
Ses02M_script03_1_M031,Session2,hap,4.0,4.0,2.5,199.3084,201.8314,mfcc_regression/Ses02M_script03_1_M031.npy
Ses02M_script01_3_F001,Session2,hap,4.0,3.5,3.0,11.9104,14.3718,mfcc_regression/Ses02M_script01_3_F001.npy
Ses02M_script01_3_F002,Session2,hap,4.0,3.0,3.5,14.4248,19.533,mfcc_regression/Ses02M_script01_3_F002.npy
Ses02M_script01_3_F003,Session2,hap,3.5,2.5,3.0,21.5974,28.9819,mfcc_regression/Ses02M_script01_3_F003.npy
Ses02M_script01_3_F007,Session2,hap,3.0,3.0,3.5,59.9223,63.416,mfcc_regression/Ses02M_script01_3_F007.npy
Ses02M_script01_3_F008,Session2,neu,2.5,2.5,3.0,64.1042,67.9419,mfcc_regression/Ses02M_script01_3_F008.npy
Ses02M_script01_3_F009,Session2,hap,4.0,3.5,3.5,75.8028,80.5934,mfcc_regression/Ses02M_script01_3_F009.npy
Ses02M_script01_3_F012,Session2,hap,4.0,3.0,3.0,124.4235,128.2083,mfcc_regression/Ses02M_script01_3_F012.npy
Ses02M_script01_3_F013,Session2,hap,4.0,3.0,3.5,129.5846,131.7814,mfcc_regression/Ses02M_script01_3_F013.npy
Ses02M_script01_3_F019,Session2,sad,2.0,2.5,3.5,182.4666,192.0214,mfcc_regression/Ses02M_script01_3_F019.npy
Ses02M_script01_3_F021,Session2,sad,2.0,2.0,3.5,202.2113,206.0226,mfcc_regression/Ses02M_script01_3_F021.npy
Ses02M_script01_3_F025,Session2,sad,2.5,2.5,3.5,359.3486,362.8688,mfcc_regression/Ses02M_script01_3_F025.npy
Ses02M_script01_3_F026,Session2,sad,2.0,3.5,4.5,365.3567,374.8585,mfcc_regression/Ses02M_script01_3_F026.npy
Ses02M_script01_3_F027,Session2,sad,2.5,4.0,4.0,374.9644,383.4604,mfcc_regression/Ses02M_script01_3_F027.npy
Ses02M_script01_3_F028,Session2,hap,4.0,3.5,4.0,387.7482,391.1095,mfcc_regression/Ses02M_script01_3_F028.npy
Ses02M_script01_3_M000,Session2,hap,4.0,2.5,3.0,9.346,12.5191,mfcc_regression/Ses02M_script01_3_M000.npy
Ses02M_script01_3_M004,Session2,sur,2.5,2.5,3.0,41.2628,43.6713,mfcc_regression/Ses02M_script01_3_M004.npy
Ses02M_script01_3_M005,Session2,fru,3.5,3.0,3.5,48.5942,61.0604,mfcc_regression/Ses02M_script01_3_M005.npy
Ses02M_script01_3_M010,Session2,exc,4.0,4.0,4.0,94.0653,104.2024,mfcc_regression/Ses02M_script01_3_M010.npy
Ses02M_script01_3_M013,Session2,sur,3.0,3.0,2.5,122.5972,125.191,mfcc_regression/Ses02M_script01_3_M013.npy
Ses02M_script01_3_M014,Session2,exc,4.0,3.5,3.5,127.0438,130.5904,mfcc_regression/Ses02M_script01_3_M014.npy
Ses02M_script01_3_M015,Session2,exc,3.5,3.0,3.5,131.9138,134.7458,mfcc_regression/Ses02M_script01_3_M015.npy
Ses02M_script01_3_M020,Session2,sad,3.0,3.5,3.5,172.5943,176.9085,mfcc_regression/Ses02M_script01_3_M020.npy
Ses02M_script01_3_M021,Session2,sad,2.0,2.5,2.5,179.6875,183.1283,mfcc_regression/Ses02M_script01_3_M021.npy
Ses02M_script01_3_M022,Session2,sad,2.5,3.0,3.0,190.9891,196.812,mfcc_regression/Ses02M_script01_3_M022.npy
Ses02M_script01_3_M025,Session2,sad,2.0,2.0,3.0,216.345,220.2621,mfcc_regression/Ses02M_script01_3_M025.npy
Ses02M_script01_3_M026,Session2,sad,2.0,2.5,3.0,222.9618,226.0585,mfcc_regression/Ses02M_script01_3_M026.npy
Ses02M_script01_3_M027,Session2,sad,2.0,3.0,3.5,227.3025,234.5281,mfcc_regression/Ses02M_script01_3_M027.npy
Ses02M_script01_3_M028,Session2,sad,3.0,3.5,4.0,234.634,249.8263,mfcc_regression/Ses02M_script01_3_M028.npy
Ses02M_script01_3_M029,Session2,sad,2.0,3.5,4.5,249.9322,260.0957,mfcc_regression/Ses02M_script01_3_M029.npy
Ses02M_script01_3_M030,Session2,sad,2.0,3.0,4.5,260.1751,276.8495,mfcc_regression/Ses02M_script01_3_M030.npy
Ses02M_script01_3_M031,Session2,sad,2.5,4.0,4.5,276.929,289.3951,mfcc_regression/Ses02M_script01_3_M031.npy
Ses02M_script01_3_M032,Session2,sad,1.5,3.5,4.5,289.5539,310.0662,mfcc_regression/Ses02M_script01_3_M032.npy
Ses02M_script01_3_M033,Session2,sad,1.5,3.5,4.5,310.1721,332.6959,mfcc_regression/Ses02M_script01_3_M033.npy
Ses02M_script01_3_M034,Session2,sad,2.5,3.5,4.5,332.7753,346.009,mfcc_regression/Ses02M_script01_3_M034.npy
Ses02M_script01_3_M035,Session2,sad,2.5,2.5,4.5,346.0355,360.1426,mfcc_regression/Ses02M_script01_3_M035.npy
Ses02M_script01_3_M036,Session2,neu,3.0,2.5,3.5,363.054,366.5213,mfcc_regression/Ses02M_script01_3_M036.npy
Ses02M_script01_1_F010,Session2,fru,2.5,2.5,3.5,80.67,83.46,mfcc_regression/Ses02M_script01_1_F010.npy
Ses02M_script01_1_F011,Session2,fru,2.0,3.5,3.5,101.06,103.39,mfcc_regression/Ses02M_script01_1_F011.npy
Ses02M_script01_1_F012,Session2,fru,2.0,2.5,3.5,104.23,106.69,mfcc_regression/Ses02M_script01_1_F012.npy
Ses02M_script01_1_F013,Session2,fru,2.0,3.5,4.5,110.43,117.74,mfcc_regression/Ses02M_script01_1_F013.npy
Ses02M_script01_1_F015,Session2,neu,3.0,2.5,3.0,136.08,139.84,mfcc_regression/Ses02M_script01_1_F015.npy
Ses02M_script01_1_F017,Session2,fru,3.0,2.5,3.0,147.75,151.59,mfcc_regression/Ses02M_script01_1_F017.npy
Ses02M_script01_1_F018,Session2,neu,2.0,3.0,2.5,154.54,158.05,mfcc_regression/Ses02M_script01_1_F018.npy
Ses02M_script01_1_F019,Session2,fru,2.0,2.5,3.0,158.36,160.2,mfcc_regression/Ses02M_script01_1_F019.npy
Ses02M_script01_1_F021,Session2,neu,2.0,3.5,4.5,173.85,179.03,mfcc_regression/Ses02M_script01_1_F021.npy
Ses02M_script01_1_F022,Session2,fru,2.0,3.5,4.0,179.04,186.73,mfcc_regression/Ses02M_script01_1_F022.npy
Ses02M_script01_1_F023,Session2,neu,3.5,3.0,3.5,197.48,200.72,mfcc_regression/Ses02M_script01_1_F023.npy
Ses02M_script01_1_F024,Session2,fru,2.5,2.5,4.0,201.67,204.19,mfcc_regression/Ses02M_script01_1_F024.npy
Ses02M_script01_1_F025,Session2,neu,2.5,2.5,3.5,206.62,210.61,mfcc_regression/Ses02M_script01_1_F025.npy
Ses02M_script01_1_F026,Session2,ang,2.0,3.0,4.0,223.32,227.13,mfcc_regression/Ses02M_script01_1_F026.npy
Ses02M_script01_1_F027,Session2,ang,2.0,3.0,4.5,229.74,233.09,mfcc_regression/Ses02M_script01_1_F027.npy
Ses02M_script01_1_F028,Session2,fru,1.5,4.0,4.5,235.99,242.82,mfcc_regression/Ses02M_script01_1_F028.npy
Ses02M_script01_1_F029,Session2,fru,1.5,4.0,5.0,253.32,260.89,mfcc_regression/Ses02M_script01_1_F029.npy
Ses02M_script01_1_F030,Session2,fru,1.5,3.5,4.5,260.93,265.6,mfcc_regression/Ses02M_script01_1_F030.npy
Ses02M_script01_1_F032,Session2,ang,2.0,3.5,4.0,283.82,286.26,mfcc_regression/Ses02M_script01_1_F032.npy
Ses02M_script01_1_F033,Session2,ang,1.5,4.0,4.5,290.44,293.25,mfcc_regression/Ses02M_script01_1_F033.npy
Ses02M_script01_1_F034,Session2,ang,1.5,3.5,4.5,296.62,299.7,mfcc_regression/Ses02M_script01_1_F034.npy
Ses02M_script01_1_F035,Session2,ang,2.0,3.0,4.5,301.45,304.04,mfcc_regression/Ses02M_script01_1_F035.npy
Ses02M_script01_1_F036,Session2,ang,2.0,3.5,4.0,320.71,323.57,mfcc_regression/Ses02M_script01_1_F036.npy
Ses02M_script01_1_F037,Session2,ang,2.0,3.5,3.5,326.65,329.41,mfcc_regression/Ses02M_script01_1_F037.npy
Ses02M_script01_1_F039,Session2,fru,2.0,3.0,3.5,342.31,344.78,mfcc_regression/Ses02M_script01_1_F039.npy
Ses02M_script01_1_F040,Session2,fru,2.0,2.5,3.5,347.92,350.81,mfcc_regression/Ses02M_script01_1_F040.npy
Ses02M_script01_1_F041,Session2,sad,3.0,2.0,2.5,354.1,356.18,mfcc_regression/Ses02M_script01_1_F041.npy
Ses02M_script01_1_M003,Session2,sad,2.0,3.0,3.5,28.17,33.97,mfcc_regression/Ses02M_script01_1_M003.npy
Ses02M_script01_1_M004,Session2,sad,2.5,2.5,3.5,34.95,38.97,mfcc_regression/Ses02M_script01_1_M004.npy
Ses02M_script01_1_M005,Session2,sad,2.0,2.5,3.0,41.66,44.62,mfcc_regression/Ses02M_script01_1_M005.npy
Ses02M_script01_1_M009,Session2,fru,2.5,3.5,4.5,74.84,81.72,mfcc_regression/Ses02M_script01_1_M009.npy
Ses02M_script01_1_M010,Session2,fru,2.0,3.5,4.0,82.89,90.24,mfcc_regression/Ses02M_script01_1_M010.npy
Ses02M_script01_1_M011,Session2,fru,2.0,4.0,4.0,90.35,102.42,mfcc_regression/Ses02M_script01_1_M011.npy
Ses02M_script01_1_M012,Session2,ang,2.5,3.5,4.5,102.66,104.4424,mfcc_regression/Ses02M_script01_1_M012.npy
Ses02M_script01_1_M013,Session2,ang,1.5,4.0,4.5,106.0,111.17,mfcc_regression/Ses02M_script01_1_M013.npy
Ses02M_script01_1_M015,Session2,fru,2.5,3.0,3.5,126.08,128.82,mfcc_regression/Ses02M_script01_1_M015.npy
Ses02M_script01_1_M016,Session2,neu,3.0,2.5,3.5,129.32,133.2,mfcc_regression/Ses02M_script01_1_M016.npy
Ses02M_script01_1_M017,Session2,neu,3.0,2.5,4.0,134.91,136.32,mfcc_regression/Ses02M_script01_1_M017.npy
Ses02M_script01_1_M018,Session2,neu,3.0,2.5,3.5,140.67,143.1,mfcc_regression/Ses02M_script01_1_M018.npy
Ses02M_script01_1_M019,Session2,fru,2.0,2.5,3.5,145.87,148.61,mfcc_regression/Ses02M_script01_1_M019.npy
Ses02M_script01_1_M020,Session2,fru,2.0,3.5,4.0,151.83,154.62,mfcc_regression/Ses02M_script01_1_M020.npy
Ses02M_script01_1_M021,Session2,ang,2.5,3.5,3.5,156.49,159.32,mfcc_regression/Ses02M_script01_1_M021.npy
Ses02M_script01_1_M023,Session2,fru,1.5,3.5,4.5,172.33,174.65,mfcc_regression/Ses02M_script01_1_M023.npy
Ses02M_script01_1_M024,Session2,ang,1.5,3.5,4.5,186.36,198.37,mfcc_regression/Ses02M_script01_1_M024.npy
Ses02M_script01_1_M025,Session2,ang,1.5,4.0,5.0,199.88,201.62,mfcc_regression/Ses02M_script01_1_M025.npy
Ses02M_script01_1_M026,Session2,neu,2.5,2.5,3.0,204.46,206.85,mfcc_regression/Ses02M_script01_1_M026.npy
Ses02M_script01_1_M027,Session2,neu,2.0,3.5,3.5,210.19,215.67,mfcc_regression/Ses02M_script01_1_M027.npy
Ses02M_script01_1_M028,Session2,sad,2.0,3.5,4.5,215.81,223.11,mfcc_regression/Ses02M_script01_1_M028.npy
Ses02M_script01_1_M029,Session2,fru,2.0,3.0,4.0,226.91,229.84,mfcc_regression/Ses02M_script01_1_M029.npy
Ses02M_script01_1_M030,Session2,fru,3.0,2.5,3.5,233.46,235.76,mfcc_regression/Ses02M_script01_1_M030.npy
Ses02M_script01_1_M031,Session2,fru,1.5,4.0,4.5,242.45,252.59,mfcc_regression/Ses02M_script01_1_M031.npy
Ses02M_script01_1_M035,Session2,sad,2.0,3.0,4.0,279.67,284.37,mfcc_regression/Ses02M_script01_1_M035.npy
Ses02M_script01_1_M036,Session2,sad,2.0,3.0,4.0,285.92,290.93,mfcc_regression/Ses02M_script01_1_M036.npy
Ses02M_script01_1_M037,Session2,ang,1.5,3.5,4.5,292.82,297.17,mfcc_regression/Ses02M_script01_1_M037.npy
Ses02M_script01_1_M038,Session2,ang,2.0,3.0,4.5,298.96,302.69,mfcc_regression/Ses02M_script01_1_M038.npy
Ses02M_script01_1_M039,Session2,ang,1.5,4.0,5.0,302.99,310.24,mfcc_regression/Ses02M_script01_1_M039.npy
Ses02M_script01_1_M041,Session2,sad,3.0,2.5,3.5,323.69,326.52,mfcc_regression/Ses02M_script01_1_M041.npy
Ses02M_script01_1_M042,Session2,fru,2.5,3.0,4.0,328.43,330.74,mfcc_regression/Ses02M_script01_1_M042.npy
Ses02M_script01_1_M043,Session2,fru,2.0,3.0,3.5,337.62,342.14,mfcc_regression/Ses02M_script01_1_M043.npy
Ses02M_script01_1_M044,Session2,fru,3.0,3.0,3.5,344.49,346.97,mfcc_regression/Ses02M_script01_1_M044.npy
Ses02F_impro06_F000,Session2,sad,1.6667,2.0,2.0,10.31,15.4,mfcc_regression/Ses02F_impro06_F000.npy
Ses02F_impro06_F001,Session2,sad,1.3333,2.0,1.6667,21.15,23.86,mfcc_regression/Ses02F_impro06_F001.npy
Ses02F_impro06_F002,Session2,sad,1.6667,3.0,2.6667,25.52,32.26,mfcc_regression/Ses02F_impro06_F002.npy
Ses02F_impro06_F003,Session2,sad,1.3333,1.3333,1.6667,41.73,43.37,mfcc_regression/Ses02F_impro06_F003.npy
Ses02F_impro06_F004,Session2,sad,1.3333,2.6667,2.0,52.1888,54.6,mfcc_regression/Ses02F_impro06_F004.npy
Ses02F_impro06_F005,Session2,sad,1.6667,2.0,2.0,75.8818,78.68,mfcc_regression/Ses02F_impro06_F005.npy
Ses02F_impro06_F006,Session2,sad,2.0,2.6667,2.3333,82.16,88.2252,mfcc_regression/Ses02F_impro06_F006.npy
Ses02F_impro06_F007,Session2,sad,2.0,2.3333,2.0,107.03,113.82,mfcc_regression/Ses02F_impro06_F007.npy
Ses02F_impro06_F008,Session2,sad,2.0,2.6667,2.3333,114.3099,122.5338,mfcc_regression/Ses02F_impro06_F008.npy
Ses02F_impro06_F009,Session2,sad,2.6667,3.3333,2.6667,130.67,132.78,mfcc_regression/Ses02F_impro06_F009.npy
Ses02F_impro06_F010,Session2,sad,2.0,1.6667,1.6667,153.92,157.2495,mfcc_regression/Ses02F_impro06_F010.npy
Ses02F_impro06_F011,Session2,sad,1.3333,3.3333,2.0,172.77,174.93,mfcc_regression/Ses02F_impro06_F011.npy
Ses02F_impro06_F012,Session2,sad,1.3333,3.3333,2.3333,176.03,179.129,mfcc_regression/Ses02F_impro06_F012.npy
Ses02F_impro06_F013,Session2,sad,2.0,3.0,1.6667,185.34,191.3555,mfcc_regression/Ses02F_impro06_F013.npy
Ses02F_impro06_F014,Session2,sad,2.3333,1.6667,2.0,218.2176,219.4604,mfcc_regression/Ses02F_impro06_F014.npy
Ses02F_impro06_M000,Session2,neu,3.0,2.3333,1.6667,5.7967,8.0783,mfcc_regression/Ses02F_impro06_M000.npy
Ses02F_impro06_M001,Session2,neu,2.0,2.0,1.6667,15.7633,20.64,mfcc_regression/Ses02F_impro06_M001.npy
Ses02F_impro06_M002,Session2,neu,2.0,2.3333,2.3333,20.77,23.33,mfcc_regression/Ses02F_impro06_M002.npy
Ses02F_impro06_M003,Session2,neu,2.3333,2.3333,1.6667,24.56,25.89,mfcc_regression/Ses02F_impro06_M003.npy
Ses02F_impro06_M004,Session2,neu,2.3333,2.3333,2.3333,33.11,40.3,mfcc_regression/Ses02F_impro06_M004.npy
Ses02F_impro06_M005,Session2,neu,2.6667,2.0,2.6667,43.34,50.1,mfcc_regression/Ses02F_impro06_M005.npy
Ses02F_impro06_M006,Session2,neu,3.0,2.0,2.6667,55.58,57.9644,mfcc_regression/Ses02F_impro06_M006.npy
Ses02F_impro06_M007,Session2,neu,3.0,2.0,2.3333,59.12,68.5,mfcc_regression/Ses02F_impro06_M007.npy
Ses02F_impro06_M008,Session2,neu,2.6667,1.6667,2.0,70.82,76.17,mfcc_regression/Ses02F_impro06_M008.npy
Ses02F_impro06_M009,Session2,neu,2.6667,2.0,2.6667,88.4296,99.1347,mfcc_regression/Ses02F_impro06_M009.npy
Ses02F_impro06_M010,Session2,neu,2.6667,3.0,2.3333,100.7536,107.0617,mfcc_regression/Ses02F_impro06_M010.npy
Ses02F_impro06_M011,Session2,neu,3.3333,2.3333,2.6667,122.2578,130.86,mfcc_regression/Ses02F_impro06_M011.npy
Ses02F_impro06_M012,Session2,neu,3.0,2.3333,2.6667,132.59,138.25,mfcc_regression/Ses02F_impro06_M012.npy
Ses02F_impro06_M013,Session2,neu,2.6667,3.0,3.0,138.68,153.21,mfcc_regression/Ses02F_impro06_M013.npy
Ses02F_impro06_M014,Session2,neu,1.6667,2.0,2.0,158.59,160.82,mfcc_regression/Ses02F_impro06_M014.npy
Ses02F_impro06_M015,Session2,neu,2.6667,2.0,2.3333,164.25,172.35,mfcc_regression/Ses02F_impro06_M015.npy
Ses02F_impro06_M016,Session2,neu,3.0,3.0,3.0,175.43,177.5861,mfcc_regression/Ses02F_impro06_M016.npy
Ses02F_impro06_M017,Session2,neu,2.6667,2.0,2.6667,179.23,187.37,mfcc_regression/Ses02F_impro06_M017.npy
Ses02F_impro06_M018,Session2,neu,2.6667,2.3333,2.6667,196.5253,210.6666,mfcc_regression/Ses02F_impro06_M018.npy
Ses02F_impro06_M019,Session2,neu,2.3333,2.3333,2.6667,212.8076,217.7894,mfcc_regression/Ses02F_impro06_M019.npy
Ses02F_script02_1_F001,Session2,neu,2.0,2.5,3.0,39.39,40.57,mfcc_regression/Ses02F_script02_1_F001.npy
Ses02F_script02_1_F005,Session2,neu,3.0,2.0,2.5,72.69,73.97,mfcc_regression/Ses02F_script02_1_F005.npy
Ses02F_script02_1_F007,Session2,fru,2.0,2.5,3.5,102.21,104.84,mfcc_regression/Ses02F_script02_1_F007.npy
Ses02F_script02_1_F013,Session2,fru,2.0,4.0,4.5,143.19,150.19,mfcc_regression/Ses02F_script02_1_F013.npy
Ses02F_script02_1_F014,Session2,fru,2.0,2.5,3.5,161.39,168.6,mfcc_regression/Ses02F_script02_1_F014.npy
Ses02F_script02_1_F015,Session2,fru,2.0,2.5,3.5,169.86,171.27,mfcc_regression/Ses02F_script02_1_F015.npy
Ses02F_script02_1_F016,Session2,fru,2.0,3.0,3.5,185.8,187.54,mfcc_regression/Ses02F_script02_1_F016.npy
Ses02F_script02_1_F018,Session2,fru,2.0,4.0,4.0,201.77,211.47,mfcc_regression/Ses02F_script02_1_F018.npy
Ses02F_script02_1_F019,Session2,neu,2.5,3.0,3.0,212.71,214.93,mfcc_regression/Ses02F_script02_1_F019.npy
Ses02F_script02_1_F021,Session2,neu,3.5,2.0,3.0,287.68,289.17,mfcc_regression/Ses02F_script02_1_F021.npy
Ses02F_script02_1_M000,Session2,exc,3.5,3.0,3.5,5.29,8.89,mfcc_regression/Ses02F_script02_1_M000.npy
Ses02F_script02_1_M001,Session2,exc,4.0,3.5,4.0,8.9,13.03,mfcc_regression/Ses02F_script02_1_M001.npy
Ses02F_script02_1_M002,Session2,exc,3.0,3.5,3.5,13.07,19.18,mfcc_regression/Ses02F_script02_1_M002.npy
Ses02F_script02_1_M003,Session2,exc,4.0,3.0,3.5,19.22,20.31,mfcc_regression/Ses02F_script02_1_M003.npy
Ses02F_script02_1_M004,Session2,exc,3.0,2.5,3.5,21.4,26.65,mfcc_regression/Ses02F_script02_1_M004.npy
Ses02F_script02_1_M005,Session2,exc,4.0,3.5,3.5,26.69,31.43,mfcc_regression/Ses02F_script02_1_M005.npy
Ses02F_script02_1_M006,Session2,exc,3.0,4.0,4.0,31.47,39.69,mfcc_regression/Ses02F_script02_1_M006.npy
Ses02F_script02_1_M009,Session2,neu,2.5,2.5,2.0,49.01,50.5,mfcc_regression/Ses02F_script02_1_M009.npy
Ses02F_script02_1_M010,Session2,neu,3.5,3.5,4.0,55.37,62.4,mfcc_regression/Ses02F_script02_1_M010.npy
Ses02F_script02_1_M012,Session2,neu,3.0,3.0,3.5,68.15,72.9,mfcc_regression/Ses02F_script02_1_M012.npy
Ses02F_script02_1_M013,Session2,neu,4.0,3.5,4.0,74.16,79.71,mfcc_regression/Ses02F_script02_1_M013.npy
Ses02F_script02_1_M014,Session2,exc,4.0,3.0,4.0,80.27,85.85,mfcc_regression/Ses02F_script02_1_M014.npy
Ses02F_script02_1_M015,Session2,exc,4.0,4.0,4.0,85.9,91.25,mfcc_regression/Ses02F_script02_1_M015.npy
Ses02F_script02_1_M016,Session2,exc,3.0,3.0,4.5,93.45,98.21,mfcc_regression/Ses02F_script02_1_M016.npy
Ses02F_script02_1_M017,Session2,neu,2.5,3.5,3.0,100.6,102.03,mfcc_regression/Ses02F_script02_1_M017.npy
Ses02F_script02_1_M019,Session2,neu,3.5,2.5,2.5,113.3,114.19,mfcc_regression/Ses02F_script02_1_M019.npy
Ses02F_script02_1_M020,Session2,neu,3.5,2.5,3.0,115.1,116.6,mfcc_regression/Ses02F_script02_1_M020.npy
Ses02F_script02_1_M021,Session2,neu,2.5,3.0,4.0,117.83,124.59,mfcc_regression/Ses02F_script02_1_M021.npy
Ses02F_script02_1_M024,Session2,exc,4.0,3.5,4.0,136.89,143.85,mfcc_regression/Ses02F_script02_1_M024.npy
Ses02F_script02_1_M025,Session2,exc,3.5,4.0,4.0,149.67,159.0,mfcc_regression/Ses02F_script02_1_M025.npy
Ses02F_script02_1_M026,Session2,exc,3.0,3.5,4.5,159.05,162.01,mfcc_regression/Ses02F_script02_1_M026.npy
Ses02F_script02_1_M027,Session2,fru,3.5,3.5,3.5,168.72,170.35,mfcc_regression/Ses02F_script02_1_M027.npy
Ses02F_script02_1_M028,Session2,exc,3.5,3.5,4.0,171.23,179.63,mfcc_regression/Ses02F_script02_1_M028.npy
Ses02F_script02_1_M031,Session2,neu,2.5,4.0,4.0,190.28,194.78,mfcc_regression/Ses02F_script02_1_M031.npy
Ses02F_script02_1_M033,Session2,neu,2.5,3.0,3.0,211.43,213.08,mfcc_regression/Ses02F_script02_1_M033.npy
Ses02F_script02_1_M035,Session2,exc,2.5,3.5,3.5,220.63,225.08,mfcc_regression/Ses02F_script02_1_M035.npy
Ses02F_script02_1_M036,Session2,exc,4.0,4.0,4.0,225.14,233.26,mfcc_regression/Ses02F_script02_1_M036.npy
Ses02F_script02_1_M039,Session2,exc,3.5,4.0,4.5,247.17,261.54,mfcc_regression/Ses02F_script02_1_M039.npy
Ses02F_script02_1_M040,Session2,exc,3.5,3.5,4.5,261.74,271.7,mfcc_regression/Ses02F_script02_1_M040.npy
Ses02F_script02_1_M041,Session2,exc,4.0,3.5,4.5,271.71,280.18,mfcc_regression/Ses02F_script02_1_M041.npy
Ses02F_script02_1_M042,Session2,exc,4.0,4.0,3.5,280.21,284.64,mfcc_regression/Ses02F_script02_1_M042.npy
Ses02F_script02_1_M043,Session2,neu,3.0,3.0,3.0,285.95,287.87,mfcc_regression/Ses02F_script02_1_M043.npy
Ses02F_script02_1_M044,Session2,neu,3.0,3.0,3.0,288.8,290.29,mfcc_regression/Ses02F_script02_1_M044.npy
Ses02F_impro07_F001,Session2,exc,5.0,4.0,4.0,17.275,19.55,mfcc_regression/Ses02F_impro07_F001.npy
Ses02F_impro07_F002,Session2,exc,4.5,4.0,4.5,20.46,22.93,mfcc_regression/Ses02F_impro07_F002.npy
Ses02F_impro07_F003,Session2,exc,4.0,4.0,4.5,22.94,28.74,mfcc_regression/Ses02F_impro07_F003.npy
Ses02F_impro07_F004,Session2,exc,4.0,3.5,3.0,28.75,29.95,mfcc_regression/Ses02F_impro07_F004.npy
Ses02F_impro07_F005,Session2,exc,4.0,3.5,3.0,29.97,31.0789,mfcc_regression/Ses02F_impro07_F005.npy
Ses02F_impro07_F006,Session2,exc,5.0,4.0,3.5,31.0983,33.0,mfcc_regression/Ses02F_impro07_F006.npy
Ses02F_impro07_F007,Session2,exc,4.5,4.0,4.0,34.45,40.6076,mfcc_regression/Ses02F_impro07_F007.npy
Ses02F_impro07_F008,Session2,exc,4.5,4.0,4.5,40.63,48.35,mfcc_regression/Ses02F_impro07_F008.npy
Ses02F_impro07_F009,Session2,exc,4.0,4.5,4.5,48.37,52.63,mfcc_regression/Ses02F_impro07_F009.npy
Ses02F_impro07_F010,Session2,exc,3.5,4.0,4.5,52.63,57.8,mfcc_regression/Ses02F_impro07_F010.npy
Ses02F_impro07_F011,Session2,exc,4.0,4.0,4.5,57.81,65.93,mfcc_regression/Ses02F_impro07_F011.npy
Ses02F_impro07_F012,Session2,exc,4.0,3.0,4.0,65.94,71.19,mfcc_regression/Ses02F_impro07_F012.npy
Ses02F_impro07_F013,Session2,exc,4.0,3.5,3.5,71.2,74.5,mfcc_regression/Ses02F_impro07_F013.npy
Ses02F_impro07_F014,Session2,exc,3.0,3.5,4.0,77.31,83.57,mfcc_regression/Ses02F_impro07_F014.npy
Ses02F_impro07_F015,Session2,exc,4.0,3.5,4.5,83.58,87.53,mfcc_regression/Ses02F_impro07_F015.npy
Ses02F_impro07_F016,Session2,exc,3.5,3.0,4.0,87.54,89.98,mfcc_regression/Ses02F_impro07_F016.npy
Ses02F_impro07_F017,Session2,exc,3.5,3.0,4.0,90.0,96.9445,mfcc_regression/Ses02F_impro07_F017.npy
Ses02F_impro07_F018,Session2,exc,4.5,4.0,4.5,100.0166,111.3549,mfcc_regression/Ses02F_impro07_F018.npy
Ses02F_impro07_F019,Session2,exc,4.0,3.0,4.0,111.95,121.29,mfcc_regression/Ses02F_impro07_F019.npy
Ses02F_impro07_F020,Session2,exc,4.0,3.5,3.5,121.3,123.8909,mfcc_regression/Ses02F_impro07_F020.npy
Ses02F_impro07_F021,Session2,exc,4.0,3.0,3.5,125.8858,133.4,mfcc_regression/Ses02F_impro07_F021.npy
Ses02F_impro07_F022,Session2,exc,3.5,3.5,4.0,133.42,144.7518,mfcc_regression/Ses02F_impro07_F022.npy
Ses02F_impro07_F023,Session2,exc,4.0,3.0,2.5,144.76,146.45,mfcc_regression/Ses02F_impro07_F023.npy
Ses02F_impro07_F024,Session2,exc,4.0,3.0,3.5,146.47,148.65,mfcc_regression/Ses02F_impro07_F024.npy
Ses02F_impro07_F025,Session2,exc,4.0,4.0,4.0,148.67,156.3102,mfcc_regression/Ses02F_impro07_F025.npy
Ses02F_impro07_F026,Session2,exc,4.5,4.5,4.5,159.7568,165.88,mfcc_regression/Ses02F_impro07_F026.npy
Ses02F_impro07_F027,Session2,exc,4.0,4.0,3.5,166.96,168.26,mfcc_regression/Ses02F_impro07_F027.npy
Ses02F_impro07_F028,Session2,exc,4.0,4.0,3.5,168.29,172.3,mfcc_regression/Ses02F_impro07_F028.npy
Ses02F_impro07_F029,Session2,exc,4.0,2.5,2.0,172.53,173.6,mfcc_regression/Ses02F_impro07_F029.npy
Ses02F_impro07_F030,Session2,exc,5.0,4.5,4.0,173.8219,175.6762,mfcc_regression/Ses02F_impro07_F030.npy
Ses02F_impro07_F031,Session2,exc,4.0,3.0,3.0,177.15,179.84,mfcc_regression/Ses02F_impro07_F031.npy
Ses02F_impro07_F032,Session2,exc,3.5,3.5,3.0,180.3892,182.3015,mfcc_regression/Ses02F_impro07_F032.npy
Ses02F_impro07_F033,Session2,exc,3.5,2.5,3.5,182.31,186.7475,mfcc_regression/Ses02F_impro07_F033.npy
Ses02F_impro07_F034,Session2,exc,3.5,3.5,3.0,187.1942,193.4503,mfcc_regression/Ses02F_impro07_F034.npy
Ses02F_impro07_F035,Session2,exc,4.5,4.5,4.0,195.3825,199.0482,mfcc_regression/Ses02F_impro07_F035.npy
Ses02F_impro07_F036,Session2,exc,4.0,4.5,4.0,200.2705,202.51,mfcc_regression/Ses02F_impro07_F036.npy
Ses02F_impro07_F037,Session2,exc,4.0,3.0,4.0,202.57,204.21,mfcc_regression/Ses02F_impro07_F037.npy
Ses02F_impro07_M000,Session2,neu,4.0,3.5,3.5,6.7677,9.5033,mfcc_regression/Ses02F_impro07_M000.npy
Ses02F_impro07_M001,Session2,exc,3.5,3.0,3.5,13.9746,16.8885,mfcc_regression/Ses02F_impro07_M001.npy
Ses02F_impro07_M002,Session2,exc,5.0,3.5,4.0,19.04,20.87,mfcc_regression/Ses02F_impro07_M002.npy
Ses02F_impro07_M003,Session2,exc,3.0,3.5,3.0,21.85,23.51,mfcc_regression/Ses02F_impro07_M003.npy
Ses02F_impro07_M004,Session2,exc,4.0,3.0,3.5,28.17,29.59,mfcc_regression/Ses02F_impro07_M004.npy
Ses02F_impro07_M005,Session2,exc,5.0,4.0,4.5,29.61,35.0773,mfcc_regression/Ses02F_impro07_M005.npy
Ses02F_impro07_M006,Session2,exc,3.5,3.0,3.5,40.69,43.58,mfcc_regression/Ses02F_impro07_M006.npy
Ses02F_impro07_M007,Session2,exc,3.5,3.0,3.0,44.6,45.82,mfcc_regression/Ses02F_impro07_M007.npy
Ses02F_impro07_M008,Session2,exc,4.0,3.0,4.0,50.09,51.41,mfcc_regression/Ses02F_impro07_M008.npy
Ses02F_impro07_M009,Session2,exc,3.5,2.5,3.0,51.47,52.61,mfcc_regression/Ses02F_impro07_M009.npy
Ses02F_impro07_M010,Session2,exc,4.5,3.5,4.0,57.45,60.57,mfcc_regression/Ses02F_impro07_M010.npy
Ses02F_impro07_M011,Session2,exc,4.0,2.5,3.0,63.143,64.9973,mfcc_regression/Ses02F_impro07_M011.npy
Ses02F_impro07_M016,Session2,neu,3.5,2.5,2.0,90.02,91.12,mfcc_regression/Ses02F_impro07_M016.npy
Ses02F_impro07_M017,Session2,exc,4.0,3.5,4.0,95.59,101.15,mfcc_regression/Ses02F_impro07_M017.npy
Ses02F_impro07_M018,Session2,hap,4.0,2.5,3.5,108.7087,110.3028,mfcc_regression/Ses02F_impro07_M018.npy
Ses02F_impro07_M019,Session2,hap,4.0,3.0,3.0,110.3312,112.55,mfcc_regression/Ses02F_impro07_M019.npy
Ses02F_impro07_M023,Session2,exc,4.0,2.5,2.5,148.7694,150.1409,mfcc_regression/Ses02F_impro07_M023.npy
Ses02F_impro07_M027,Session2,exc,4.0,3.0,3.0,163.24,164.93,mfcc_regression/Ses02F_impro07_M027.npy
Ses02F_impro07_M028,Session2,exc,4.0,4.0,4.0,165.5326,173.6674,mfcc_regression/Ses02F_impro07_M028.npy
Ses02F_impro07_M029,Session2,exc,4.0,4.0,4.0,173.7,178.786,mfcc_regression/Ses02F_impro07_M029.npy
Ses02F_impro07_M034,Session2,exc,4.0,3.5,3.5,192.5002,195.3199,mfcc_regression/Ses02F_impro07_M034.npy
Ses02M_script03_2_F000,Session2,exc,3.0,2.5,3.5,6.187,9.2081,mfcc_regression/Ses02M_script03_2_F000.npy
Ses02M_script03_2_F001,Session2,exc,2.0,3.0,3.5,10.8543,13.8031,mfcc_regression/Ses02M_script03_2_F001.npy
Ses02M_script03_2_F002,Session2,neu,2.5,3.5,4.0,17.8192,22.7036,mfcc_regression/Ses02M_script03_2_F002.npy
Ses02M_script03_2_F003,Session2,neu,2.5,3.0,3.5,24.2956,28.6373,mfcc_regression/Ses02M_script03_2_F003.npy
Ses02M_script03_2_F005,Session2,neu,2.5,2.5,3.0,35.0775,36.6876,mfcc_regression/Ses02M_script03_2_F005.npy
Ses02M_script03_2_F006,Session2,neu,3.0,3.0,3.0,37.1398,40.1248,mfcc_regression/Ses02M_script03_2_F006.npy
Ses02M_script03_2_F007,Session2,neu,2.5,3.0,3.5,40.7398,45.6966,mfcc_regression/Ses02M_script03_2_F007.npy
Ses02M_script03_2_F008,Session2,fru,2.0,2.5,3.5,47.2886,50.2012,mfcc_regression/Ses02M_script03_2_F008.npy
Ses02M_script03_2_F009,Session2,neu,3.0,2.0,3.0,53.9821,55.8816,mfcc_regression/Ses02M_script03_2_F009.npy
Ses02M_script03_2_F011,Session2,neu,2.0,3.0,3.0,64.8002,69.16,mfcc_regression/Ses02M_script03_2_F011.npy
Ses02M_script03_2_F012,Session2,neu,2.5,2.5,3.5,74.1892,76.9751,mfcc_regression/Ses02M_script03_2_F012.npy
Ses02M_script03_2_F014,Session2,ang,2.0,2.5,4.0,82.0767,83.3611,mfcc_regression/Ses02M_script03_2_F014.npy
Ses02M_script03_2_F015,Session2,neu,3.0,3.5,4.0,90.8144,95.735,mfcc_regression/Ses02M_script03_2_F015.npy
Ses02M_script03_2_F018,Session2,fru,2.0,3.0,3.5,104.8345,106.6979,mfcc_regression/Ses02M_script03_2_F018.npy
Ses02M_script03_2_F019,Session2,ang,2.0,3.0,3.5,106.7159,108.4345,mfcc_regression/Ses02M_script03_2_F019.npy
Ses02M_script03_2_F023,Session2,ang,1.5,4.0,4.5,122.7984,129.6366,mfcc_regression/Ses02M_script03_2_F023.npy
Ses02M_script03_2_F024,Session2,neu,3.0,3.0,3.0,133.1281,136.6919,mfcc_regression/Ses02M_script03_2_F024.npy
Ses02M_script03_2_F028,Session2,ang,1.5,2.5,4.0,172.6559,174.8086,mfcc_regression/Ses02M_script03_2_F028.npy
Ses02M_script03_2_F034,Session2,fru,1.5,4.0,4.0,205.852,211.0439,mfcc_regression/Ses02M_script03_2_F034.npy
Ses02M_script03_2_F035,Session2,ang,1.5,3.5,4.5,212.1475,216.3264,mfcc_regression/Ses02M_script03_2_F035.npy
Ses02M_script03_2_F036,Session2,ang,1.5,4.5,4.5,216.3625,218.4471,mfcc_regression/Ses02M_script03_2_F036.npy
Ses02M_script03_2_F037,Session2,ang,1.0,5.0,5.0,218.4791,224.3586,mfcc_regression/Ses02M_script03_2_F037.npy
Ses02M_script03_2_F038,Session2,ang,1.0,5.0,5.0,224.449,230.9616,mfcc_regression/Ses02M_script03_2_F038.npy
Ses02M_script03_2_F039,Session2,ang,1.0,4.5,5.0,235.846,240.0792,mfcc_regression/Ses02M_script03_2_F039.npy
Ses02M_script03_2_F040,Session2,ang,2.0,4.0,4.5,240.4772,242.5757,mfcc_regression/Ses02M_script03_2_F040.npy
Ses02M_script03_2_F041,Session2,ang,1.0,5.0,5.0,242.5938,254.0263,mfcc_regression/Ses02M_script03_2_F041.npy
Ses02M_script03_2_F042,Session2,ang,1.0,4.5,4.5,254.0651,257.9526,mfcc_regression/Ses02M_script03_2_F042.npy
Ses02M_script03_2_M000,Session2,neu,3.0,3.0,4.0,3.3467,7.2362,mfcc_regression/Ses02M_script03_2_M000.npy
Ses02M_script03_2_M001,Session2,ang,2.5,3.0,3.5,8.0684,11.7227,mfcc_regression/Ses02M_script03_2_M001.npy
Ses02M_script03_2_M003,Session2,ang,2.5,2.5,4.5,21.6905,25.8152,mfcc_regression/Ses02M_script03_2_M003.npy
Ses02M_script03_2_M005,Session2,ang,2.5,3.0,3.5,33.4132,36.0725,mfcc_regression/Ses02M_script03_2_M005.npy
Ses02M_script03_2_M007,Session2,ang,2.5,3.0,4.5,39.4011,41.4815,mfcc_regression/Ses02M_script03_2_M007.npy
Ses02M_script03_2_M010,Session2,neu,3.0,3.0,2.5,55.2122,57.5821,mfcc_regression/Ses02M_script03_2_M010.npy
Ses02M_script03_2_M011,Session2,neu,3.0,3.0,3.5,61.3268,65.5419,mfcc_regression/Ses02M_script03_2_M011.npy
Ses02M_script03_2_M012,Session2,neu,2.5,3.0,4.0,68.563,75.2204,mfcc_regression/Ses02M_script03_2_M012.npy
Ses02M_script03_2_M015,Session2,fru,2.0,3.0,3.0,83.1621,84.8626,mfcc_regression/Ses02M_script03_2_M015.npy
Ses02M_script03_2_M016,Session2,neu,3.0,3.0,3.0,88.2093,91.14,mfcc_regression/Ses02M_script03_2_M016.npy
Ses02M_script03_2_M018,Session2,neu,3.5,3.0,3.5,102.338,105.6305,mfcc_regression/Ses02M_script03_2_M018.npy
Ses02M_script03_2_M021,Session2,fru,2.5,3.5,4.5,113.6265,116.6295,mfcc_regression/Ses02M_script03_2_M021.npy
Ses02M_script03_2_M022,Session2,fru,2.5,3.0,4.5,117.7331,121.912,mfcc_regression/Ses02M_script03_2_M022.npy
Ses02M_script03_2_M023,Session2,fru,2.5,3.5,4.0,121.9662,123.7391,mfcc_regression/Ses02M_script03_2_M023.npy
Ses02M_script03_2_M024,Session2,neu,2.5,3.5,3.5,129.4014,133.6165,mfcc_regression/Ses02M_script03_2_M024.npy
Ses02M_script03_2_M026,Session2,ang,2.5,3.5,4.0,140.111,143.1502,mfcc_regression/Ses02M_script03_2_M026.npy
Ses02M_script03_2_M027,Session2,ang,2.5,3.5,4.0,143.1864,147.0035,mfcc_regression/Ses02M_script03_2_M027.npy
Ses02M_script03_2_M031,Session2,ang,3.0,3.5,4.0,174.0307,178.7343,mfcc_regression/Ses02M_script03_2_M031.npy
Ses02M_script03_2_M032,Session2,neu,3.5,3.0,3.5,180.9956,183.6368,mfcc_regression/Ses02M_script03_2_M032.npy
Ses02M_script03_2_M033,Session2,neu,3.0,2.5,3.0,185.5182,187.6529,mfcc_regression/Ses02M_script03_2_M033.npy
Ses02M_script03_2_M037,Session2,fru,2.0,2.5,3.5,203.7173,206.3947,mfcc_regression/Ses02M_script03_2_M037.npy
Ses02M_script03_2_M039,Session2,ang,2.0,4.0,4.0,215.3314,217.0862,mfcc_regression/Ses02M_script03_2_M039.npy
Ses02M_script03_2_M040,Session2,ang,2.0,3.5,4.0,217.1224,219.7817,mfcc_regression/Ses02M_script03_2_M040.npy
Ses02M_script03_2_M041,Session2,ang,2.5,3.5,3.0,223.2008,225.6611,mfcc_regression/Ses02M_script03_2_M041.npy
Ses02M_script03_2_M042,Session2,ang,1.5,4.0,4.5,230.2018,236.6782,mfcc_regression/Ses02M_script03_2_M042.npy
Ses02M_script03_2_M043,Session2,ang,2.0,2.5,4.0,239.3375,241.4722,mfcc_regression/Ses02M_script03_2_M043.npy
Ses02M_script03_2_M044,Session2,ang,1.5,2.5,4.0,241.6531,243.4983,mfcc_regression/Ses02M_script03_2_M044.npy
Ses02M_script03_2_M045,Session2,ang,2.0,3.5,3.5,243.8601,245.3797,mfcc_regression/Ses02M_script03_2_M045.npy
Ses02M_script03_2_M046,Session2,ang,2.5,3.5,4.0,245.4159,246.5737,mfcc_regression/Ses02M_script03_2_M046.npy
Ses02M_script03_2_M047,Session2,ang,1.5,4.5,5.0,248.1838,257.9346,mfcc_regression/Ses02M_script03_2_M047.npy
Ses02M_impro01_F000,Session2,neu,4.0,3.0,3.0,5.32,7.358,mfcc_regression/Ses02M_impro01_F000.npy
Ses02M_impro01_F001,Session2,neu,3.5,2.5,2.5,10.371,11.6114,mfcc_regression/Ses02M_impro01_F001.npy
Ses02M_impro01_F002,Session2,neu,3.0,3.0,3.0,11.6114,14.6855,mfcc_regression/Ses02M_impro01_F002.npy
Ses02M_impro01_F003,Session2,neu,3.0,3.0,3.0,17.819,24.7376,mfcc_regression/Ses02M_impro01_F003.npy
Ses02M_impro01_F004,Session2,neu,3.0,3.0,3.0,27.98,29.622,mfcc_regression/Ses02M_impro01_F004.npy
Ses02M_impro01_F005,Session2,neu,3.0,3.5,3.0,30.0939,36.9427,mfcc_regression/Ses02M_impro01_F005.npy
Ses02M_impro01_F006,Session2,neu,2.5,3.0,2.5,38.8667,44.0823,mfcc_regression/Ses02M_impro01_F006.npy
Ses02M_impro01_F007,Session2,fru,2.5,2.5,3.0,53.11,54.93,mfcc_regression/Ses02M_impro01_F007.npy
Ses02M_impro01_F008,Session2,fru,2.5,3.0,3.0,54.94,58.31,mfcc_regression/Ses02M_impro01_F008.npy
Ses02M_impro01_F009,Session2,fru,3.0,2.5,3.0,60.0864,61.5056,mfcc_regression/Ses02M_impro01_F009.npy
Ses02M_impro01_F010,Session2,fru,2.5,2.5,3.5,63.2229,68.4976,mfcc_regression/Ses02M_impro01_F010.npy
Ses02M_impro01_F011,Session2,fru,2.5,3.0,2.5,71.2864,74.6495,mfcc_regression/Ses02M_impro01_F011.npy
Ses02M_impro01_F012,Session2,fru,3.0,3.0,3.0,76.0075,82.1167,mfcc_regression/Ses02M_impro01_F012.npy
Ses02M_impro01_F013,Session2,fru,2.5,3.0,3.0,87.4655,91.658,mfcc_regression/Ses02M_impro01_F013.npy
Ses02M_impro01_F014,Session2,fru,2.5,3.0,3.0,93.4266,97.4221,mfcc_regression/Ses02M_impro01_F014.npy
Ses02M_impro01_F015,Session2,neu,2.5,2.5,3.0,98.7147,100.1295,mfcc_regression/Ses02M_impro01_F015.npy
Ses02M_impro01_F016,Session2,neu,2.5,2.0,2.5,104.7414,106.0901,mfcc_regression/Ses02M_impro01_F016.npy
Ses02M_impro01_F017,Session2,fru,2.5,2.5,3.0,111.7499,115.959,mfcc_regression/Ses02M_impro01_F017.npy
Ses02M_impro01_F018,Session2,fru,2.5,3.0,2.5,118.3825,120.5877,mfcc_regression/Ses02M_impro01_F018.npy
Ses02M_impro01_F019,Session2,fru,2.5,3.0,4.0,122.8148,125.806,mfcc_regression/Ses02M_impro01_F019.npy
Ses02M_impro01_F020,Session2,fru,3.0,3.0,3.5,126.2997,130.8496,mfcc_regression/Ses02M_impro01_F020.npy
Ses02M_impro01_F021,Session2,fru,3.0,2.5,2.5,137.2469,138.7534,mfcc_regression/Ses02M_impro01_F021.npy
Ses02M_impro01_F022,Session2,fru,3.0,3.0,3.5,141.3516,146.0022,mfcc_regression/Ses02M_impro01_F022.npy
Ses02M_impro01_F023,Session2,fru,2.0,3.0,3.5,148.0459,153.3206,mfcc_regression/Ses02M_impro01_F023.npy
Ses02M_impro01_F024,Session2,fru,2.5,2.5,3.0,154.5392,157.0808,mfcc_regression/Ses02M_impro01_F024.npy
Ses02M_impro01_M000,Session2,fru,4.0,2.5,2.5,3.5,6.441,mfcc_regression/Ses02M_impro01_M000.npy
Ses02M_impro01_M001,Session2,neu,3.5,3.0,2.5,7.34,10.0,mfcc_regression/Ses02M_impro01_M001.npy
Ses02M_impro01_M002,Session2,neu,3.0,3.5,2.5,10.01,12.2924,mfcc_regression/Ses02M_impro01_M002.npy
Ses02M_impro01_M003,Session2,neu,3.5,3.0,2.5,14.3252,17.6205,mfcc_regression/Ses02M_impro01_M003.npy
Ses02M_impro01_M004,Session2,neu,3.0,3.5,3.0,24.5138,28.15,mfcc_regression/Ses02M_impro01_M004.npy
Ses02M_impro01_M005,Session2,neu,2.5,3.5,2.5,28.23,31.2973,mfcc_regression/Ses02M_impro01_M005.npy
Ses02M_impro01_M006,Session2,fru,3.0,3.5,3.0,36.8679,39.1999,mfcc_regression/Ses02M_impro01_M006.npy
Ses02M_impro01_M007,Session2,ang,1.5,4.0,4.0,44.2341,52.43,mfcc_regression/Ses02M_impro01_M007.npy
Ses02M_impro01_M008,Session2,ang,2.0,3.5,3.5,52.44,54.53,mfcc_regression/Ses02M_impro01_M008.npy
Ses02M_impro01_M009,Session2,ang,1.5,4.5,4.0,57.3791,64.1421,mfcc_regression/Ses02M_impro01_M009.npy
Ses02M_impro01_M010,Session2,ang,2.0,4.0,3.5,66.9831,73.6261,mfcc_regression/Ses02M_impro01_M010.npy
Ses02M_impro01_M011,Session2,ang,2.5,4.0,3.5,74.2423,76.2871,mfcc_regression/Ses02M_impro01_M011.npy
Ses02M_impro01_M012,Session2,fru,2.5,4.0,3.0,81.5927,88.776,mfcc_regression/Ses02M_impro01_M012.npy
Ses02M_impro01_M013,Session2,fru,1.5,4.0,4.0,91.1995,93.9287,mfcc_regression/Ses02M_impro01_M013.npy
Ses02M_impro01_M014,Session2,fru,1.5,4.5,4.0,97.1601,99.54,mfcc_regression/Ses02M_impro01_M014.npy
Ses02M_impro01_M015,Session2,fru,2.5,4.0,4.0,99.989,104.6996,mfcc_regression/Ses02M_impro01_M015.npy
Ses02M_impro01_M017,Session2,fru,2.5,4.0,3.0,115.435,118.71,mfcc_regression/Ses02M_impro01_M017.npy
Ses02M_impro01_M018,Session2,ang,2.0,4.5,4.0,119.1904,126.0898,mfcc_regression/Ses02M_impro01_M018.npy
Ses02M_impro01_M019,Session2,ang,2.5,4.5,4.0,129.4304,137.7264,mfcc_regression/Ses02M_impro01_M019.npy
Ses02M_impro01_M020,Session2,fru,2.5,4.0,4.0,138.3822,141.7665,mfcc_regression/Ses02M_impro01_M020.npy
Ses02M_impro01_M021,Session2,fru,2.0,4.5,3.5,149.4956,151.5261,mfcc_regression/Ses02M_impro01_M021.npy
Ses02M_impro01_M022,Session2,fru,2.0,3.5,3.5,153.3165,155.0414,mfcc_regression/Ses02M_impro01_M022.npy
Ses02M_impro03_F000,Session2,exc,4.5,3.5,3.5,5.2402,9.0515,mfcc_regression/Ses02M_impro03_F000.npy
Ses02M_impro03_F001,Session2,exc,4.0,3.5,3.5,12.123,14.0146,mfcc_regression/Ses02M_impro03_F001.npy
Ses02M_impro03_F003,Session2,exc,4.5,4.0,4.0,23.2289,25.5477,mfcc_regression/Ses02M_impro03_F003.npy
Ses02M_impro03_F004,Session2,exc,4.0,3.5,3.5,26.9512,28.2937,mfcc_regression/Ses02M_impro03_F004.npy
Ses02M_impro03_F005,Session2,exc,4.5,4.0,4.0,31.1617,32.911,mfcc_regression/Ses02M_impro03_F005.npy
Ses02M_impro03_F007,Session2,exc,4.0,3.5,3.5,40.5591,44.4238,mfcc_regression/Ses02M_impro03_F007.npy
Ses02M_impro03_F008,Session2,exc,5.0,4.5,4.0,48.8635,53.0889,mfcc_regression/Ses02M_impro03_F008.npy
Ses02M_impro03_F011,Session2,exc,5.0,4.5,4.0,74.955,77.0704,mfcc_regression/Ses02M_impro03_F011.npy
Ses02M_impro03_F012,Session2,exc,4.5,4.5,3.5,77.0907,80.57,mfcc_regression/Ses02M_impro03_F012.npy
Ses02M_impro03_F013,Session2,exc,5.0,4.0,4.5,85.3339,94.6853,mfcc_regression/Ses02M_impro03_F013.npy
Ses02M_impro03_F014,Session2,exc,4.0,3.0,3.0,95.4379,96.8617,mfcc_regression/Ses02M_impro03_F014.npy
Ses02M_impro03_F015,Session2,exc,4.5,4.0,4.0,99.6891,103.4785,mfcc_regression/Ses02M_impro03_F015.npy
Ses02M_impro03_F016,Session2,exc,3.5,3.5,3.5,104.4488,106.5845,mfcc_regression/Ses02M_impro03_F016.npy
Ses02M_impro03_F017,Session2,exc,4.5,3.0,4.0,107.2558,109.6966,mfcc_regression/Ses02M_impro03_F017.npy
Ses02M_impro03_F018,Session2,exc,4.0,3.0,3.0,113.3783,115.3716,mfcc_regression/Ses02M_impro03_F018.npy
Ses02M_impro03_F020,Session2,exc,4.0,3.5,3.5,135.37,137.95,mfcc_regression/Ses02M_impro03_F020.npy
Ses02M_impro03_F023,Session2,exc,4.0,3.0,4.0,152.6886,157.9201,mfcc_regression/Ses02M_impro03_F023.npy
Ses02M_impro03_F024,Session2,exc,4.5,4.5,4.5,158.8655,164.7588,mfcc_regression/Ses02M_impro03_F024.npy
Ses02M_impro03_F028,Session2,exc,4.5,3.5,3.5,186.1365,191.4453,mfcc_regression/Ses02M_impro03_F028.npy
Ses02M_impro03_M000,Session2,exc,4.0,4.0,3.5,3.1431,5.553,mfcc_regression/Ses02M_impro03_M000.npy
Ses02M_impro03_M001,Session2,exc,4.5,4.0,4.0,9.1156,12.3065,mfcc_regression/Ses02M_impro03_M001.npy
Ses02M_impro03_M005,Session2,exc,4.5,4.5,4.0,28.2293,31.5075,mfcc_regression/Ses02M_impro03_M005.npy
Ses02M_impro03_M008,Session2,exc,4.0,4.0,3.5,53.04,58.33,mfcc_regression/Ses02M_impro03_M008.npy
Ses02M_impro03_M009,Session2,exc,4.0,4.0,4.0,58.3367,64.1134,mfcc_regression/Ses02M_impro03_M009.npy
Ses02M_impro03_M010,Session2,hap,4.0,3.5,3.5,65.1724,72.73,mfcc_regression/Ses02M_impro03_M010.npy
Ses02M_impro03_M011,Session2,hap,4.0,3.5,4.0,72.74,76.14,mfcc_regression/Ses02M_impro03_M011.npy
Ses02M_impro03_M012,Session2,hap,4.5,2.5,3.0,76.8059,77.7009,mfcc_regression/Ses02M_impro03_M012.npy
Ses02M_impro03_M014,Session2,hap,4.0,2.5,2.5,86.83,88.3,mfcc_regression/Ses02M_impro03_M014.npy
Ses02M_impro03_M015,Session2,hap,4.0,3.5,3.5,88.46,90.1494,mfcc_regression/Ses02M_impro03_M015.npy
Ses02M_impro03_M016,Session2,exc,4.0,3.5,3.5,94.4412,95.804,mfcc_regression/Ses02M_impro03_M016.npy
Ses02M_impro03_M017,Session2,hap,4.0,3.0,3.5,96.6583,100.279,mfcc_regression/Ses02M_impro03_M017.npy
Ses02M_impro03_M018,Session2,exc,4.5,3.0,3.5,103.33,104.9776,mfcc_regression/Ses02M_impro03_M018.npy
Ses02M_impro03_M019,Session2,exc,5.0,3.5,3.5,105.9947,107.4795,mfcc_regression/Ses02M_impro03_M019.npy
Ses02M_impro03_M020,Session2,exc,4.0,4.5,4.0,109.5372,114.5874,mfcc_regression/Ses02M_impro03_M020.npy
Ses02M_impro03_M021,Session2,hap,4.0,4.0,4.0,115.1625,119.6025,mfcc_regression/Ses02M_impro03_M021.npy
Ses02M_impro03_M024,Session2,exc,3.5,3.5,4.0,143.6282,150.2993,mfcc_regression/Ses02M_impro03_M024.npy
Ses02M_impro03_M026,Session2,exc,4.5,3.5,4.0,157.619,158.9208,mfcc_regression/Ses02M_impro03_M026.npy
Ses02M_impro03_M027,Session2,hap,4.0,3.5,4.0,164.7903,172.9558,mfcc_regression/Ses02M_impro03_M027.npy
Ses02M_impro03_M028,Session2,hap,3.5,3.0,3.5,174.7051,176.434,mfcc_regression/Ses02M_impro03_M028.npy
Ses02M_impro03_M030,Session2,exc,4.0,3.0,3.5,185.2618,189.2079,mfcc_regression/Ses02M_impro03_M030.npy
Ses02M_impro03_M031,Session2,hap,4.0,3.0,3.0,190.9368,191.8928,mfcc_regression/Ses02M_impro03_M031.npy
Ses02F_impro08_F000,Session2,neu,3.5,3.0,3.5,5.072,9.3683,mfcc_regression/Ses02F_impro08_F000.npy
Ses02F_impro08_F001,Session2,neu,4.0,2.5,3.5,17.0726,18.7868,mfcc_regression/Ses02F_impro08_F001.npy
Ses02F_impro08_F002,Session2,neu,4.0,3.0,4.0,20.8328,25.5744,mfcc_regression/Ses02F_impro08_F002.npy
Ses02F_impro08_F003,Session2,neu,4.0,2.5,3.0,26.0444,29.5192,mfcc_regression/Ses02F_impro08_F003.npy
Ses02F_impro08_F004,Session2,neu,3.5,3.0,4.0,34.4217,41.707,mfcc_regression/Ses02F_impro08_F004.npy
Ses02F_impro08_F005,Session2,neu,4.0,3.0,4.0,41.7208,49.8355,mfcc_regression/Ses02F_impro08_F005.npy
Ses02F_impro08_F006,Session2,neu,3.5,3.5,4.0,49.8493,56.3328,mfcc_regression/Ses02F_impro08_F006.npy
Ses02F_impro08_F007,Session2,neu,4.0,2.5,3.5,56.3466,57.4525,mfcc_regression/Ses02F_impro08_F007.npy
Ses02F_impro08_F008,Session2,neu,4.0,3.0,3.5,57.5493,62.4568,mfcc_regression/Ses02F_impro08_F008.npy
Ses02F_impro08_F009,Session2,neu,3.5,3.0,3.0,62.4706,66.7146,mfcc_regression/Ses02F_impro08_F009.npy
Ses02F_impro08_F010,Session2,neu,3.5,3.0,4.0,66.7422,79.4747,mfcc_regression/Ses02F_impro08_F010.npy
Ses02F_impro08_F011,Session2,neu,3.5,2.5,3.5,81.6722,84.0361,mfcc_regression/Ses02F_impro08_F011.npy
Ses02F_impro08_F012,Session2,neu,3.5,3.5,4.0,86.4414,99.3203,mfcc_regression/Ses02F_impro08_F012.npy
Ses02F_impro08_F013,Session2,neu,3.5,3.0,4.0,99.3367,107.9377,mfcc_regression/Ses02F_impro08_F013.npy
Ses02F_impro08_F014,Session2,neu,4.0,3.0,3.0,108.8601,110.2602,mfcc_regression/Ses02F_impro08_F014.npy
Ses02F_impro08_F015,Session2,neu,4.0,2.5,3.0,114.0341,115.5271,mfcc_regression/Ses02F_impro08_F015.npy
Ses02F_impro08_F016,Session2,neu,3.5,2.5,3.0,118.9969,122.0827,mfcc_regression/Ses02F_impro08_F016.npy
Ses02F_impro08_F017,Session2,neu,4.0,3.5,3.5,123.393,126.3472,mfcc_regression/Ses02F_impro08_F017.npy
Ses02F_impro08_F018,Session2,neu,4.0,3.5,3.5,126.9596,130.7963,mfcc_regression/Ses02F_impro08_F018.npy
Ses02F_impro08_F019,Session2,neu,3.5,4.0,4.0,133.8439,143.7972,mfcc_regression/Ses02F_impro08_F019.npy
Ses02F_impro08_F020,Session2,neu,3.5,3.0,3.0,146.3132,148.7047,mfcc_regression/Ses02F_impro08_F020.npy
Ses02F_impro08_F021,Session2,neu,3.5,2.5,4.0,153.6399,162.0139,mfcc_regression/Ses02F_impro08_F021.npy
Ses02F_impro08_F022,Session2,neu,3.5,3.5,4.0,162.0146,173.1274,mfcc_regression/Ses02F_impro08_F022.npy
Ses02F_impro08_F023,Session2,neu,3.5,3.0,4.0,175.2053,185.2554,mfcc_regression/Ses02F_impro08_F023.npy
Ses02F_impro08_F024,Session2,neu,3.5,3.5,4.0,185.2692,190.5223,mfcc_regression/Ses02F_impro08_F024.npy
Ses02F_impro08_F025,Session2,neu,4.0,3.5,4.0,193.5359,199.2729,mfcc_regression/Ses02F_impro08_F025.npy
Ses02F_impro08_F026,Session2,neu,4.0,3.0,4.0,200.4894,205.6457,mfcc_regression/Ses02F_impro08_F026.npy
Ses02F_impro08_F027,Session2,neu,4.0,3.0,4.0,205.6872,207.1232,mfcc_regression/Ses02F_impro08_F027.npy
Ses02F_impro08_M000,Session2,fru,2.5,3.0,3.5,6.207,8.17,mfcc_regression/Ses02F_impro08_M000.npy
Ses02F_impro08_M001,Session2,fru,2.0,3.5,4.5,9.4065,17.6256,mfcc_regression/Ses02F_impro08_M001.npy
Ses02F_impro08_M002,Session2,fru,2.5,3.0,4.0,17.6532,22.1184,mfcc_regression/Ses02F_impro08_M002.npy
Ses02F_impro08_M003,Session2,neu,3.0,2.5,3.5,25.2703,26.3762,mfcc_regression/Ses02F_impro08_M003.npy
Ses02F_impro08_M004,Session2,fru,3.0,3.5,3.5,29.1963,35.8594,mfcc_regression/Ses02F_impro08_M004.npy
Ses02F_impro08_M005,Session2,neu,3.0,3.0,3.0,55.8649,61.445,mfcc_regression/Ses02F_impro08_M005.npy
Ses02F_impro08_M006,Session2,neu,4.0,2.5,3.0,62.443,64.3092,mfcc_regression/Ses02F_impro08_M006.npy
Ses02F_impro08_M007,Session2,neu,3.0,4.0,4.0,78.2023,87.4005,mfcc_regression/Ses02F_impro08_M007.npy
Ses02F_impro08_M008,Session2,neu,3.0,3.0,3.0,107.6198,109.3063,mfcc_regression/Ses02F_impro08_M008.npy
Ses02F_impro08_M009,Session2,neu,3.5,4.0,3.5,109.8178,116.1077,mfcc_regression/Ses02F_impro08_M009.npy
Ses02F_impro08_M010,Session2,neu,3.0,4.0,3.5,116.163,120.5591,mfcc_regression/Ses02F_impro08_M010.npy
Ses02F_impro08_M011,Session2,neu,3.0,3.0,3.0,122.0458,123.6128,mfcc_regression/Ses02F_impro08_M011.npy
Ses02F_impro08_M012,Session2,neu,2.5,3.5,3.5,125.5349,127.8996,mfcc_regression/Ses02F_impro08_M012.npy
Ses02F_impro08_M013,Session2,neu,3.5,3.0,2.5,130.3879,134.9498,mfcc_regression/Ses02F_impro08_M013.npy
Ses02F_impro08_M015,Session2,neu,3.0,3.0,3.0,148.3729,154.4831,mfcc_regression/Ses02F_impro08_M015.npy
Ses02F_impro08_M016,Session2,neu,3.0,3.0,2.5,171.9981,177.3618,mfcc_regression/Ses02F_impro08_M016.npy
Ses02F_impro08_M018,Session2,neu,3.5,2.5,3.0,199.107,202.0927,mfcc_regression/Ses02F_impro08_M018.npy
Ses02F_impro08_M019,Session2,neu,4.0,2.5,2.5,204.6773,205.9775,mfcc_regression/Ses02F_impro08_M019.npy
Ses02M_impro02_F000,Session2,sad,2.5,2.5,3.5,3.9987,6.0541,mfcc_regression/Ses02M_impro02_F000.npy
Ses02M_impro02_F001,Session2,sad,1.5,2.5,4.5,15.5524,23.3599,mfcc_regression/Ses02M_impro02_F001.npy
Ses02M_impro02_F002,Session2,sad,1.5,2.5,4.0,23.579,26.4151,mfcc_regression/Ses02M_impro02_F002.npy
Ses02M_impro02_F003,Session2,sad,2.0,2.5,3.0,31.3058,32.6401,mfcc_regression/Ses02M_impro02_F003.npy
Ses02M_impro02_F004,Session2,sad,2.0,3.0,4.0,33.4566,37.3201,mfcc_regression/Ses02M_impro02_F004.npy
Ses02M_impro02_F005,Session2,sad,4.0,2.5,3.5,54.02,55.5818,mfcc_regression/Ses02M_impro02_F005.npy
Ses02M_impro02_F006,Session2,sad,2.5,2.0,3.0,56.6174,58.0712,mfcc_regression/Ses02M_impro02_F006.npy
Ses02M_impro02_F007,Session2,sad,2.5,2.5,3.0,59.0868,61.0584,mfcc_regression/Ses02M_impro02_F007.npy
Ses02M_impro02_F008,Session2,sad,4.0,3.0,3.0,64.7625,67.7895,mfcc_regression/Ses02M_impro02_F008.npy
Ses02M_impro02_F009,Session2,sad,2.0,3.0,4.0,84.1439,88.959,mfcc_regression/Ses02M_impro02_F009.npy
Ses02M_impro02_F010,Session2,sad,3.0,3.0,4.0,89.8468,96.5662,mfcc_regression/Ses02M_impro02_F010.npy
Ses02M_impro02_F011,Session2,fru,2.0,2.5,4.0,108.5118,112.6479,mfcc_regression/Ses02M_impro02_F011.npy
Ses02M_impro02_F012,Session2,sad,4.0,2.5,3.0,137.8409,142.0114,mfcc_regression/Ses02M_impro02_F012.npy
Ses02M_impro02_F013,Session2,sad,1.5,3.0,4.0,155.7643,160.4854,mfcc_regression/Ses02M_impro02_F013.npy
Ses02M_impro02_F014,Session2,sad,3.0,2.0,3.0,178.7739,181.4226,mfcc_regression/Ses02M_impro02_F014.npy
Ses02M_impro02_M000,Session2,sad,2.0,3.0,4.0,7.0366,15.1,mfcc_regression/Ses02M_impro02_M000.npy
Ses02M_impro02_M001,Session2,sad,3.5,3.0,3.5,26.7598,31.4253,mfcc_regression/Ses02M_impro02_M001.npy
Ses02M_impro02_M002,Session2,sad,4.0,2.5,2.5,32.68,33.6558,mfcc_regression/Ses02M_impro02_M002.npy
Ses02M_impro02_M003,Session2,fru,2.5,3.0,4.0,37.5389,44.4296,mfcc_regression/Ses02M_impro02_M003.npy
Ses02M_impro02_M007,Session2,sad,3.0,2.5,3.5,61.7187,63.7973,mfcc_regression/Ses02M_impro02_M007.npy
Ses02M_impro02_M008,Session2,sad,2.5,2.5,3.5,67.8916,74.1377,mfcc_regression/Ses02M_impro02_M008.npy
Ses02M_impro02_M009,Session2,sad,3.0,2.5,4.0,75.0359,84.1992,mfcc_regression/Ses02M_impro02_M009.npy
Ses02M_impro02_M013,Session2,sad,2.0,2.5,3.0,120.2518,128.8678,mfcc_regression/Ses02M_impro02_M013.npy
Ses02M_impro02_M014,Session2,neu,2.5,2.5,3.5,129.5686,137.7099,mfcc_regression/Ses02M_impro02_M014.npy
Ses02M_impro02_M017,Session2,sad,3.0,2.5,3.5,159.4932,164.3,mfcc_regression/Ses02M_impro02_M017.npy
Ses02M_impro02_M018,Session2,sad,4.0,3.0,4.0,165.83,178.4193,mfcc_regression/Ses02M_impro02_M018.npy
Ses02M_impro06_F001,Session2,sur,1.5,2.5,4.0,13.4307,18.4542,mfcc_regression/Ses02M_impro06_F001.npy
Ses02M_impro06_F002,Session2,sad,1.5,1.5,2.5,36.84,40.93,mfcc_regression/Ses02M_impro06_F002.npy
Ses02M_impro06_F003,Session2,sad,1.5,2.0,3.5,49.85,53.681,mfcc_regression/Ses02M_impro06_F003.npy
Ses02M_impro06_F004,Session2,sad,2.0,2.5,3.5,69.6811,74.42,mfcc_regression/Ses02M_impro06_F004.npy
Ses02M_impro06_F005,Session2,sad,2.0,2.0,3.0,98.49,100.03,mfcc_regression/Ses02M_impro06_F005.npy
Ses02M_impro06_F006,Session2,sad,2.5,1.5,2.5,107.96,110.15,mfcc_regression/Ses02M_impro06_F006.npy
Ses02M_impro06_F007,Session2,sad,2.5,1.0,2.0,117.4822,118.2464,mfcc_regression/Ses02M_impro06_F007.npy
Ses02M_impro06_F008,Session2,sad,2.0,2.5,3.0,135.498,140.6869,mfcc_regression/Ses02M_impro06_F008.npy
Ses02M_impro06_F009,Session2,sad,2.5,2.5,3.0,145.7747,148.7923,mfcc_regression/Ses02M_impro06_F009.npy
Ses02M_impro06_F010,Session2,sad,3.5,2.0,3.0,156.5503,158.1019,mfcc_regression/Ses02M_impro06_F010.npy
Ses02M_impro06_F011,Session2,sad,2.5,1.5,2.5,166.6705,168.5463,mfcc_regression/Ses02M_impro06_F011.npy
Ses02M_impro06_F012,Session2,sad,3.0,2.0,3.5,173.6388,178.3072,mfcc_regression/Ses02M_impro06_F012.npy
Ses02M_impro06_F013,Session2,sad,2.5,2.0,3.0,186.3551,188.9257,mfcc_regression/Ses02M_impro06_F013.npy
Ses02M_impro06_F014,Session2,sad,2.0,1.5,2.5,220.421,223.2463,mfcc_regression/Ses02M_impro06_F014.npy
Ses02M_impro06_F015,Session2,sad,2.5,1.5,2.5,233.1349,235.1265,mfcc_regression/Ses02M_impro06_F015.npy
Ses02M_impro06_F016,Session2,sad,2.5,1.5,2.5,236.4697,238.2529,mfcc_regression/Ses02M_impro06_F016.npy
Ses02M_impro06_F017,Session2,sad,2.5,2.0,2.5,243.9962,246.0341,mfcc_regression/Ses02M_impro06_F017.npy
Ses02M_impro06_F018,Session2,sad,2.5,2.0,3.0,252.1016,254.1164,mfcc_regression/Ses02M_impro06_F018.npy
Ses02M_impro06_M000,Session2,sad,2.0,1.5,2.5,11.52,13.4781,mfcc_regression/Ses02M_impro06_M000.npy
Ses02M_impro06_M001,Session2,sad,1.5,2.5,2.5,18.65,23.1,mfcc_regression/Ses02M_impro06_M001.npy
Ses02M_impro06_M002,Session2,sad,1.5,2.5,3.5,24.08,39.1144,mfcc_regression/Ses02M_impro06_M002.npy
Ses02M_impro06_M003,Session2,sad,1.5,2.0,3.5,41.14,49.11,mfcc_regression/Ses02M_impro06_M003.npy
Ses02M_impro06_M004,Session2,sad,1.5,1.5,4.0,51.6,68.52,mfcc_regression/Ses02M_impro06_M004.npy
Ses02M_impro06_M005,Session2,sad,1.5,2.5,3.5,75.87,85.22,mfcc_regression/Ses02M_impro06_M005.npy
Ses02M_impro06_M006,Session2,sad,1.5,2.0,3.5,85.85,98.7934,mfcc_regression/Ses02M_impro06_M006.npy
Ses02M_impro06_M007,Session2,sad,2.0,2.0,3.5,99.82,106.3,mfcc_regression/Ses02M_impro06_M007.npy
Ses02M_impro06_M008,Session2,sad,1.5,2.5,3.5,110.6,117.5764,mfcc_regression/Ses02M_impro06_M008.npy
Ses02M_impro06_M009,Session2,sad,2.0,3.0,4.0,118.1717,135.9394,mfcc_regression/Ses02M_impro06_M009.npy
Ses02M_impro06_M010,Session2,sad,2.5,2.0,2.5,141.8896,145.6285,mfcc_regression/Ses02M_impro06_M010.npy
Ses02M_impro06_M011,Session2,sad,2.5,2.0,3.5,148.7303,156.14,mfcc_regression/Ses02M_impro06_M011.npy
Ses02M_impro06_M012,Session2,sad,3.0,2.0,3.5,156.17,159.05,mfcc_regression/Ses02M_impro06_M012.npy
Ses02M_impro06_M013,Session2,sad,2.0,1.5,3.0,159.11,165.054,mfcc_regression/Ses02M_impro06_M013.npy
Ses02M_impro06_M014,Session2,sad,3.0,2.5,3.0,168.14,172.8868,mfcc_regression/Ses02M_impro06_M014.npy
Ses02M_impro06_M015,Session2,sad,2.0,1.5,3.0,179.1531,186.6204,mfcc_regression/Ses02M_impro06_M015.npy
Ses02M_impro06_M016,Session2,sad,1.0,3.5,4.5,187.1193,199.208,mfcc_regression/Ses02M_impro06_M016.npy
Ses02M_impro06_M017,Session2,sad,1.5,3.0,4.5,199.2311,214.1921,mfcc_regression/Ses02M_impro06_M017.npy
Ses02M_impro06_M018,Session2,sad,1.5,2.5,3.5,215.2678,217.8787,mfcc_regression/Ses02M_impro06_M018.npy
Ses02M_impro06_M019,Session2,sad,2.0,2.0,4.0,223.9257,233.6212,mfcc_regression/Ses02M_impro06_M019.npy
Ses02M_impro06_M020,Session2,sad,2.5,2.5,2.5,234.8486,236.6781,mfcc_regression/Ses02M_impro06_M020.npy
Ses02M_impro06_M021,Session2,sad,2.0,2.0,3.0,238.2546,243.8107,mfcc_regression/Ses02M_impro06_M021.npy
Ses02M_impro06_M022,Session2,sad,2.5,3.0,3.0,246.265,248.3433,mfcc_regression/Ses02M_impro06_M022.npy
Ses02M_impro06_M023,Session2,sad,2.5,2.5,2.5,249.1373,252.0553,mfcc_regression/Ses02M_impro06_M023.npy
Ses02M_impro07_F000,Session2,exc,3.5,3.5,3.0,8.4007,10.503,mfcc_regression/Ses02M_impro07_F000.npy
Ses02M_impro07_F001,Session2,exc,4.0,3.0,2.5,13.6194,17.8381,mfcc_regression/Ses02M_impro07_F001.npy
Ses02M_impro07_F002,Session2,sur,5.0,4.5,4.0,18.7267,22.6857,mfcc_regression/Ses02M_impro07_F002.npy
Ses02M_impro07_F003,Session2,exc,4.5,4.0,3.5,22.7069,25.1307,mfcc_regression/Ses02M_impro07_F003.npy
Ses02M_impro07_F004,Session2,exc,4.5,4.5,4.0,31.0413,33.0824,mfcc_regression/Ses02M_impro07_F004.npy
Ses02M_impro07_F005,Session2,exc,4.5,4.0,3.5,34.8528,36.7393,mfcc_regression/Ses02M_impro07_F005.npy
Ses02M_impro07_F006,Session2,exc,5.0,4.5,4.0,39.6095,41.89,mfcc_regression/Ses02M_impro07_F006.npy
Ses02M_impro07_F007,Session2,exc,4.0,3.5,4.0,43.1601,50.6653,mfcc_regression/Ses02M_impro07_F007.npy
Ses02M_impro07_F008,Session2,exc,4.0,3.0,3.0,50.6866,52.39,mfcc_regression/Ses02M_impro07_F008.npy
Ses02M_impro07_F009,Session2,exc,3.0,3.5,3.0,57.9792,59.3824,mfcc_regression/Ses02M_impro07_F009.npy
Ses02M_impro07_F010,Session2,exc,4.5,4.0,4.0,60.2966,64.003,mfcc_regression/Ses02M_impro07_F010.npy
Ses02M_impro07_F011,Session2,exc,4.0,3.0,3.0,69.35,70.96,mfcc_regression/Ses02M_impro07_F011.npy
Ses02M_impro07_F012,Session2,exc,4.5,3.5,3.0,72.36,73.63,mfcc_regression/Ses02M_impro07_F012.npy
Ses02M_impro07_F013,Session2,exc,4.5,4.5,3.5,75.3283,77.74,mfcc_regression/Ses02M_impro07_F013.npy
Ses02M_impro07_F014,Session2,hap,4.0,4.5,3.5,77.75,81.2389,mfcc_regression/Ses02M_impro07_F014.npy
Ses02M_impro07_F015,Session2,hap,3.5,2.5,3.0,85.2147,86.8093,mfcc_regression/Ses02M_impro07_F015.npy
Ses02M_impro07_F016,Session2,hap,3.5,3.0,3.0,87.107,89.15,mfcc_regression/Ses02M_impro07_F016.npy
Ses02M_impro07_F017,Session2,hap,3.5,3.0,3.5,89.16,93.4853,mfcc_regression/Ses02M_impro07_F017.npy
Ses02M_impro07_F018,Session2,hap,4.5,4.5,4.0,93.4953,101.52,mfcc_regression/Ses02M_impro07_F018.npy
Ses02M_impro07_F019,Session2,hap,3.5,2.5,3.5,105.01,107.0074,mfcc_regression/Ses02M_impro07_F019.npy
Ses02M_impro07_F020,Session2,hap,4.0,3.0,3.0,114.23,117.6,mfcc_regression/Ses02M_impro07_F020.npy
Ses02M_impro07_F021,Session2,hap,3.5,2.5,3.0,132.2869,133.924,mfcc_regression/Ses02M_impro07_F021.npy
Ses02M_impro07_F022,Session2,exc,4.5,4.5,3.5,136.79,139.06,mfcc_regression/Ses02M_impro07_F022.npy
Ses02M_impro07_F023,Session2,exc,3.5,3.5,3.0,139.28,143.28,mfcc_regression/Ses02M_impro07_F023.npy
Ses02M_impro07_F024,Session2,hap,4.0,3.5,3.0,148.79,150.85,mfcc_regression/Ses02M_impro07_F024.npy
Ses02M_impro07_F025,Session2,exc,4.0,3.5,3.5,153.3231,159.1397,mfcc_regression/Ses02M_impro07_F025.npy
Ses02M_impro07_F026,Session2,exc,4.0,3.0,3.5,160.05,161.54,mfcc_regression/Ses02M_impro07_F026.npy
Ses02M_impro07_F027,Session2,exc,3.5,2.5,3.5,164.0912,166.0,mfcc_regression/Ses02M_impro07_F027.npy
Ses02M_impro07_F028,Session2,hap,4.0,3.0,3.5,166.01,170.8121,mfcc_regression/Ses02M_impro07_F028.npy
Ses02M_impro07_F029,Session2,hap,4.0,3.0,3.0,171.38,175.79,mfcc_regression/Ses02M_impro07_F029.npy
Ses02M_impro07_M002,Session2,exc,5.0,4.0,4.0,17.5987,19.0925,mfcc_regression/Ses02M_impro07_M002.npy
Ses02M_impro07_M006,Session2,exc,4.5,4.5,4.5,38.7046,41.1736,mfcc_regression/Ses02M_impro07_M006.npy
Ses02M_impro07_M007,Session2,exc,4.5,4.0,4.5,41.207,46.0942,mfcc_regression/Ses02M_impro07_M007.npy
Ses02M_impro07_M008,Session2,exc,3.5,3.0,3.5,50.8832,52.08,mfcc_regression/Ses02M_impro07_M008.npy
Ses02M_impro07_M009,Session2,hap,3.0,4.0,4.0,52.09,58.0,mfcc_regression/Ses02M_impro07_M009.npy
Ses02M_impro07_M010,Session2,hap,3.0,3.0,2.5,58.01,59.45,mfcc_regression/Ses02M_impro07_M010.npy
Ses02M_impro07_M011,Session2,hap,3.5,2.5,2.5,59.46,61.22,mfcc_regression/Ses02M_impro07_M011.npy
Ses02M_impro07_M013,Session2,exc,3.5,3.0,3.0,69.37,71.0,mfcc_regression/Ses02M_impro07_M013.npy
Ses02M_impro07_M014,Session2,exc,4.5,3.5,4.0,71.01,74.2,mfcc_regression/Ses02M_impro07_M014.npy
Ses02M_impro07_M015,Session2,exc,4.5,4.0,4.0,74.21,77.7582,mfcc_regression/Ses02M_impro07_M015.npy
Ses02M_impro07_M017,Session2,exc,4.0,3.5,3.5,85.79,89.2,mfcc_regression/Ses02M_impro07_M017.npy
Ses02M_impro07_M018,Session2,exc,3.5,3.0,3.0,89.21,90.22,mfcc_regression/Ses02M_impro07_M018.npy
Ses02M_impro07_M019,Session2,exc,4.5,4.0,3.0,90.29,92.46,mfcc_regression/Ses02M_impro07_M019.npy
Ses02M_impro07_M020,Session2,exc,4.5,4.0,4.0,93.5,97.81,mfcc_regression/Ses02M_impro07_M020.npy
Ses02M_impro07_M021,Session2,exc,4.5,3.5,4.5,100.03,105.21,mfcc_regression/Ses02M_impro07_M021.npy
Ses02M_impro07_M022,Session2,exc,3.5,2.5,2.5,105.22,106.8379,mfcc_regression/Ses02M_impro07_M022.npy
Ses02M_impro07_M023,Session2,hap,3.5,4.0,2.5,106.86,114.29,mfcc_regression/Ses02M_impro07_M023.npy
Ses02M_impro07_M024,Session2,hap,3.0,3.5,2.5,114.3,116.82,mfcc_regression/Ses02M_impro07_M024.npy
Ses02M_impro07_M025,Session2,hap,3.5,3.5,4.0,116.83,123.97,mfcc_regression/Ses02M_impro07_M025.npy
Ses02M_impro07_M026,Session2,hap,4.0,4.0,4.0,123.98,133.33,mfcc_regression/Ses02M_impro07_M026.npy
Ses02M_impro07_M029,Session2,exc,3.5,4.0,4.0,146.4611,153.91,mfcc_regression/Ses02M_impro07_M029.npy
Ses02M_impro07_M030,Session2,hap,4.0,2.5,3.5,156.41,158.27,mfcc_regression/Ses02M_impro07_M030.npy
Ses02M_impro07_M031,Session2,exc,4.0,4.0,3.5,158.28,166.5386,mfcc_regression/Ses02M_impro07_M031.npy
Ses02M_impro07_M032,Session2,exc,4.5,3.0,4.0,170.692,174.8175,mfcc_regression/Ses02M_impro07_M032.npy
Ses02M_impro05_F000,Session2,neu,3.5,3.0,2.5,3.6155,4.8484,mfcc_regression/Ses02M_impro05_F000.npy
Ses02M_impro05_F001,Session2,neu,3.5,3.0,3.0,9.295,13.2588,mfcc_regression/Ses02M_impro05_F001.npy
Ses02M_impro05_F002,Session2,neu,3.0,2.5,2.5,14.74,16.49,mfcc_regression/Ses02M_impro05_F002.npy
Ses02M_impro05_F003,Session2,neu,3.0,3.0,3.0,16.49,27.9028,mfcc_regression/Ses02M_impro05_F003.npy
Ses02M_impro05_F004,Session2,neu,3.0,3.0,3.0,30.47,36.5507,mfcc_regression/Ses02M_impro05_F004.npy
Ses02M_impro05_F005,Session2,neu,2.5,3.0,3.0,38.1619,46.2674,mfcc_regression/Ses02M_impro05_F005.npy
Ses02M_impro05_F006,Session2,neu,2.5,3.0,3.5,46.2872,53.6683,mfcc_regression/Ses02M_impro05_F006.npy
Ses02M_impro05_F007,Session2,neu,2.5,3.0,3.5,56.6475,69.87,mfcc_regression/Ses02M_impro05_F007.npy
Ses02M_impro05_F008,Session2,neu,3.0,2.5,2.5,69.88,72.1149,mfcc_regression/Ses02M_impro05_F008.npy
Ses02M_impro05_F009,Session2,neu,3.0,2.5,2.5,74.3085,75.0407,mfcc_regression/Ses02M_impro05_F009.npy
Ses02M_impro05_F010,Session2,neu,3.0,2.5,2.5,81.36,82.59,mfcc_regression/Ses02M_impro05_F010.npy
Ses02M_impro05_F011,Session2,neu,2.0,3.0,3.5,83.1331,94.2758,mfcc_regression/Ses02M_impro05_F011.npy
Ses02M_impro05_F012,Session2,neu,2.5,3.0,3.0,100.2715,104.9224,mfcc_regression/Ses02M_impro05_F012.npy
Ses02M_impro05_F013,Session2,neu,2.5,3.0,3.0,105.3994,111.5716,mfcc_regression/Ses02M_impro05_F013.npy
Ses02M_impro05_F014,Session2,neu,2.5,2.5,2.5,111.7101,113.5505,mfcc_regression/Ses02M_impro05_F014.npy
Ses02M_impro05_F015,Session2,neu,3.0,3.0,3.5,119.3685,125.56,mfcc_regression/Ses02M_impro05_F015.npy
Ses02M_impro05_F016,Session2,neu,3.0,2.5,2.5,125.59,127.15,mfcc_regression/Ses02M_impro05_F016.npy
Ses02M_impro05_F017,Session2,neu,2.5,3.0,2.5,133.4189,141.79,mfcc_regression/Ses02M_impro05_F017.npy
Ses02M_impro05_F018,Session2,neu,2.0,2.5,3.0,141.8,145.15,mfcc_regression/Ses02M_impro05_F018.npy
Ses02M_impro05_F019,Session2,neu,3.0,2.5,3.0,152.8519,154.4152,mfcc_regression/Ses02M_impro05_F019.npy
Ses02M_impro05_F020,Session2,neu,3.0,3.5,3.5,159.91,162.69,mfcc_regression/Ses02M_impro05_F020.npy
Ses02M_impro05_F021,Session2,neu,3.0,3.5,3.0,162.7,165.64,mfcc_regression/Ses02M_impro05_F021.npy
Ses02M_impro05_F022,Session2,fru,2.5,3.5,3.0,167.5717,176.8958,mfcc_regression/Ses02M_impro05_F022.npy
Ses02M_impro05_F023,Session2,neu,2.5,3.5,3.0,180.8041,187.9777,mfcc_regression/Ses02M_impro05_F023.npy
Ses02M_impro05_F024,Session2,neu,2.5,3.0,3.0,203.06,209.3303,mfcc_regression/Ses02M_impro05_F024.npy
Ses02M_impro05_F025,Session2,neu,2.5,3.0,3.5,211.7643,217.8594,mfcc_regression/Ses02M_impro05_F025.npy
Ses02M_impro05_F026,Session2,neu,2.5,3.0,3.5,217.8694,226.37,mfcc_regression/Ses02M_impro05_F026.npy
Ses02M_impro05_F028,Session2,fru,2.5,3.0,4.0,232.62,241.2503,mfcc_regression/Ses02M_impro05_F028.npy
Ses02M_impro05_F029,Session2,fru,3.0,3.0,3.5,242.5959,244.2978,mfcc_regression/Ses02M_impro05_F029.npy
Ses02M_impro05_M000,Session2,neu,3.5,3.0,2.5,2.6966,3.9776,mfcc_regression/Ses02M_impro05_M000.npy
Ses02M_impro05_M001,Session2,neu,3.0,2.5,3.0,4.9295,9.479,mfcc_regression/Ses02M_impro05_M001.npy
Ses02M_impro05_M002,Session2,neu,3.0,3.5,3.0,11.48,16.5042,mfcc_regression/Ses02M_impro05_M002.npy
Ses02M_impro05_M003,Session2,neu,3.0,3.5,2.5,27.2271,31.5242,mfcc_regression/Ses02M_impro05_M003.npy
Ses02M_impro05_M004,Session2,sur,2.5,3.5,3.5,35.32,38.1932,mfcc_regression/Ses02M_impro05_M004.npy
Ses02M_impro05_M006,Session2,fru,2.5,3.5,3.5,67.2635,69.8172,mfcc_regression/Ses02M_impro05_M006.npy
Ses02M_impro05_M008,Session2,fru,2.5,4.0,3.5,74.45,81.92,mfcc_regression/Ses02M_impro05_M008.npy
Ses02M_impro05_M010,Session2,fru,2.5,4.0,4.0,94.0921,100.45,mfcc_regression/Ses02M_impro05_M010.npy
Ses02M_impro05_M011,Session2,fru,2.0,4.0,4.0,100.45,102.1519,mfcc_regression/Ses02M_impro05_M011.npy
Ses02M_impro05_M013,Session2,ang,2.0,4.5,4.0,112.1652,119.18,mfcc_regression/Ses02M_impro05_M013.npy
Ses02M_impro05_M014,Session2,fru,2.0,3.5,4.0,119.19,121.87,mfcc_regression/Ses02M_impro05_M014.npy
Ses02M_impro05_M016,Session2,ang,2.0,4.0,4.0,126.7989,133.6168,mfcc_regression/Ses02M_impro05_M016.npy
Ses02M_impro05_M017,Session2,fru,1.5,3.0,3.5,144.87,148.03,mfcc_regression/Ses02M_impro05_M017.npy
Ses02M_impro05_M018,Session2,ang,2.0,4.0,4.0,148.04,153.3268,mfcc_regression/Ses02M_impro05_M018.npy
Ses02M_impro05_M019,Session2,fru,2.5,4.0,4.0,153.3268,157.4725,mfcc_regression/Ses02M_impro05_M019.npy
Ses02M_impro05_M020,Session2,fru,2.0,4.0,4.0,157.5352,161.3054,mfcc_regression/Ses02M_impro05_M020.npy
Ses02M_impro05_M021,Session2,fru,3.0,4.0,4.0,165.1608,167.6344,mfcc_regression/Ses02M_impro05_M021.npy
Ses02M_impro05_M023,Session2,fru,2.0,4.0,4.0,186.8406,196.4079,mfcc_regression/Ses02M_impro05_M023.npy
Ses02M_impro05_M024,Session2,fru,1.5,4.5,5.0,196.4177,204.0663,mfcc_regression/Ses02M_impro05_M024.npy
Ses02M_impro05_M025,Session2,ang,1.5,4.0,4.5,207.03,211.9163,mfcc_regression/Ses02M_impro05_M025.npy
Ses02M_impro05_M026,Session2,ang,2.0,4.0,4.0,225.36,230.89,mfcc_regression/Ses02M_impro05_M026.npy
Ses02M_impro05_M027,Session2,fru,2.0,3.5,3.5,230.9,233.31,mfcc_regression/Ses02M_impro05_M027.npy
Ses02M_impro05_M028,Session2,fru,2.0,4.0,4.5,241.086,245.8809,mfcc_regression/Ses02M_impro05_M028.npy
Ses02M_impro04_F000,Session2,neu,3.3333,2.6667,2.3333,5.1157,6.9185,mfcc_regression/Ses02M_impro04_F000.npy
Ses02M_impro04_F001,Session2,neu,3.0,2.3333,2.3333,13.1185,16.2387,mfcc_regression/Ses02M_impro04_F001.npy
Ses02M_impro04_F002,Session2,neu,3.3333,2.0,2.6667,24.9578,28.19,mfcc_regression/Ses02M_impro04_F002.npy
Ses02M_impro04_F003,Session2,neu,3.3333,2.3333,3.0,28.2,31.74,mfcc_regression/Ses02M_impro04_F003.npy
Ses02M_impro04_F004,Session2,neu,2.6667,3.0,2.3333,37.9351,40.8943,mfcc_regression/Ses02M_impro04_F004.npy
Ses02M_impro04_F005,Session2,neu,3.3333,2.3333,2.6667,54.751,61.4736,mfcc_regression/Ses02M_impro04_F005.npy
Ses02M_impro04_F006,Session2,neu,3.3333,2.3333,2.3333,73.8543,79.1665,mfcc_regression/Ses02M_impro04_F006.npy
Ses02M_impro04_F007,Session2,neu,3.6667,2.3333,3.0,85.5106,89.9409,mfcc_regression/Ses02M_impro04_F007.npy
Ses02M_impro04_F008,Session2,neu,3.3333,2.3333,3.0,96.7713,103.3594,mfcc_regression/Ses02M_impro04_F008.npy
Ses02M_impro04_F009,Session2,sad,2.0,1.3333,2.0,117.76,119.58,mfcc_regression/Ses02M_impro04_F009.npy
Ses02M_impro04_F010,Session2,neu,3.0,2.0,3.0,139.5605,145.0028,mfcc_regression/Ses02M_impro04_F010.npy
Ses02M_impro04_F011,Session2,neu,3.0,2.0,3.3333,145.0661,155.5569,mfcc_regression/Ses02M_impro04_F011.npy
Ses02M_impro04_F012,Session2,neu,3.0,1.6667,3.6667,155.645,159.2365,mfcc_regression/Ses02M_impro04_F012.npy
Ses02M_impro04_F014,Session2,neu,3.3333,2.3333,3.3333,174.11,180.8,mfcc_regression/Ses02M_impro04_F014.npy
Ses02M_impro04_F015,Session2,neu,3.0,2.3333,3.3333,180.81,188.2546,mfcc_regression/Ses02M_impro04_F015.npy
Ses02M_impro04_F016,Session2,neu,3.0,2.6667,3.0,196.1824,201.1541,mfcc_regression/Ses02M_impro04_F016.npy
Ses02M_impro04_M000,Session2,fru,1.6667,3.0,2.6667,3.6516,6.473,mfcc_regression/Ses02M_impro04_M000.npy
Ses02M_impro04_M001,Session2,fru,2.0,3.0,2.0,6.473,9.4965,mfcc_regression/Ses02M_impro04_M001.npy
Ses02M_impro04_M002,Session2,fru,2.3333,3.6667,3.0,10.8729,13.3083,mfcc_regression/Ses02M_impro04_M002.npy
Ses02M_impro04_M003,Session2,fru,3.0,3.0,2.6667,16.0012,20.93,mfcc_regression/Ses02M_impro04_M003.npy
Ses02M_impro04_M004,Session2,fru,2.3333,3.3333,2.6667,20.99,26.259,mfcc_regression/Ses02M_impro04_M004.npy
Ses02M_impro04_M005,Session2,fru,2.0,4.0,2.3333,31.6,37.9371,mfcc_regression/Ses02M_impro04_M005.npy
Ses02M_impro04_M006,Session2,fru,2.0,3.0,2.6667,37.9705,41.5407,mfcc_regression/Ses02M_impro04_M006.npy
Ses02M_impro04_M007,Session2,fru,2.0,3.6667,3.0,41.6743,54.6257,mfcc_regression/Ses02M_impro04_M007.npy
Ses02M_impro04_M009,Session2,fru,2.3333,3.6667,2.6667,66.4532,73.5619,mfcc_regression/Ses02M_impro04_M009.npy
Ses02M_impro04_M010,Session2,fru,2.3333,3.3333,3.3333,78.9722,85.4061,mfcc_regression/Ses02M_impro04_M010.npy
Ses02M_impro04_M011,Session2,fru,2.0,3.0,3.3333,88.3105,99.2349,mfcc_regression/Ses02M_impro04_M011.npy
Ses02M_impro04_M012,Session2,fru,3.0,3.0,2.0,103.4023,110.5203,mfcc_regression/Ses02M_impro04_M012.npy
Ses02M_impro04_M013,Session2,fru,2.3333,3.0,2.6667,110.724,117.3947,mfcc_regression/Ses02M_impro04_M013.npy
Ses02M_impro04_M014,Session2,sad,2.3333,2.3333,2.3333,117.9015,123.4099,mfcc_regression/Ses02M_impro04_M014.npy
Ses02M_impro04_M015,Session2,fru,3.0,2.6667,2.0,123.571,128.16,mfcc_regression/Ses02M_impro04_M015.npy
Ses02M_impro04_M016,Session2,fru,3.3333,3.6667,2.3333,128.17,133.7877,mfcc_regression/Ses02M_impro04_M016.npy
Ses02M_impro04_M017,Session2,fru,2.6667,3.6667,3.0,133.8097,141.1249,mfcc_regression/Ses02M_impro04_M017.npy
Ses02M_impro04_M018,Session2,fru,2.3333,3.3333,2.6667,157.4958,167.7,mfcc_regression/Ses02M_impro04_M018.npy
Ses02M_impro04_M019,Session2,ang,2.0,3.3333,3.0,167.71,170.99,mfcc_regression/Ses02M_impro04_M019.npy
Ses02M_impro04_M020,Session2,fru,2.0,2.3333,2.6667,188.6831,195.9884,mfcc_regression/Ses02M_impro04_M020.npy
Ses02M_impro04_M022,Session2,sad,2.6667,1.6667,1.6667,214.4085,217.5372,mfcc_regression/Ses02M_impro04_M022.npy
Ses03M_script01_2_F000,Session3,ang,2.5,2.5,3.5,7.4531,9.9374,mfcc_regression/Ses03M_script01_2_F000.npy
Ses03M_script01_2_F001,Session3,ang,2.5,4.0,4.0,11.3988,16.8059,mfcc_regression/Ses03M_script01_2_F001.npy
Ses03M_script01_2_F006,Session3,ang,2.0,3.0,4.0,46.7644,51.0024,mfcc_regression/Ses03M_script01_2_F006.npy
Ses03M_script01_2_F009,Session3,ang,2.5,3.0,3.5,73.7734,78.7023,mfcc_regression/Ses03M_script01_2_F009.npy
Ses03M_script01_2_F010,Session3,sad,2.0,2.5,3.5,79.4197,84.5877,mfcc_regression/Ses03M_script01_2_F010.npy
Ses03M_script01_2_F011,Session3,sad,2.5,3.0,3.5,85.2775,91.8282,mfcc_regression/Ses03M_script01_2_F011.npy
Ses03M_script01_2_F012,Session3,ang,2.0,4.0,4.5,97.5675,106.5882,mfcc_regression/Ses03M_script01_2_F012.npy
Ses03M_script01_2_F015,Session3,ang,1.0,5.0,5.0,123.225,137.2508,mfcc_regression/Ses03M_script01_2_F015.npy
Ses03M_script01_2_F017,Session3,sad,1.0,4.5,5.0,144.385,154.9601,mfcc_regression/Ses03M_script01_2_F017.npy
Ses03M_script01_2_F019,Session3,sad,1.5,2.0,3.0,166.3855,168.0925,mfcc_regression/Ses03M_script01_2_F019.npy
Ses03M_script01_2_M000,Session3,fru,2.5,2.5,2.5,9.3923,11.7309,mfcc_regression/Ses03M_script01_2_M000.npy
Ses03M_script01_2_M001,Session3,neu,2.0,3.5,3.0,15.7165,18.7325,mfcc_regression/Ses03M_script01_2_M001.npy
Ses03M_script01_2_M002,Session3,fru,2.5,3.0,4.0,21.0705,27.295,mfcc_regression/Ses03M_script01_2_M002.npy
Ses03M_script01_2_M003,Session3,fru,2.0,3.0,4.5,27.355,31.1674,mfcc_regression/Ses03M_script01_2_M003.npy
Ses03M_script01_2_M004,Session3,neu,2.5,3.0,3.0,33.7315,37.4646,mfcc_regression/Ses03M_script01_2_M004.npy
Ses03M_script01_2_M005,Session3,neu,2.5,2.5,3.0,40.3741,42.205,mfcc_regression/Ses03M_script01_2_M005.npy
Ses03M_script01_2_M006,Session3,fru,2.0,2.5,3.0,45.1967,48.1195,mfcc_regression/Ses03M_script01_2_M006.npy
Ses03M_script01_2_M008,Session3,neu,3.0,3.0,3.5,67.5692,70.9304,mfcc_regression/Ses03M_script01_2_M008.npy
Ses03M_script01_2_M009,Session3,fru,2.5,2.5,3.5,93.1567,98.3513,mfcc_regression/Ses03M_script01_2_M009.npy
Ses03M_script01_2_M010,Session3,fru,2.5,2.5,3.0,105.7114,108.4482,mfcc_regression/Ses03M_script01_2_M010.npy
Ses03M_script01_2_M011,Session3,fru,2.5,2.5,3.5,113.6693,115.5957,mfcc_regression/Ses03M_script01_2_M011.npy
Ses03M_script01_2_M012,Session3,fru,2.0,3.0,3.5,131.1125,136.2145,mfcc_regression/Ses03M_script01_2_M012.npy
Ses03M_script01_2_M014,Session3,ang,2.0,4.0,4.5,149.5275,157.9626,mfcc_regression/Ses03M_script01_2_M014.npy
Ses03M_script01_2_M015,Session3,ang,2.0,3.0,4.0,160.9784,164.5521,mfcc_regression/Ses03M_script01_2_M015.npy
Ses03M_script01_2_M016,Session3,ang,1.5,3.5,4.5,164.6318,166.845,mfcc_regression/Ses03M_script01_2_M016.npy
Ses03M_script01_2_M017,Session3,ang,1.5,4.0,5.0,167.4882,173.4799,mfcc_regression/Ses03M_script01_2_M017.npy
Ses03M_script03_1_F003,Session3,exc,3.0,2.5,3.5,26.71,28.86,mfcc_regression/Ses03M_script03_1_F003.npy
Ses03M_script03_1_F004,Session3,exc,2.0,3.5,3.5,29.84,32.905,mfcc_regression/Ses03M_script03_1_F004.npy
Ses03M_script03_1_F005,Session3,exc,5.0,4.5,3.5,38.0,42.6425,mfcc_regression/Ses03M_script03_1_F005.npy
Ses03M_script03_1_F006,Session3,exc,4.0,3.0,3.5,46.22,48.01,mfcc_regression/Ses03M_script03_1_F006.npy
Ses03M_script03_1_F018,Session3,sad,4.0,2.5,3.0,134.01,135.97,mfcc_regression/Ses03M_script03_1_F018.npy
Ses03M_script03_1_M004,Session3,exc,3.5,3.5,3.5,28.43,30.1525,mfcc_regression/Ses03M_script03_1_M004.npy
Ses03M_script03_1_M006,Session3,exc,2.5,3.0,3.5,36.48,38.33,mfcc_regression/Ses03M_script03_1_M006.npy
Ses03M_script03_1_M035,Session3,neu,3.0,2.5,3.5,243.56,245.81,mfcc_regression/Ses03M_script03_1_M035.npy
Ses03M_script01_3_F004,Session3,sad,2.5,3.5,3.0,31.7301,37.9017,mfcc_regression/Ses03M_script01_3_F004.npy
Ses03M_script01_3_F006,Session3,sad,2.5,2.5,2.5,43.9424,46.9083,mfcc_regression/Ses03M_script01_3_F006.npy
Ses03M_script01_3_F007,Session3,sad,2.0,3.5,2.5,47.6497,55.325,mfcc_regression/Ses03M_script01_3_F007.npy
Ses03M_script01_3_F008,Session3,sad,2.5,4.0,2.5,56.63,62.8279,mfcc_regression/Ses03M_script01_3_F008.npy
Ses03M_script01_3_F011,Session3,hap,3.5,2.5,2.0,91.3959,93.4022,mfcc_regression/Ses03M_script01_3_F011.npy
Ses03M_script01_3_F012,Session3,hap,4.0,3.5,2.0,93.5331,96.4335,mfcc_regression/Ses03M_script01_3_F012.npy
Ses03M_script01_3_F013,Session3,hap,3.5,4.0,3.5,129.4285,133.1025,mfcc_regression/Ses03M_script01_3_F013.npy
Ses03M_script01_3_F014,Session3,hap,3.0,3.5,3.0,135.2293,138.7622,mfcc_regression/Ses03M_script01_3_F014.npy
Ses03M_script01_3_F015,Session3,hap,3.5,2.5,2.5,140.6812,143.56,mfcc_regression/Ses03M_script01_3_F015.npy
Ses03M_script01_3_F016,Session3,hap,4.0,3.5,3.0,145.5879,147.9868,mfcc_regression/Ses03M_script01_3_F016.npy
Ses03M_script01_3_F017,Session3,hap,4.0,4.0,3.0,151.3888,158.5199,mfcc_regression/Ses03M_script01_3_F017.npy
Ses03M_script01_3_F018,Session3,hap,4.0,2.5,3.0,158.6725,162.3362,mfcc_regression/Ses03M_script01_3_F018.npy
Ses03M_script01_3_F019,Session3,hap,4.5,3.0,3.0,181.1126,183.4461,mfcc_regression/Ses03M_script01_3_F019.npy
Ses03M_script01_3_F020,Session3,hap,4.0,4.5,4.0,183.4897,190.0102,mfcc_regression/Ses03M_script01_3_F020.npy
Ses03M_script01_3_F021,Session3,hap,3.5,3.0,3.0,196.8578,200.8268,mfcc_regression/Ses03M_script01_3_F021.npy
Ses03M_script01_3_F029,Session3,sad,2.0,2.5,2.5,252.7072,254.9098,mfcc_regression/Ses03M_script01_3_F029.npy
Ses03M_script01_3_F030,Session3,sad,2.5,2.0,3.0,256.2836,258.5953,mfcc_regression/Ses03M_script01_3_F030.npy
Ses03M_script01_3_F031,Session3,sad,2.0,2.5,2.0,382.4192,385.8212,mfcc_regression/Ses03M_script01_3_F031.npy
Ses03M_script01_3_F033,Session3,sad,2.0,4.0,4.5,394.605,407.426,mfcc_regression/Ses03M_script01_3_F033.npy
Ses03M_script01_3_F034,Session3,hap,4.0,3.5,3.0,411.0308,414.978,mfcc_regression/Ses03M_script01_3_F034.npy
Ses03M_script01_3_M001,Session3,neu,3.0,2.5,2.0,28.7207,32.0573,mfcc_regression/Ses03M_script01_3_M001.npy
Ses03M_script01_3_M002,Session3,sur,2.0,2.5,2.5,37.1821,39.4064,mfcc_regression/Ses03M_script01_3_M002.npy
Ses03M_script01_3_M004,Session3,neu,3.0,2.5,3.5,54.7372,57.0052,mfcc_regression/Ses03M_script01_3_M004.npy
Ses03M_script01_3_M008,Session3,hap,4.0,3.0,3.0,84.4175,90.2475,mfcc_regression/Ses03M_script01_3_M008.npy
Ses03M_script01_3_M010,Session3,hap,4.0,4.0,3.5,105.7454,108.1442,mfcc_regression/Ses03M_script01_3_M010.npy
Ses03M_script01_3_M016,Session3,hap,4.0,3.0,2.5,143.6775,146.3948,mfcc_regression/Ses03M_script01_3_M016.npy
Ses03M_script01_3_M018,Session3,hap,4.0,2.0,4.0,162.7288,168.8567,mfcc_regression/Ses03M_script01_3_M018.npy
Ses03M_script01_3_M019,Session3,exc,4.5,3.5,4.0,170.19,177.5798,mfcc_regression/Ses03M_script01_3_M019.npy
Ses03M_script01_3_M021,Session3,hap,4.0,2.5,3.5,190.9697,197.0104,mfcc_regression/Ses03M_script01_3_M021.npy
Ses03M_script01_3_M023,Session3,sad,3.5,3.0,2.5,210.0732,216.97,mfcc_regression/Ses03M_script01_3_M023.npy
Ses03M_script01_3_M027,Session3,sad,2.5,3.0,3.5,243.9405,249.4578,mfcc_regression/Ses03M_script01_3_M027.npy
Ses03M_script01_3_M028,Session3,sad,2.0,2.0,3.0,250.1557,252.8162,mfcc_regression/Ses03M_script01_3_M028.npy
Ses03M_script01_3_M029,Session3,sad,2.0,2.5,3.0,254.1683,256.6762,mfcc_regression/Ses03M_script01_3_M029.npy
Ses03M_script01_3_M030,Session3,sad,3.0,2.5,3.0,258.2862,263.8721,mfcc_regression/Ses03M_script01_3_M030.npy
Ses03M_script01_3_M031,Session3,sad,3.0,2.5,3.5,264.0975,276.0196,mfcc_regression/Ses03M_script01_3_M031.npy
Ses03M_script01_3_M032,Session3,sad,2.5,2.5,4.5,276.085,286.1925,mfcc_regression/Ses03M_script01_3_M032.npy
Ses03M_script01_3_M033,Session3,sad,2.5,2.5,4.5,286.2625,297.9175,mfcc_regression/Ses03M_script01_3_M033.npy
Ses03M_script01_3_M034,Session3,sad,3.0,3.0,4.5,297.99,305.77,mfcc_regression/Ses03M_script01_3_M034.npy
Ses03M_script01_3_M035,Session3,sad,2.5,3.5,4.5,305.865,316.6907,mfcc_regression/Ses03M_script01_3_M035.npy
Ses03M_script01_3_M036,Session3,sad,2.5,3.5,4.5,316.8217,329.4952,mfcc_regression/Ses03M_script01_3_M036.npy
Ses03M_script01_3_M037,Session3,sad,2.5,3.5,4.5,329.64,341.5275,mfcc_regression/Ses03M_script01_3_M037.npy
Ses03M_script01_3_M038,Session3,sad,2.0,3.0,4.0,341.635,351.2996,mfcc_regression/Ses03M_script01_3_M038.npy
Ses03M_script01_3_M039,Session3,sad,3.0,3.5,3.5,351.365,357.7111,mfcc_regression/Ses03M_script01_3_M039.npy
Ses03M_script01_3_M040,Session3,sad,2.5,3.5,4.5,357.8637,370.2505,mfcc_regression/Ses03M_script01_3_M040.npy
Ses03M_script01_3_M041,Session3,sad,2.0,3.0,3.5,370.3325,375.1136,mfcc_regression/Ses03M_script01_3_M041.npy
Ses03M_script01_3_M042,Session3,sad,2.5,2.5,3.0,375.2492,382.1793,mfcc_regression/Ses03M_script01_3_M042.npy
Ses03M_script01_3_M045,Session3,hap,4.0,3.0,4.0,407.0182,410.6601,mfcc_regression/Ses03M_script01_3_M045.npy
Ses03M_script01_3_M046,Session3,hap,4.0,2.0,3.0,415.3051,417.31,mfcc_regression/Ses03M_script01_3_M046.npy
Ses03F_script02_2_F000,Session3,neu,3.0,2.0,2.0,8.5564,11.2227,mfcc_regression/Ses03F_script02_2_F000.npy
Ses03F_script02_2_F005,Session3,ang,1.6667,4.3333,3.6667,50.8534,57.2675,mfcc_regression/Ses03F_script02_2_F005.npy
Ses03F_script02_2_F006,Session3,fru,2.0,3.3333,3.0,58.6826,66.7057,mfcc_regression/Ses03F_script02_2_F006.npy
Ses03F_script02_2_F008,Session3,fru,2.0,3.0,3.0,85.8303,90.9205,mfcc_regression/Ses03F_script02_2_F008.npy
Ses03F_script02_2_F012,Session3,ang,1.6667,3.3333,3.6667,106.5325,114.0475,mfcc_regression/Ses03F_script02_2_F012.npy
Ses03F_script02_2_F013,Session3,fru,2.0,3.3333,2.3333,115.3925,117.7773,mfcc_regression/Ses03F_script02_2_F013.npy
Ses03F_script02_2_F014,Session3,fru,2.0,3.3333,2.6667,118.1651,128.2485,mfcc_regression/Ses03F_script02_2_F014.npy
Ses03F_script02_2_F015,Session3,fru,1.3333,4.0,3.3333,134.4075,137.9684,mfcc_regression/Ses03F_script02_2_F015.npy
Ses03F_script02_2_F016,Session3,sad,3.0,2.0,2.3333,164.0738,169.2125,mfcc_regression/Ses03F_script02_2_F016.npy
Ses03F_script02_2_F017,Session3,sad,3.6667,2.6667,2.6667,169.2852,172.4847,mfcc_regression/Ses03F_script02_2_F017.npy
Ses03F_script02_2_F018,Session3,sad,3.6667,2.3333,2.0,172.6059,176.3145,mfcc_regression/Ses03F_script02_2_F018.npy
Ses03F_script02_2_F019,Session3,hap,4.0,2.6667,2.3333,176.405,183.1256,mfcc_regression/Ses03F_script02_2_F019.npy
Ses03F_script02_2_F020,Session3,hap,4.0,2.3333,2.3333,183.1975,189.5732,mfcc_regression/Ses03F_script02_2_F020.npy
Ses03F_script02_2_F021,Session3,hap,4.0,3.0,2.3333,189.6702,195.9965,mfcc_regression/Ses03F_script02_2_F021.npy
Ses03F_script02_2_F022,Session3,sad,3.6667,2.3333,3.0,196.0935,202.0805,mfcc_regression/Ses03F_script02_2_F022.npy
Ses03F_script02_2_F023,Session3,hap,4.3333,3.6667,2.6667,205.0619,210.275,mfcc_regression/Ses03F_script02_2_F023.npy
Ses03F_script02_2_F024,Session3,sad,2.6667,2.3333,2.0,224.0411,227.1921,mfcc_regression/Ses03F_script02_2_F024.npy
Ses03F_script02_2_F025,Session3,sad,2.3333,2.3333,2.0,227.2925,229.9796,mfcc_regression/Ses03F_script02_2_F025.npy
Ses03F_script02_2_F026,Session3,sad,2.3333,2.3333,2.0,234.9486,237.7436,mfcc_regression/Ses03F_script02_2_F026.npy
Ses03F_script02_2_F027,Session3,sad,2.3333,1.6667,2.0,239.2147,241.1296,mfcc_regression/Ses03F_script02_2_F027.npy
Ses03F_script02_2_F028,Session3,sad,2.0,1.3333,2.0,242.4142,245.0563,mfcc_regression/Ses03F_script02_2_F028.npy
Ses03F_script02_2_F029,Session3,fru,2.0,3.0,3.0,246.147,248.5467,mfcc_regression/Ses03F_script02_2_F029.npy
Ses03F_script02_2_F030,Session3,fru,1.6667,3.3333,3.3333,250.27,252.1098,mfcc_regression/Ses03F_script02_2_F030.npy
Ses03F_script02_2_F031,Session3,ang,1.6667,4.0,4.0,253.0551,255.1639,mfcc_regression/Ses03F_script02_2_F031.npy
Ses03F_script02_2_F032,Session3,fru,2.0,3.0,3.0,256.2305,258.1359,mfcc_regression/Ses03F_script02_2_F032.npy
Ses03F_script02_2_F033,Session3,fru,1.6667,4.0,3.0,264.5325,268.6651,mfcc_regression/Ses03F_script02_2_F033.npy
Ses03F_script02_2_F034,Session3,fru,2.3333,3.6667,3.0,303.8601,307.7868,mfcc_regression/Ses03F_script02_2_F034.npy
Ses03F_script02_2_F035,Session3,ang,2.0,3.6667,3.6667,308.417,312.78,mfcc_regression/Ses03F_script02_2_F035.npy
Ses03F_script02_2_F036,Session3,sad,1.6667,3.0,2.6667,313.386,318.235,mfcc_regression/Ses03F_script02_2_F036.npy
Ses03F_script02_2_F038,Session3,sad,2.3333,3.6667,2.0,326.4993,330.3533,mfcc_regression/Ses03F_script02_2_F038.npy
Ses03F_script02_2_F039,Session3,sad,2.3333,3.0,2.3333,332.0258,344.2665,mfcc_regression/Ses03F_script02_2_F039.npy
Ses03F_script02_2_F040,Session3,sad,2.3333,2.6667,2.3333,347.1509,349.395,mfcc_regression/Ses03F_script02_2_F040.npy
Ses03F_script02_2_F041,Session3,fru,2.0,3.6667,2.6667,352.0775,357.4525,mfcc_regression/Ses03F_script02_2_F041.npy
Ses03F_script02_2_F042,Session3,fru,2.0,3.3333,2.6667,358.0343,367.7541,mfcc_regression/Ses03F_script02_2_F042.npy
Ses03F_script02_2_F043,Session3,hap,3.0,2.3333,2.6667,373.4745,381.5461,mfcc_regression/Ses03F_script02_2_F043.npy
Ses03F_script02_2_F044,Session3,hap,3.3333,2.0,2.0,390.3933,394.2473,mfcc_regression/Ses03F_script02_2_F044.npy
Ses03F_script02_2_F045,Session3,hap,4.0,2.3333,2.3333,394.3443,398.0771,mfcc_regression/Ses03F_script02_2_F045.npy
Ses03F_script02_2_F048,Session3,hap,4.0,3.0,2.3333,410.7783,414.4869,mfcc_regression/Ses03F_script02_2_F048.npy
Ses03F_script02_2_F050,Session3,hap,3.3333,2.3333,2.3333,428.5213,433.1994,mfcc_regression/Ses03F_script02_2_F050.npy
Ses03F_script02_2_F051,Session3,sad,3.0,2.3333,1.6667,433.9993,437.0049,mfcc_regression/Ses03F_script02_2_F051.npy
Ses03F_script02_2_M001,Session3,neu,3.0,3.0,2.6667,10.3501,13.5496,mfcc_regression/Ses03F_script02_2_M001.npy
Ses03F_script02_2_M002,Session3,fru,2.3333,3.0,3.0,14.9555,22.0332,mfcc_regression/Ses03F_script02_2_M002.npy
Ses03F_script02_2_M003,Session3,fru,2.3333,3.6667,2.6667,28.3112,31.6319,mfcc_regression/Ses03F_script02_2_M003.npy
Ses03F_script02_2_M004,Session3,fru,3.0,3.3333,2.3333,38.7097,41.9475,mfcc_regression/Ses03F_script02_2_M004.npy
Ses03F_script02_2_M005,Session3,neu,3.0,3.0,2.0,43.6787,51.4836,mfcc_regression/Ses03F_script02_2_M005.npy
Ses03F_script02_2_M006,Session3,fru,2.0,3.3333,3.0,56.775,59.7491,mfcc_regression/Ses03F_script02_2_M006.npy
Ses03F_script02_2_M007,Session3,fru,2.0,3.6667,3.0,65.8574,78.3647,mfcc_regression/Ses03F_script02_2_M007.npy
Ses03F_script02_2_M008,Session3,neu,2.0,2.3333,1.6667,82.9701,86.2908,mfcc_regression/Ses03F_script02_2_M008.npy
Ses03F_script02_2_M009,Session3,fru,2.3333,3.3333,2.6667,90.1206,93.9988,mfcc_regression/Ses03F_script02_2_M009.npy
Ses03F_script02_2_M010,Session3,fru,3.0,3.3333,3.3333,95.8168,98.4346,mfcc_regression/Ses03F_script02_2_M010.npy
Ses03F_script02_2_M011,Session3,fru,2.3333,2.3333,1.6667,113.2931,115.8875,mfcc_regression/Ses03F_script02_2_M011.npy
Ses03F_script02_2_M012,Session3,fru,3.0,2.0,2.6667,130.2604,135.9565,mfcc_regression/Ses03F_script02_2_M012.npy
Ses03F_script02_2_M013,Session3,fru,2.0,3.0,2.0,136.0777,142.7919,mfcc_regression/Ses03F_script02_2_M013.npy
Ses03F_script02_2_M014,Session3,fru,3.0,3.3333,3.0,142.8647,157.6262,mfcc_regression/Ses03F_script02_2_M014.npy
Ses03F_script02_2_M015,Session3,fru,2.6667,3.3333,3.0,157.6747,165.5039,mfcc_regression/Ses03F_script02_2_M015.npy
Ses03F_script02_2_M016,Session3,neu,3.3333,2.6667,2.3333,202.2987,205.983,mfcc_regression/Ses03F_script02_2_M016.npy
Ses03F_script02_2_M022,Session3,fru,2.6667,3.0,2.6667,242.9232,248.0619,mfcc_regression/Ses03F_script02_2_M022.npy
Ses03F_script02_2_M023,Session3,fru,2.0,3.0,2.6667,248.5225,254.7034,mfcc_regression/Ses03F_script02_2_M023.npy
Ses03F_script02_2_M024,Session3,fru,2.0,3.3333,3.3333,254.8004,256.9576,mfcc_regression/Ses03F_script02_2_M024.npy
Ses03F_script02_2_M025,Session3,fru,2.3333,3.3333,3.0,257.235,259.939,mfcc_regression/Ses03F_script02_2_M025.npy
Ses03F_script02_2_M026,Session3,ang,2.0,4.3333,3.6667,259.9875,265.9745,mfcc_regression/Ses03F_script02_2_M026.npy
Ses03F_script02_2_M027,Session3,fru,2.0,4.0,4.0,267.0895,270.1921,mfcc_regression/Ses03F_script02_2_M027.npy
Ses03F_script02_2_M029,Session3,fru,2.0,3.3333,3.6667,279.815,295.1125,mfcc_regression/Ses03F_script02_2_M029.npy
Ses03F_script02_2_M030,Session3,fru,1.6667,4.0,4.6667,295.155,304.1752,mfcc_regression/Ses03F_script02_2_M030.npy
Ses03F_script02_2_M031,Session3,fru,2.3333,3.6667,4.0,306.7445,309.1442,mfcc_regression/Ses03F_script02_2_M031.npy
Ses03F_script02_2_M032,Session3,fru,2.3333,3.0,3.3333,312.0529,313.7981,mfcc_regression/Ses03F_script02_2_M032.npy
Ses03F_script02_2_M033,Session3,fru,2.3333,2.3333,2.6667,317.4097,321.6515,mfcc_regression/Ses03F_script02_2_M033.npy
Ses03F_script02_2_M034,Session3,fru,2.3333,2.6667,1.6667,329.5534,333.0438,mfcc_regression/Ses03F_script02_2_M034.npy
Ses03F_script02_2_M035,Session3,fru,2.0,2.0,2.3333,344.1453,348.0963,mfcc_regression/Ses03F_script02_2_M035.npy
Ses03F_script02_2_M037,Session3,sur,3.0,2.6667,2.0,356.5799,359.125,mfcc_regression/Ses03F_script02_2_M037.npy
Ses03F_script02_2_M038,Session3,hap,3.0,2.6667,2.3333,367.3178,372.5049,mfcc_regression/Ses03F_script02_2_M038.npy
Ses03F_script02_2_M039,Session3,hap,3.0,2.6667,2.6667,381.4976,388.7208,mfcc_regression/Ses03F_script02_2_M039.npy
Ses03F_script02_2_M040,Session3,hap,4.0,3.0,2.6667,403.2157,406.6577,mfcc_regression/Ses03F_script02_2_M040.npy
Ses03F_script02_2_M041,Session3,hap,4.0,3.0,2.6667,408.1363,411.8448,mfcc_regression/Ses03F_script02_2_M041.npy
Ses03F_script02_2_M042,Session3,neu,3.0,2.3333,1.6667,416.3775,421.1041,mfcc_regression/Ses03F_script02_2_M042.npy
Ses03F_script02_2_M043,Session3,neu,3.3333,2.3333,2.3333,435.2355,438.3381,mfcc_regression/Ses03F_script02_2_M043.npy
Ses03F_script02_2_M044,Session3,hap,3.6667,2.0,2.3333,438.532,441.5675,mfcc_regression/Ses03F_script02_2_M044.npy
Ses03F_script02_2_M045,Session3,hap,3.6667,2.6667,2.3333,445.2462,447.1014,mfcc_regression/Ses03F_script02_2_M045.npy
Ses03M_script01_1_F000,Session3,neu,3.0,3.0,3.0,6.6092,11.777,mfcc_regression/Ses03M_script01_1_F000.npy
Ses03M_script01_1_F001,Session3,sur,2.5,3.5,3.5,14.5015,19.6517,mfcc_regression/Ses03M_script01_1_F001.npy
Ses03M_script01_1_F002,Session3,sur,2.0,3.5,3.0,21.304,23.5188,mfcc_regression/Ses03M_script01_1_F002.npy
Ses03M_script01_1_F004,Session3,sad,3.0,2.5,2.5,40.0593,42.3795,mfcc_regression/Ses03M_script01_1_F004.npy
Ses03M_script01_1_F005,Session3,sad,3.0,2.5,2.5,47.5298,49.4985,mfcc_regression/Ses03M_script01_1_F005.npy
Ses03M_script01_1_F007,Session3,fru,2.0,3.5,3.5,54.9651,59.2013,mfcc_regression/Ses03M_script01_1_F007.npy
Ses03M_script01_1_F008,Session3,sad,2.0,3.5,3.0,61.0118,66.785,mfcc_regression/Ses03M_script01_1_F008.npy
Ses03M_script01_1_F013,Session3,fru,2.0,3.5,3.0,117.0666,119.8625,mfcc_regression/Ses03M_script01_1_F013.npy
Ses03M_script01_1_F015,Session3,fru,2.0,3.0,4.0,128.6854,136.6656,mfcc_regression/Ses03M_script01_1_F015.npy
Ses03M_script01_1_F016,Session3,ang,2.0,4.0,4.0,140.0581,148.8821,mfcc_regression/Ses03M_script01_1_F016.npy
Ses03M_script01_1_F017,Session3,ang,3.0,2.5,3.0,152.8722,155.0166,mfcc_regression/Ses03M_script01_1_F017.npy
Ses03M_script01_1_F020,Session3,ang,2.0,4.0,3.5,167.0748,171.3638,mfcc_regression/Ses03M_script01_1_F020.npy
Ses03M_script01_1_F021,Session3,neu,3.0,3.5,2.5,173.0336,177.762,mfcc_regression/Ses03M_script01_1_F021.npy
Ses03M_script01_1_F022,Session3,fru,1.5,4.0,3.0,178.2718,180.4162,mfcc_regression/Ses03M_script01_1_F022.npy
Ses03M_script01_1_F025,Session3,fru,2.0,4.0,4.0,196.904,205.9916,mfcc_regression/Ses03M_script01_1_F025.npy
Ses03M_script01_1_F026,Session3,fru,2.0,4.0,3.5,206.0268,217.2625,mfcc_regression/Ses03M_script01_1_F026.npy
Ses03M_script01_1_F028,Session3,neu,2.5,3.0,2.5,236.436,239.4417,mfcc_regression/Ses03M_script01_1_F028.npy
Ses03M_script01_1_F030,Session3,neu,2.0,3.5,3.0,259.0583,264.395,mfcc_regression/Ses03M_script01_1_F030.npy
Ses03M_script01_1_F031,Session3,fru,1.5,3.5,3.5,266.5639,270.4837,mfcc_regression/Ses03M_script01_1_F031.npy
Ses03M_script01_1_F033,Session3,fru,2.0,3.5,3.0,294.6353,297.729,mfcc_regression/Ses03M_script01_1_F033.npy
Ses03M_script01_1_F034,Session3,fru,1.5,4.5,3.5,298.766,310.8594,mfcc_regression/Ses03M_script01_1_F034.npy
Ses03M_script01_1_F038,Session3,ang,1.5,4.5,4.0,349.284,354.1175,mfcc_regression/Ses03M_script01_1_F038.npy
Ses03M_script01_1_F040,Session3,sad,2.5,2.5,2.5,376.51,381.0642,mfcc_regression/Ses03M_script01_1_F040.npy
Ses03M_script01_1_F042,Session3,fru,2.0,4.0,4.0,390.2222,394.1947,mfcc_regression/Ses03M_script01_1_F042.npy
Ses03M_script01_1_F043,Session3,ang,1.5,4.0,4.0,394.2475,401.1175,mfcc_regression/Ses03M_script01_1_F043.npy
Ses03M_script01_1_F044,Session3,fru,2.0,4.0,3.0,403.0011,407.7118,mfcc_regression/Ses03M_script01_1_F044.npy
Ses03M_script01_1_F045,Session3,sad,2.0,3.0,2.0,411.4559,414.7429,mfcc_regression/Ses03M_script01_1_F045.npy
Ses03M_script01_1_F046,Session3,sad,3.5,2.0,2.0,419.067,422.6352,mfcc_regression/Ses03M_script01_1_F046.npy
Ses03M_script01_1_M000,Session3,sad,3.0,2.0,2.5,11.4606,14.6773,mfcc_regression/Ses03M_script01_1_M000.npy
Ses03M_script01_1_M001,Session3,sad,2.5,2.5,2.5,19.265,21.9192,mfcc_regression/Ses03M_script01_1_M001.npy
Ses03M_script01_1_M002,Session3,sad,3.0,2.5,3.0,23.1025,32.3525,mfcc_regression/Ses03M_script01_1_M002.npy
Ses03M_script01_1_M003,Session3,sad,2.5,2.5,3.0,34.206,40.1648,mfcc_regression/Ses03M_script01_1_M003.npy
Ses03M_script01_1_M004,Session3,sad,2.5,2.5,3.0,41.7292,47.2837,mfcc_regression/Ses03M_script01_1_M004.npy
Ses03M_script01_1_M005,Session3,sad,2.0,2.5,3.0,49.0414,51.432,mfcc_regression/Ses03M_script01_1_M005.npy
Ses03M_script01_1_M006,Session3,sad,3.0,2.0,2.5,58.7443,61.416,mfcc_regression/Ses03M_script01_1_M006.npy
Ses03M_script01_1_M007,Session3,sad,2.0,3.0,3.0,66.2323,72.5602,mfcc_regression/Ses03M_script01_1_M007.npy
Ses03M_script01_1_M008,Session3,fru,3.0,3.5,4.0,73.2985,78.5718,mfcc_regression/Ses03M_script01_1_M008.npy
Ses03M_script01_1_M009,Session3,ang,2.0,3.0,4.0,79.187,87.9758,mfcc_regression/Ses03M_script01_1_M009.npy
Ses03M_script01_1_M010,Session3,fru,2.0,3.5,4.0,90.0851,96.7118,mfcc_regression/Ses03M_script01_1_M010.npy
Ses03M_script01_1_M011,Session3,ang,2.0,4.0,4.5,96.747,110.3169,mfcc_regression/Ses03M_script01_1_M011.npy
Ses03M_script01_1_M012,Session3,ang,2.5,3.5,4.5,110.352,113.4632,mfcc_regression/Ses03M_script01_1_M012.npy
Ses03M_script01_1_M014,Session3,fru,1.5,4.0,4.5,119.4396,125.1699,mfcc_regression/Ses03M_script01_1_M014.npy
Ses03M_script01_1_M015,Session3,fru,3.0,3.5,3.5,136.0504,140.6733,mfcc_regression/Ses03M_script01_1_M015.npy
Ses03M_script01_1_M016,Session3,fru,3.0,4.0,3.5,145.645,149.216,mfcc_regression/Ses03M_script01_1_M016.npy
Ses03M_script01_1_M017,Session3,neu,3.0,3.0,3.0,149.6027,153.3625,mfcc_regression/Ses03M_script01_1_M017.npy
Ses03M_script01_1_M019,Session3,neu,3.0,2.5,3.5,159.411,162.7156,mfcc_regression/Ses03M_script01_1_M019.npy
Ses03M_script01_1_M020,Session3,fru,2.0,2.5,3.5,165.0359,167.901,mfcc_regression/Ses03M_script01_1_M020.npy
Ses03M_script01_1_M021,Session3,neu,2.0,4.0,3.5,170.3619,173.6137,mfcc_regression/Ses03M_script01_1_M021.npy
Ses03M_script01_1_M022,Session3,ang,1.5,4.5,4.5,176.5843,188.5546,mfcc_regression/Ses03M_script01_1_M022.npy
Ses03M_script01_1_M023,Session3,fru,2.0,2.5,3.5,195.0056,197.2731,mfcc_regression/Ses03M_script01_1_M023.npy
Ses03M_script01_1_M024,Session3,fru,2.5,3.0,3.0,217.5225,222.9188,mfcc_regression/Ses03M_script01_1_M024.npy
Ses03M_script01_1_M026,Session3,fru,2.0,3.0,3.5,225.17,230.1959,mfcc_regression/Ses03M_script01_1_M026.npy
Ses03M_script01_1_M027,Session3,ang,2.0,3.0,4.0,234.7134,236.7524,mfcc_regression/Ses03M_script01_1_M027.npy
Ses03M_script01_1_M028,Session3,neu,3.0,2.5,2.5,239.2308,242.2893,mfcc_regression/Ses03M_script01_1_M028.npy
Ses03M_script01_1_M029,Session3,neu,3.0,2.5,3.0,245.8575,248.1426,mfcc_regression/Ses03M_script01_1_M029.npy
Ses03M_script01_1_M030,Session3,sad,2.0,3.0,3.5,248.2129,253.0675,mfcc_regression/Ses03M_script01_1_M030.npy
Ses03M_script01_1_M031,Session3,neu,2.0,3.5,4.0,253.115,259.0759,mfcc_regression/Ses03M_script01_1_M031.npy
Ses03M_script01_1_M033,Session3,fru,2.5,3.0,3.0,270.3431,273.2258,mfcc_regression/Ses03M_script01_1_M033.npy
Ses03M_script01_1_M034,Session3,fru,2.5,3.0,3.5,282.8408,295.1075,mfcc_regression/Ses03M_script01_1_M034.npy
Ses03M_script01_1_M035,Session3,fru,2.5,3.0,3.0,312.0547,315.7108,mfcc_regression/Ses03M_script01_1_M035.npy
Ses03M_script01_1_M036,Session3,sad,2.0,2.0,3.0,318.8396,329.8432,mfcc_regression/Ses03M_script01_1_M036.npy
Ses03M_script01_1_M037,Session3,neu,2.0,2.5,2.5,329.9225,333.3939,mfcc_regression/Ses03M_script01_1_M037.npy
Ses03M_script01_1_M038,Session3,neu,2.5,2.5,3.5,335.6965,341.245,mfcc_regression/Ses03M_script01_1_M038.npy
Ses03M_script01_1_M039,Session3,ang,1.5,1.5,3.5,343.7998,349.6275,mfcc_regression/Ses03M_script01_1_M039.npy
Ses03M_script01_1_M040,Session3,ang,2.5,2.5,4.0,352.1675,356.16,mfcc_regression/Ses03M_script01_1_M040.npy
Ses03M_script01_1_M041,Session3,ang,2.0,3.0,4.5,357.4927,371.9591,mfcc_regression/Ses03M_script01_1_M041.npy
Ses03M_script01_1_M042,Session3,fru,2.5,3.0,4.0,372.0118,376.0898,mfcc_regression/Ses03M_script01_1_M042.npy
Ses03M_script01_1_M043,Session3,neu,3.0,2.5,3.5,380.5369,384.1403,mfcc_regression/Ses03M_script01_1_M043.npy
Ses03M_script01_1_M045,Session3,sad,2.0,3.5,3.0,399.5734,403.1625,mfcc_regression/Ses03M_script01_1_M045.npy
Ses03M_script01_1_M046,Session3,sad,3.0,2.5,3.5,407.0791,410.5946,mfcc_regression/Ses03M_script01_1_M046.npy
Ses03M_script01_1_M047,Session3,sad,3.0,2.5,3.5,414.2156,418.5924,mfcc_regression/Ses03M_script01_1_M047.npy
Ses03M_script03_2_F000,Session3,neu,3.0,4.0,3.5,13.4546,16.7831,mfcc_regression/Ses03M_script03_2_F000.npy
Ses03M_script03_2_F001,Session3,ang,2.0,3.5,4.0,18.6039,21.6976,mfcc_regression/Ses03M_script03_2_F001.npy
Ses03M_script03_2_F003,Session3,neu,2.0,2.0,3.5,33.3721,37.7493,mfcc_regression/Ses03M_script03_2_F003.npy
Ses03M_script03_2_F004,Session3,neu,3.5,3.5,3.5,39.2436,42.5038,mfcc_regression/Ses03M_script03_2_F004.npy
Ses03M_script03_2_F006,Session3,neu,2.0,3.5,3.0,45.281,49.7035,mfcc_regression/Ses03M_script03_2_F006.npy
Ses03M_script03_2_F010,Session3,ang,2.5,2.5,3.5,69.2498,72.9025,mfcc_regression/Ses03M_script03_2_F010.npy
Ses03M_script03_2_F011,Session3,ang,2.0,4.0,3.5,75.7401,80.1927,mfcc_regression/Ses03M_script03_2_F011.npy
Ses03M_script03_2_F012,Session3,neu,3.0,2.5,3.5,90.5923,93.6865,mfcc_regression/Ses03M_script03_2_F012.npy
Ses03M_script03_2_F014,Session3,ang,1.5,3.0,4.5,100.1617,101.8522,mfcc_regression/Ses03M_script03_2_F014.npy
Ses03M_script03_2_F016,Session3,neu,2.0,3.0,2.5,108.475,112.5225,mfcc_regression/Ses03M_script03_2_F016.npy
Ses03M_script03_2_F017,Session3,neu,3.0,3.0,3.5,114.64,120.155,mfcc_regression/Ses03M_script03_2_F017.npy
Ses03M_script03_2_F024,Session3,ang,2.5,3.5,4.0,154.1425,156.7227,mfcc_regression/Ses03M_script03_2_F024.npy
Ses03M_script03_2_F025,Session3,ang,1.5,4.0,4.5,159.4949,161.2911,mfcc_regression/Ses03M_script03_2_F025.npy
Ses03M_script03_2_F028,Session3,ang,1.5,3.0,4.0,176.43,178.7394,mfcc_regression/Ses03M_script03_2_F028.npy
Ses03M_script03_2_F029,Session3,ang,2.0,3.5,4.5,186.256,190.26,mfcc_regression/Ses03M_script03_2_F029.npy
Ses03M_script03_2_F030,Session3,ang,2.0,2.0,3.5,191.5992,193.3425,mfcc_regression/Ses03M_script03_2_F030.npy
Ses03M_script03_2_F031,Session3,ang,1.5,4.0,4.5,201.0327,207.8551,mfcc_regression/Ses03M_script03_2_F031.npy
Ses03M_script03_2_F032,Session3,ang,2.0,3.0,4.0,213.8575,215.76,mfcc_regression/Ses03M_script03_2_F032.npy
Ses03M_script03_2_F033,Session3,ang,2.5,3.0,4.0,219.9904,224.3072,mfcc_regression/Ses03M_script03_2_F033.npy
Ses03M_script03_2_F036,Session3,neu,3.0,2.5,3.5,242.2083,244.33,mfcc_regression/Ses03M_script03_2_F036.npy
Ses03M_script03_2_F037,Session3,fru,2.0,4.0,3.0,246.3025,248.33,mfcc_regression/Ses03M_script03_2_F037.npy
Ses03M_script03_2_F038,Session3,ang,2.0,3.5,4.0,249.5575,255.7171,mfcc_regression/Ses03M_script03_2_F038.npy
Ses03M_script03_2_F039,Session3,ang,1.5,3.5,4.0,260.5924,265.2714,mfcc_regression/Ses03M_script03_2_F039.npy
Ses03M_script03_2_F040,Session3,ang,2.0,4.0,4.5,265.5733,269.255,mfcc_regression/Ses03M_script03_2_F040.npy
Ses03M_script03_2_F041,Session3,ang,1.5,4.0,4.5,270.8561,280.667,mfcc_regression/Ses03M_script03_2_F041.npy
Ses03M_script03_2_F042,Session3,ang,1.5,4.0,4.5,291.9269,298.8851,mfcc_regression/Ses03M_script03_2_F042.npy
Ses03M_script03_2_F043,Session3,ang,1.5,4.5,4.5,299.12,303.2773,mfcc_regression/Ses03M_script03_2_F043.npy
Ses03M_script03_2_F044,Session3,ang,1.0,5.0,5.0,303.3226,317.3748,mfcc_regression/Ses03M_script03_2_F044.npy
Ses03M_script03_2_F045,Session3,ang,1.0,4.5,5.0,324.016,328.975,mfcc_regression/Ses03M_script03_2_F045.npy
Ses03M_script03_2_M000,Session3,neu,4.0,2.5,4.0,8.0977,13.9803,mfcc_regression/Ses03M_script03_2_M000.npy
Ses03M_script03_2_M003,Session3,ang,2.5,2.5,3.5,30.2521,33.8442,mfcc_regression/Ses03M_script03_2_M003.npy
Ses03M_script03_2_M004,Session3,ang,2.5,3.5,3.5,36.6927,39.7718,mfcc_regression/Ses03M_script03_2_M004.npy
Ses03M_script03_2_M005,Session3,ang,2.0,3.5,4.5,42.1416,46.0325,mfcc_regression/Ses03M_script03_2_M005.npy
Ses03M_script03_2_M006,Session3,ang,2.0,3.0,4.0,48.9035,51.5575,mfcc_regression/Ses03M_script03_2_M006.npy
Ses03M_script03_2_M007,Session3,ang,2.0,2.5,4.0,55.5749,58.6389,mfcc_regression/Ses03M_script03_2_M007.npy
Ses03M_script03_2_M008,Session3,ang,2.0,2.5,3.0,62.25,65.1745,mfcc_regression/Ses03M_script03_2_M008.npy
Ses03M_script03_2_M009,Session3,neu,3.0,3.0,3.5,65.2198,67.1065,mfcc_regression/Ses03M_script03_2_M009.npy
Ses03M_script03_2_M010,Session3,neu,3.0,2.5,3.0,67.6025,69.9441,mfcc_regression/Ses03M_script03_2_M010.npy
Ses03M_script03_2_M011,Session3,ang,2.5,3.0,3.0,72.2685,76.4495,mfcc_regression/Ses03M_script03_2_M011.npy
Ses03M_script03_2_M012,Session3,ang,2.0,3.0,4.0,79.4984,84.7208,mfcc_regression/Ses03M_script03_2_M012.npy
Ses03M_script03_2_M014,Session3,ang,2.0,2.5,3.5,93.0827,98.0335,mfcc_regression/Ses03M_script03_2_M014.npy
Ses03M_script03_2_M015,Session3,fru,2.0,3.0,4.0,98.773,100.6598,mfcc_regression/Ses03M_script03_2_M015.npy
Ses03M_script03_2_M016,Session3,fru,3.0,2.5,3.0,101.822,103.7992,mfcc_regression/Ses03M_script03_2_M016.npy
Ses03M_script03_2_M017,Session3,fru,3.0,3.0,3.5,106.7475,109.09,mfcc_regression/Ses03M_script03_2_M017.npy
Ses03M_script03_2_M019,Session3,neu,3.5,3.0,3.0,119.6476,122.8324,mfcc_regression/Ses03M_script03_2_M019.npy
Ses03M_script03_2_M020,Session3,neu,3.5,3.0,3.0,123.9946,126.0926,mfcc_regression/Ses03M_script03_2_M020.npy
Ses03M_script03_2_M021,Session3,neu,3.0,2.5,2.5,139.209,141.8655,mfcc_regression/Ses03M_script03_2_M021.npy
Ses03M_script03_2_M025,Session3,fru,2.0,3.0,4.5,160.7628,162.0759,mfcc_regression/Ses03M_script03_2_M025.npy
Ses03M_script03_2_M029,Session3,ang,2.0,3.0,4.0,189.82,192.2275,mfcc_regression/Ses03M_script03_2_M029.npy
Ses03M_script03_2_M030,Session3,ang,1.0,4.0,4.5,192.7161,201.8327,mfcc_regression/Ses03M_script03_2_M030.npy
Ses03M_script03_2_M031,Session3,ang,2.0,2.5,4.5,206.5875,215.1,mfcc_regression/Ses03M_script03_2_M031.npy
Ses03M_script03_2_M032,Session3,ang,2.5,2.5,3.5,215.2661,220.705,mfcc_regression/Ses03M_script03_2_M032.npy
Ses03M_script03_2_M033,Session3,ang,2.0,2.0,4.0,223.8846,228.2325,mfcc_regression/Ses03M_script03_2_M033.npy
Ses03M_script03_2_M034,Session3,ang,2.0,3.0,3.5,229.4843,232.23,mfcc_regression/Ses03M_script03_2_M034.npy
Ses03M_script03_2_M038,Session3,ang,2.0,2.5,3.0,247.4609,250.1225,mfcc_regression/Ses03M_script03_2_M038.npy
Ses03M_script03_2_M039,Session3,ang,1.5,4.5,4.5,257.6642,261.7093,mfcc_regression/Ses03M_script03_2_M039.npy
Ses03M_script03_2_M040,Session3,ang,1.5,4.0,4.5,262.1169,266.1075,mfcc_regression/Ses03M_script03_2_M040.npy
Ses03M_script03_2_M041,Session3,ang,2.0,2.0,4.0,268.6826,271.6259,mfcc_regression/Ses03M_script03_2_M041.npy
Ses03M_script03_2_M042,Session3,ang,1.5,3.0,4.5,281.3613,292.6816,mfcc_regression/Ses03M_script03_2_M042.npy
Ses03M_script03_2_M043,Session3,ang,1.5,3.5,4.5,298.0475,301.1944,mfcc_regression/Ses03M_script03_2_M043.npy
Ses03M_script03_2_M044,Session3,ang,1.5,3.0,4.0,310.08,312.0363,mfcc_regression/Ses03M_script03_2_M044.npy
Ses03M_script03_2_M045,Session3,ang,1.0,4.5,5.0,312.9373,324.9875,mfcc_regression/Ses03M_script03_2_M045.npy
Ses03M_script03_2_M046,Session3,ang,1.0,3.0,3.5,326.72,328.4838,mfcc_regression/Ses03M_script03_2_M046.npy
Ses03F_script02_1_F000,Session3,sad,3.5,3.0,2.5,24.0358,25.2521,mfcc_regression/Ses03F_script02_1_F000.npy
Ses03F_script02_1_F003,Session3,ang,2.0,4.0,4.0,60.2038,67.795,mfcc_regression/Ses03F_script02_1_F003.npy
Ses03F_script02_1_F010,Session3,sad,2.5,3.0,3.5,154.4974,157.2303,mfcc_regression/Ses03F_script02_1_F010.npy
Ses03F_script02_1_F011,Session3,sad,2.0,3.0,4.0,157.9,160.6514,mfcc_regression/Ses03F_script02_1_F011.npy
Ses03F_script02_1_F012,Session3,ang,2.0,3.5,4.5,179.0875,185.6825,mfcc_regression/Ses03F_script02_1_F012.npy
Ses03F_script02_1_F013,Session3,fru,1.0,4.0,4.5,200.965,207.7425,mfcc_regression/Ses03F_script02_1_F013.npy
Ses03F_script02_1_F014,Session3,fru,2.0,2.0,2.5,208.86,211.087,mfcc_regression/Ses03F_script02_1_F014.npy
Ses03F_script02_1_F017,Session3,fru,1.5,4.0,4.5,252.4348,262.5768,mfcc_regression/Ses03F_script02_1_F017.npy
Ses03F_script02_1_F018,Session3,fru,1.5,4.5,4.5,265.89,271.4636,mfcc_regression/Ses03F_script02_1_F018.npy
Ses03F_script02_1_M000,Session3,exc,4.0,4.0,4.5,2.77,11.24,mfcc_regression/Ses03F_script02_1_M000.npy
Ses03F_script02_1_M001,Session3,exc,4.0,3.0,4.0,11.3,14.66,mfcc_regression/Ses03F_script02_1_M001.npy
Ses03F_script02_1_M002,Session3,exc,4.0,4.0,4.0,14.6975,24.2225,mfcc_regression/Ses03F_script02_1_M002.npy
Ses03F_script02_1_M003,Session3,exc,4.5,4.5,4.5,24.91,33.1075,mfcc_regression/Ses03F_script02_1_M003.npy
Ses03F_script02_1_M004,Session3,exc,4.0,4.0,4.0,33.2025,40.2425,mfcc_regression/Ses03F_script02_1_M004.npy
Ses03F_script02_1_M005,Session3,exc,3.0,4.5,4.0,40.2825,47.7946,mfcc_regression/Ses03F_script02_1_M005.npy
Ses03F_script02_1_M006,Session3,exc,3.5,4.0,4.0,48.04,53.4627,mfcc_regression/Ses03F_script02_1_M006.npy
Ses03F_script02_1_M009,Session3,exc,3.0,4.0,3.0,76.16,80.3025,mfcc_regression/Ses03F_script02_1_M009.npy
Ses03F_script02_1_M010,Session3,exc,3.0,3.0,3.5,80.395,84.0707,mfcc_regression/Ses03F_script02_1_M010.npy
Ses03F_script02_1_M011,Session3,exc,3.0,3.0,3.0,84.1517,90.8522,mfcc_regression/Ses03F_script02_1_M011.npy
Ses03F_script02_1_M013,Session3,exc,2.0,4.0,4.0,95.3325,100.577,mfcc_regression/Ses03F_script02_1_M013.npy
Ses03F_script02_1_M014,Session3,exc,3.0,3.5,4.0,100.7513,109.765,mfcc_regression/Ses03F_script02_1_M014.npy
Ses03F_script02_1_M015,Session3,exc,4.5,4.5,4.0,109.83,119.8003,mfcc_regression/Ses03F_script02_1_M015.npy
Ses03F_script02_1_M016,Session3,exc,3.5,3.0,3.5,119.885,125.7923,mfcc_regression/Ses03F_script02_1_M016.npy
Ses03F_script02_1_M017,Session3,neu,3.5,3.0,2.5,127.4725,130.2863,mfcc_regression/Ses03F_script02_1_M017.npy
Ses03F_script02_1_M018,Session3,sur,2.5,4.0,4.0,131.7034,139.0517,mfcc_regression/Ses03F_script02_1_M018.npy
Ses03F_script02_1_M019,Session3,neu,3.5,3.0,3.0,139.8817,141.6834,mfcc_regression/Ses03F_script02_1_M019.npy
Ses03F_script02_1_M020,Session3,neu,3.0,3.5,3.5,142.1085,144.4425,mfcc_regression/Ses03F_script02_1_M020.npy
Ses03F_script02_1_M021,Session3,exc,1.5,4.5,3.5,145.2867,152.2425,mfcc_regression/Ses03F_script02_1_M021.npy
Ses03F_script02_1_M022,Session3,neu,2.5,3.0,3.0,152.29,155.2425,mfcc_regression/Ses03F_script02_1_M022.npy
Ses03F_script02_1_M023,Session3,neu,3.0,3.0,3.0,156.3396,158.5056,mfcc_regression/Ses03F_script02_1_M023.npy
Ses03F_script02_1_M030,Session3,sur,2.5,2.5,3.0,235.0053,237.2725,mfcc_regression/Ses03F_script02_1_M030.npy
Ses03F_script02_1_M034,Session3,fru,2.5,4.0,4.0,270.18,277.0913,mfcc_regression/Ses03F_script02_1_M034.npy
Ses03F_script02_1_M036,Session3,exc,3.5,4.0,4.0,282.2533,290.5329,mfcc_regression/Ses03F_script02_1_M036.npy
Ses03F_script02_1_M038,Session3,exc,3.0,4.0,5.0,303.3267,314.3188,mfcc_regression/Ses03F_script02_1_M038.npy
Ses03F_script02_1_M039,Session3,exc,3.0,4.0,5.0,314.3795,327.0721,mfcc_regression/Ses03F_script02_1_M039.npy
Ses03F_script02_1_M040,Session3,exc,4.0,4.0,5.0,327.1329,335.12,mfcc_regression/Ses03F_script02_1_M040.npy
Ses03F_script02_1_M041,Session3,exc,4.0,3.5,5.0,335.1725,344.9875,mfcc_regression/Ses03F_script02_1_M041.npy
Ses03F_script02_1_M042,Session3,exc,4.5,5.0,5.0,345.0483,354.92,mfcc_regression/Ses03F_script02_1_M042.npy
Ses03F_script02_1_M044,Session3,neu,3.0,3.0,2.5,360.635,362.95,mfcc_regression/Ses03F_script02_1_M044.npy
Ses03M_impro05b_F000,Session3,neu,3.0,2.0,2.5,5.2466,7.93,mfcc_regression/Ses03M_impro05b_F000.npy
Ses03M_impro05b_F001,Session3,neu,3.0,3.0,3.0,15.935,20.6125,mfcc_regression/Ses03M_impro05b_F001.npy
Ses03M_impro05b_F002,Session3,neu,3.0,2.5,3.5,20.94,23.45,mfcc_regression/Ses03M_impro05b_F002.npy
Ses03M_impro05b_F003,Session3,neu,3.0,2.0,3.0,23.9,26.15,mfcc_regression/Ses03M_impro05b_F003.npy
Ses03M_impro05b_F004,Session3,neu,3.0,3.0,2.5,28.91,30.67,mfcc_regression/Ses03M_impro05b_F004.npy
Ses03M_impro05b_F005,Session3,neu,3.0,3.0,2.5,31.64,38.215,mfcc_regression/Ses03M_impro05b_F005.npy
Ses03M_impro05b_F006,Session3,neu,3.0,3.0,2.5,39.73,40.77,mfcc_regression/Ses03M_impro05b_F006.npy
Ses03M_impro05b_F007,Session3,neu,3.0,3.0,2.5,50.09,55.89,mfcc_regression/Ses03M_impro05b_F007.npy
Ses03M_impro05b_F008,Session3,neu,3.0,3.0,3.0,55.91,58.635,mfcc_regression/Ses03M_impro05b_F008.npy
Ses03M_impro05b_F009,Session3,neu,3.0,3.5,2.5,59.7475,62.15,mfcc_regression/Ses03M_impro05b_F009.npy
Ses03M_impro05b_F010,Session3,neu,2.5,3.5,3.5,64.06,68.16,mfcc_regression/Ses03M_impro05b_F010.npy
Ses03M_impro05b_F011,Session3,neu,3.0,3.5,2.5,71.09,77.81,mfcc_regression/Ses03M_impro05b_F011.npy
Ses03M_impro05b_F012,Session3,neu,2.5,3.0,3.0,81.52,85.5,mfcc_regression/Ses03M_impro05b_F012.npy
Ses03M_impro05b_F013,Session3,neu,3.0,3.5,2.5,92.37,96.17,mfcc_regression/Ses03M_impro05b_F013.npy
Ses03M_impro05b_F014,Session3,neu,2.5,3.5,2.5,101.76,103.87,mfcc_regression/Ses03M_impro05b_F014.npy
Ses03M_impro05b_F015,Session3,neu,3.0,3.0,2.5,105.74,108.77,mfcc_regression/Ses03M_impro05b_F015.npy
Ses03M_impro05b_F016,Session3,neu,3.0,3.5,2.5,110.04,118.68,mfcc_regression/Ses03M_impro05b_F016.npy
Ses03M_impro05b_F017,Session3,fru,2.5,2.5,3.5,120.54,124.29,mfcc_regression/Ses03M_impro05b_F017.npy
Ses03M_impro05b_F018,Session3,neu,3.0,3.0,2.5,142.47,144.38,mfcc_regression/Ses03M_impro05b_F018.npy
Ses03M_impro05b_F019,Session3,neu,2.5,3.0,2.5,145.8,153.13,mfcc_regression/Ses03M_impro05b_F019.npy
Ses03M_impro05b_F020,Session3,neu,2.5,3.5,2.5,153.145,159.61,mfcc_regression/Ses03M_impro05b_F020.npy
Ses03M_impro05b_F021,Session3,neu,2.5,3.0,3.0,161.48,168.58,mfcc_regression/Ses03M_impro05b_F021.npy
Ses03M_impro05b_F022,Session3,neu,2.5,2.5,2.5,168.58,170.04,mfcc_regression/Ses03M_impro05b_F022.npy
Ses03M_impro05b_F023,Session3,neu,3.0,3.0,3.0,170.61,177.53,mfcc_regression/Ses03M_impro05b_F023.npy
Ses03M_impro05b_F024,Session3,fru,2.5,2.5,2.5,186.06,187.86,mfcc_regression/Ses03M_impro05b_F024.npy
Ses03M_impro05b_F025,Session3,fru,3.0,3.0,2.0,191.17,196.95,mfcc_regression/Ses03M_impro05b_F025.npy
Ses03M_impro05b_F026,Session3,fru,3.0,2.0,2.0,202.95,205.0,mfcc_regression/Ses03M_impro05b_F026.npy
Ses03M_impro05b_F027,Session3,neu,2.5,2.5,1.5,207.73,209.53,mfcc_regression/Ses03M_impro05b_F027.npy
Ses03M_impro05b_F028,Session3,neu,3.0,3.0,2.5,212.48,215.76,mfcc_regression/Ses03M_impro05b_F028.npy
Ses03M_impro05b_F029,Session3,neu,3.0,2.5,2.0,218.89,221.71,mfcc_regression/Ses03M_impro05b_F029.npy
Ses03M_impro05b_F030,Session3,neu,3.0,3.5,2.0,221.8475,225.04,mfcc_regression/Ses03M_impro05b_F030.npy
Ses03M_impro05b_F031,Session3,fru,2.5,3.0,1.5,233.07,235.31,mfcc_regression/Ses03M_impro05b_F031.npy
Ses03M_impro05b_M001,Session3,fru,2.5,2.0,3.5,10.59,16.91,mfcc_regression/Ses03M_impro05b_M001.npy
Ses03M_impro05b_M002,Session3,fru,2.5,2.5,3.0,20.28,21.72,mfcc_regression/Ses03M_impro05b_M002.npy
Ses03M_impro05b_M003,Session3,fru,2.5,3.0,3.0,23.09,24.47,mfcc_regression/Ses03M_impro05b_M003.npy
Ses03M_impro05b_M004,Session3,fru,2.0,3.0,4.0,25.85,29.35,mfcc_regression/Ses03M_impro05b_M004.npy
Ses03M_impro05b_M005,Session3,fru,2.5,2.0,4.0,30.09,33.0,mfcc_regression/Ses03M_impro05b_M005.npy
Ses03M_impro05b_M006,Session3,fru,3.0,2.5,3.5,37.86,40.12,mfcc_regression/Ses03M_impro05b_M006.npy
Ses03M_impro05b_M007,Session3,fru,1.5,3.0,4.5,40.31,51.47,mfcc_regression/Ses03M_impro05b_M007.npy
Ses03M_impro05b_M008,Session3,ang,1.5,3.0,4.5,58.32,60.06,mfcc_regression/Ses03M_impro05b_M008.npy
Ses03M_impro05b_M010,Session3,fru,1.5,2.5,4.5,66.72,72.44,mfcc_regression/Ses03M_impro05b_M010.npy
Ses03M_impro05b_M011,Session3,ang,1.5,2.5,4.0,76.2,83.22,mfcc_regression/Ses03M_impro05b_M011.npy
Ses03M_impro05b_M013,Session3,ang,1.5,4.0,4.5,95.22,102.04,mfcc_regression/Ses03M_impro05b_M013.npy
Ses03M_impro05b_M014,Session3,ang,1.5,3.5,4.5,102.06,106.54,mfcc_regression/Ses03M_impro05b_M014.npy
Ses03M_impro05b_M015,Session3,ang,2.5,2.5,3.5,108.21,110.95,mfcc_regression/Ses03M_impro05b_M015.npy
Ses03M_impro05b_M016,Session3,ang,1.5,4.0,4.5,117.08,120.8,mfcc_regression/Ses03M_impro05b_M016.npy
Ses03M_impro05b_M017,Session3,fru,2.0,2.0,4.0,123.97,134.6925,mfcc_regression/Ses03M_impro05b_M017.npy
Ses03M_impro05b_M018,Session3,fru,2.0,3.0,4.5,134.72,142.87,mfcc_regression/Ses03M_impro05b_M018.npy
Ses03M_impro05b_M019,Session3,neu,3.5,3.0,3.5,144.25,146.215,mfcc_regression/Ses03M_impro05b_M019.npy
Ses03M_impro05b_M020,Session3,ang,2.0,3.5,4.5,157.97,161.94,mfcc_regression/Ses03M_impro05b_M020.npy
Ses03M_impro05b_M021,Session3,ang,1.5,3.5,4.5,167.08,168.81,mfcc_regression/Ses03M_impro05b_M021.npy
Ses03M_impro05b_M022,Session3,ang,1.5,4.0,4.5,169.02,171.5,mfcc_regression/Ses03M_impro05b_M022.npy
Ses03M_impro05b_M023,Session3,ang,1.5,2.5,4.5,174.24,178.54,mfcc_regression/Ses03M_impro05b_M023.npy
Ses03M_impro05b_M024,Session3,ang,1.5,3.5,4.5,178.54,183.5225,mfcc_regression/Ses03M_impro05b_M024.npy
Ses03M_impro05b_M025,Session3,ang,1.5,3.0,4.5,183.54,186.45,mfcc_regression/Ses03M_impro05b_M025.npy
Ses03M_impro05b_M026,Session3,ang,1.5,4.0,4.5,187.43,192.33,mfcc_regression/Ses03M_impro05b_M026.npy
Ses03M_impro05b_M027,Session3,ang,2.0,2.5,3.5,194.71,197.07,mfcc_regression/Ses03M_impro05b_M027.npy
Ses03M_impro05b_M028,Session3,fru,2.0,3.5,4.0,197.23,203.47,mfcc_regression/Ses03M_impro05b_M028.npy
Ses03M_impro05b_M029,Session3,ang,1.5,3.5,4.5,204.14,213.07,mfcc_regression/Ses03M_impro05b_M029.npy
Ses03M_impro05b_M030,Session3,fru,2.0,3.0,4.0,215.17,219.15,mfcc_regression/Ses03M_impro05b_M030.npy
Ses03M_impro05b_M031,Session3,ang,1.5,3.5,4.5,224.32,229.99,mfcc_regression/Ses03M_impro05b_M031.npy
Ses03M_impro05b_M032,Session3,ang,1.5,3.5,4.5,230.07,238.22,mfcc_regression/Ses03M_impro05b_M032.npy
Ses03M_impro05b_M033,Session3,ang,2.0,2.5,4.0,238.43,241.61,mfcc_regression/Ses03M_impro05b_M033.npy
Ses03F_impro04_F000,Session3,fru,2.0,3.5,4.0,5.5614,11.2375,mfcc_regression/Ses03F_impro04_F000.npy
Ses03F_impro04_F001,Session3,fru,2.5,2.5,3.5,12.2942,18.8317,mfcc_regression/Ses03F_impro04_F001.npy
Ses03F_impro04_F002,Session3,sad,2.0,3.5,4.0,20.1025,27.2761,mfcc_regression/Ses03F_impro04_F002.npy
Ses03F_impro04_F003,Session3,fru,2.0,3.5,4.0,27.3124,31.5255,mfcc_regression/Ses03F_impro04_F003.npy
Ses03F_impro04_F004,Session3,fru,2.0,3.0,3.0,34.6673,36.7918,mfcc_regression/Ses03F_impro04_F004.npy
Ses03F_impro04_F005,Session3,fru,2.0,4.0,4.0,36.8281,41.4952,mfcc_regression/Ses03F_impro04_F005.npy
Ses03F_impro04_F006,Session3,fru,1.5,3.0,3.5,44.5475,55.3075,mfcc_regression/Ses03F_impro04_F006.npy
Ses03F_impro04_F007,Session3,fru,1.5,3.5,4.0,61.6575,66.03,mfcc_regression/Ses03F_impro04_F007.npy
Ses03F_impro04_F008,Session3,fru,2.5,4.0,4.0,70.9323,80.5207,mfcc_regression/Ses03F_impro04_F008.npy
Ses03F_impro04_F009,Session3,fru,2.0,3.0,3.0,82.0098,84.7519,mfcc_regression/Ses03F_impro04_F009.npy
Ses03F_impro04_F010,Session3,fru,2.5,3.0,3.0,84.8246,87.5485,mfcc_regression/Ses03F_impro04_F010.npy
Ses03F_impro04_F011,Session3,sur,2.5,4.0,2.0,89.7277,91.3258,mfcc_regression/Ses03F_impro04_F011.npy
Ses03F_impro04_F012,Session3,fru,2.0,2.5,3.5,91.945,96.465,mfcc_regression/Ses03F_impro04_F012.npy
Ses03F_impro04_F013,Session3,fru,2.0,3.5,3.5,98.096,100.8415,mfcc_regression/Ses03F_impro04_F013.npy
Ses03F_impro04_F014,Session3,fru,3.0,3.0,2.5,100.9142,103.4825,mfcc_regression/Ses03F_impro04_F014.npy
Ses03F_impro04_F017,Session3,fru,2.5,2.5,3.0,124.0498,128.055,mfcc_regression/Ses03F_impro04_F017.npy
Ses03F_impro04_F018,Session3,fru,2.0,3.5,3.5,128.4808,134.0525,mfcc_regression/Ses03F_impro04_F018.npy
Ses03F_impro04_F021,Session3,fru,3.5,2.5,3.5,148.5575,151.4167,mfcc_regression/Ses03F_impro04_F021.npy
Ses03F_impro04_F022,Session3,sad,2.0,2.5,3.5,151.5619,156.9736,mfcc_regression/Ses03F_impro04_F022.npy
Ses03F_impro04_F023,Session3,sad,2.5,2.0,3.0,160.53,162.88,mfcc_regression/Ses03F_impro04_F023.npy
Ses03F_impro04_F024,Session3,sad,2.5,2.5,2.5,166.11,167.7325,mfcc_regression/Ses03F_impro04_F024.npy
Ses03F_impro04_F026,Session3,fru,4.5,3.0,3.5,173.1325,174.2525,mfcc_regression/Ses03F_impro04_F026.npy
Ses03F_impro04_M000,Session3,neu,3.5,2.5,3.0,10.6961,13.4928,mfcc_regression/Ses03F_impro04_M000.npy
Ses03F_impro04_M001,Session3,neu,2.5,3.0,3.0,17.833,20.6114,mfcc_regression/Ses03F_impro04_M001.npy
Ses03F_impro04_M002,Session3,neu,3.0,3.0,3.0,31.1078,34.9395,mfcc_regression/Ses03F_impro04_M002.npy
Ses03F_impro04_M003,Session3,neu,3.0,2.5,3.0,39.5521,42.7846,mfcc_regression/Ses03F_impro04_M003.npy
Ses03F_impro04_M004,Session3,neu,3.5,2.5,2.5,42.8209,45.0182,mfcc_regression/Ses03F_impro04_M004.npy
Ses03F_impro04_M005,Session3,neu,3.0,3.5,3.0,54.8427,57.4032,mfcc_regression/Ses03F_impro04_M005.npy
Ses03F_impro04_M006,Session3,neu,3.5,3.0,3.0,57.4577,60.2362,mfcc_regression/Ses03F_impro04_M006.npy
Ses03F_impro04_M007,Session3,neu,3.0,3.0,2.5,60.2906,62.6151,mfcc_regression/Ses03F_impro04_M007.npy
Ses03F_impro04_M008,Session3,neu,3.5,3.0,4.0,64.885,71.7132,mfcc_regression/Ses03F_impro04_M008.npy
Ses03F_impro04_M009,Session3,neu,2.0,2.5,3.5,78.065,82.6675,mfcc_regression/Ses03F_impro04_M009.npy
Ses03F_impro04_M010,Session3,neu,2.5,3.0,4.0,85.1514,90.4525,mfcc_regression/Ses03F_impro04_M010.npy
Ses03F_impro04_M011,Session3,neu,3.0,3.0,3.0,90.6176,91.9795,mfcc_regression/Ses03F_impro04_M011.npy
Ses03F_impro04_M012,Session3,neu,3.0,2.5,3.0,94.1587,100.442,mfcc_regression/Ses03F_impro04_M012.npy
Ses03F_impro04_M013,Session3,neu,3.5,2.5,2.5,110.4662,113.8985,mfcc_regression/Ses03F_impro04_M013.npy
Ses03F_impro04_M014,Session3,neu,2.5,2.5,3.0,122.2157,125.1925,mfcc_regression/Ses03F_impro04_M014.npy
Ses03F_impro04_M015,Session3,neu,3.0,2.5,3.0,133.5575,137.9057,mfcc_regression/Ses03F_impro04_M015.npy
Ses03F_impro04_M016,Session3,neu,4.0,3.5,3.5,146.6588,149.3464,mfcc_regression/Ses03F_impro04_M016.npy
Ses03F_impro04_M017,Session3,neu,3.5,3.0,3.0,157.3912,161.0958,mfcc_regression/Ses03F_impro04_M017.npy
Ses03F_impro04_M018,Session3,neu,3.0,2.5,3.0,162.21,166.605,mfcc_regression/Ses03F_impro04_M018.npy
Ses03F_impro04_M019,Session3,neu,3.5,3.5,3.0,167.2375,170.5875,mfcc_regression/Ses03F_impro04_M019.npy
Ses03F_script01_2_F000,Session3,ang,2.5,3.5,4.0,6.9026,9.7483,mfcc_regression/Ses03F_script01_2_F000.npy
Ses03F_script01_2_F001,Session3,ang,2.0,4.5,4.0,11.185,15.8191,mfcc_regression/Ses03F_script01_2_F001.npy
Ses03F_script01_2_F002,Session3,ang,2.0,3.5,3.5,18.2825,21.4083,mfcc_regression/Ses03F_script01_2_F002.npy
Ses03F_script01_2_F004,Session3,ang,2.5,3.0,3.5,35.4616,37.3442,mfcc_regression/Ses03F_script01_2_F004.npy
Ses03F_script01_2_F006,Session3,ang,2.0,3.5,4.0,43.4004,47.9389,mfcc_regression/Ses03F_script01_2_F006.npy
Ses03F_script01_2_F011,Session3,sad,2.0,4.0,3.5,69.9017,76.9065,mfcc_regression/Ses03F_script01_2_F011.npy
Ses03F_script01_2_F013,Session3,ang,2.0,4.0,4.0,87.1275,95.53,mfcc_regression/Ses03F_script01_2_F013.npy
Ses03F_script01_2_F015,Session3,ang,1.0,5.0,5.0,100.56,103.11,mfcc_regression/Ses03F_script01_2_F015.npy
Ses03F_script01_2_F016,Session3,ang,1.0,5.0,4.5,103.21,110.48,mfcc_regression/Ses03F_script01_2_F016.npy
Ses03F_script01_2_F018,Session3,sad,2.0,2.5,3.5,116.82,118.5,mfcc_regression/Ses03F_script01_2_F018.npy
Ses03F_script01_2_F020,Session3,sad,2.0,3.0,3.0,130.17,132.66,mfcc_regression/Ses03F_script01_2_F020.npy
Ses03F_script01_2_F021,Session3,sad,1.5,2.0,2.5,135.23,137.16,mfcc_regression/Ses03F_script01_2_F021.npy
Ses03F_script01_2_M001,Session3,neu,3.5,3.5,3.0,15.3375,18.745,mfcc_regression/Ses03F_script01_2_M001.npy
Ses03F_script01_2_M003,Session3,neu,3.0,3.5,3.0,33.5925,36.308,mfcc_regression/Ses03F_script01_2_M003.npy
Ses03F_script01_2_M004,Session3,neu,3.5,3.5,2.5,36.755,39.4018,mfcc_regression/Ses03F_script01_2_M004.npy
Ses03F_script01_2_M005,Session3,fru,2.5,3.5,3.5,42.0286,44.6116,mfcc_regression/Ses03F_script01_2_M005.npy
Ses03F_script01_2_M006,Session3,neu,2.0,3.0,3.0,47.3697,50.2592,mfcc_regression/Ses03F_script01_2_M006.npy
Ses03F_script01_2_M007,Session3,neu,3.0,3.0,2.5,62.2403,65.1005,mfcc_regression/Ses03F_script01_2_M007.npy
Ses03F_script01_2_M008,Session3,neu,3.0,2.5,2.5,83.3475,87.62,mfcc_regression/Ses03F_script01_2_M008.npy
Ses03F_script01_2_M009,Session3,neu,2.5,3.5,3.0,94.09,95.92,mfcc_regression/Ses03F_script01_2_M009.npy
Ses03F_script01_2_M010,Session3,fru,2.0,2.0,3.0,100.225,101.87,mfcc_regression/Ses03F_script01_2_M010.npy
Ses03F_script01_2_M011,Session3,ang,1.5,4.0,4.0,109.52,112.07,mfcc_regression/Ses03F_script01_2_M011.npy
Ses03F_script01_2_M012,Session3,fru,2.5,2.5,3.0,114.69,117.18,mfcc_regression/Ses03F_script01_2_M012.npy
Ses03F_script01_2_M013,Session3,ang,3.0,4.0,4.0,121.68,124.54,mfcc_regression/Ses03F_script01_2_M013.npy
Ses03F_script01_2_M014,Session3,ang,2.5,3.0,3.5,126.19,127.82,mfcc_regression/Ses03F_script01_2_M014.npy
Ses03F_script01_2_M015,Session3,ang,2.0,3.5,3.5,127.93,130.8225,mfcc_regression/Ses03F_script01_2_M015.npy
Ses03F_script01_2_M016,Session3,ang,2.5,3.0,4.0,132.61,135.37,mfcc_regression/Ses03F_script01_2_M016.npy
Ses03F_script01_2_M017,Session3,ang,1.5,3.5,4.0,135.53,137.66,mfcc_regression/Ses03F_script01_2_M017.npy
Ses03F_script01_2_M018,Session3,ang,1.5,3.5,5.0,137.7,140.56,mfcc_regression/Ses03F_script01_2_M018.npy
Ses03F_script01_3_F000,Session3,hap,4.0,3.5,3.0,6.9486,10.4025,mfcc_regression/Ses03F_script01_3_F000.npy
Ses03F_script01_3_F001,Session3,hap,4.0,4.0,3.0,14.0722,17.7377,mfcc_regression/Ses03F_script01_3_F001.npy
Ses03F_script01_3_F002,Session3,hap,4.0,3.0,3.0,19.7179,24.3946,mfcc_regression/Ses03F_script01_3_F002.npy
Ses03F_script01_3_F003,Session3,sad,3.0,3.0,3.0,26.775,30.6091,mfcc_regression/Ses03F_script01_3_F003.npy
Ses03F_script01_3_F005,Session3,fru,3.0,3.5,3.5,35.715,40.38,mfcc_regression/Ses03F_script01_3_F005.npy
Ses03F_script01_3_F008,Session3,sad,2.5,3.5,3.0,51.7594,55.8252,mfcc_regression/Ses03F_script01_3_F008.npy
Ses03F_script01_3_F011,Session3,hap,3.5,3.0,2.5,86.0762,87.9089,mfcc_regression/Ses03F_script01_3_F011.npy
Ses03F_script01_3_F012,Session3,hap,3.5,3.5,3.0,87.93,91.2584,mfcc_regression/Ses03F_script01_3_F012.npy
Ses03F_script01_3_F013,Session3,hap,4.0,3.0,3.5,101.8757,105.4359,mfcc_regression/Ses03F_script01_3_F013.npy
Ses03F_script01_3_F014,Session3,hap,3.5,4.5,3.5,137.64,142.0699,mfcc_regression/Ses03F_script01_3_F014.npy
Ses03F_script01_3_F018,Session3,hap,4.0,3.5,3.5,155.3925,157.4675,mfcc_regression/Ses03F_script01_3_F018.npy
Ses03F_script01_3_F021,Session3,hap,3.0,3.5,4.0,186.2034,196.7365,mfcc_regression/Ses03F_script01_3_F021.npy
Ses03F_script01_3_F023,Session3,hap,3.5,3.5,3.5,208.1754,214.7901,mfcc_regression/Ses03F_script01_3_F023.npy
Ses03F_script01_3_F025,Session3,sad,2.0,3.5,2.5,223.455,227.1981,mfcc_regression/Ses03F_script01_3_F025.npy
Ses03F_script01_3_F026,Session3,sad,2.0,3.5,3.5,229.1361,235.0347,mfcc_regression/Ses03F_script01_3_F026.npy
Ses03F_script01_3_F027,Session3,sad,2.5,3.0,3.0,242.9345,246.3472,mfcc_regression/Ses03F_script01_3_F027.npy
Ses03F_script01_3_F028,Session3,sad,2.0,3.5,3.5,247.6743,251.8454,mfcc_regression/Ses03F_script01_3_F028.npy
Ses03F_script01_3_F029,Session3,sad,3.0,2.0,2.5,258.1442,260.0823,mfcc_regression/Ses03F_script01_3_F029.npy
Ses03F_script01_3_F030,Session3,sad,2.0,3.5,2.5,261.9782,264.5272,mfcc_regression/Ses03F_script01_3_F030.npy
Ses03F_script01_3_F031,Session3,sad,2.0,2.0,3.0,266.044,269.3724,mfcc_regression/Ses03F_script01_3_F031.npy
Ses03F_script01_3_F032,Session3,sad,3.0,2.0,2.5,388.0379,391.4295,mfcc_regression/Ses03F_script01_3_F032.npy
Ses03F_script01_3_F033,Session3,sad,2.0,4.0,4.0,393.3676,401.9525,mfcc_regression/Ses03F_script01_3_F033.npy
Ses03F_script01_3_F035,Session3,hap,4.0,3.5,3.0,414.7775,419.3842,mfcc_regression/Ses03F_script01_3_F035.npy
Ses03F_script01_3_M000,Session3,hap,4.0,3.0,3.0,9.6272,14.6199,mfcc_regression/Ses03F_script01_3_M000.npy
Ses03F_script01_3_M001,Session3,neu,3.0,3.0,2.5,24.1418,27.386,mfcc_regression/Ses03F_script01_3_M001.npy
Ses03F_script01_3_M003,Session3,neu,2.5,3.0,3.0,39.7096,41.8584,mfcc_regression/Ses03F_script01_3_M003.npy
Ses03F_script01_3_M004,Session3,neu,3.0,2.5,3.0,49.6528,51.9069,mfcc_regression/Ses03F_script01_3_M004.npy
Ses03F_script01_3_M006,Session3,hap,2.5,4.0,3.0,65.1575,79.6931,mfcc_regression/Ses03F_script01_3_M006.npy
Ses03F_script01_3_M009,Session3,hap,3.5,3.0,2.5,96.23,102.0864,mfcc_regression/Ses03F_script01_3_M009.npy
Ses03F_script01_3_M010,Session3,hap,4.5,2.5,2.5,104.8461,107.7111,mfcc_regression/Ses03F_script01_3_M010.npy
Ses03F_script01_3_M011,Session3,hap,4.5,3.0,3.5,107.7532,109.8387,mfcc_regression/Ses03F_script01_3_M011.npy
Ses03F_script01_3_M012,Session3,hap,4.0,2.5,3.5,109.9441,113.0829,mfcc_regression/Ses03F_script01_3_M012.npy
Ses03F_script01_3_M013,Session3,hap,4.5,3.5,3.0,114.3047,121.404,mfcc_regression/Ses03F_script01_3_M013.npy
Ses03F_script01_3_M014,Session3,hap,3.0,3.0,3.5,121.5304,133.6645,mfcc_regression/Ses03F_script01_3_M014.npy
Ses03F_script01_3_M015,Session3,hap,3.0,3.0,4.0,133.7066,138.1825,mfcc_regression/Ses03F_script01_3_M015.npy
Ses03F_script01_3_M017,Session3,sur,2.0,2.0,2.5,149.0428,151.6128,mfcc_regression/Ses03F_script01_3_M017.npy
Ses03F_script01_3_M018,Session3,hap,3.5,2.5,2.5,153.9512,156.5844,mfcc_regression/Ses03F_script01_3_M018.npy
Ses03F_script01_3_M019,Session3,hap,4.0,3.0,2.5,156.905,159.34,mfcc_regression/Ses03F_script01_3_M019.npy
Ses03F_script01_3_M020,Session3,hap,4.0,2.5,3.5,166.8436,169.2873,mfcc_regression/Ses03F_script01_3_M020.npy
Ses03F_script01_3_M021,Session3,hap,3.5,2.5,2.5,169.4425,171.1525,mfcc_regression/Ses03F_script01_3_M021.npy
Ses03F_script01_3_M023,Session3,hap,4.0,3.0,3.5,196.6101,203.1616,mfcc_regression/Ses03F_script01_3_M023.npy
Ses03F_script01_3_M024,Session3,hap,3.0,3.5,2.5,206.9114,209.3129,mfcc_regression/Ses03F_script01_3_M024.npy
Ses03F_script01_3_M025,Session3,sad,3.5,3.0,3.0,219.7196,224.0125,mfcc_regression/Ses03F_script01_3_M025.npy
Ses03F_script01_3_M026,Session3,neu,2.5,3.5,3.0,226.3344,230.0841,mfcc_regression/Ses03F_script01_3_M026.npy
Ses03F_script01_3_M027,Session3,sad,3.5,3.0,3.0,233.9814,242.6817,mfcc_regression/Ses03F_script01_3_M027.npy
Ses03F_script01_3_M028,Session3,sad,3.5,3.0,2.5,245.2517,248.2431,mfcc_regression/Ses03F_script01_3_M028.npy
Ses03F_script01_3_M029,Session3,sad,2.5,3.0,3.5,253.2779,259.2186,mfcc_regression/Ses03F_script01_3_M029.npy
Ses03F_script01_3_M030,Session3,sad,2.0,3.0,2.5,259.682,262.0525,mfcc_regression/Ses03F_script01_3_M030.npy
Ses03F_script01_3_M031,Session3,sad,2.0,2.5,3.0,263.5792,266.676,mfcc_regression/Ses03F_script01_3_M031.npy
Ses03F_script01_3_M032,Session3,sad,2.5,2.5,3.5,268.16,274.7232,mfcc_regression/Ses03F_script01_3_M032.npy
Ses03F_script01_3_M033,Session3,sad,3.5,3.0,3.5,274.7654,285.4669,mfcc_regression/Ses03F_script01_3_M033.npy
Ses03F_script01_3_M034,Session3,sad,2.0,3.5,4.0,285.5301,300.3818,mfcc_regression/Ses03F_script01_3_M034.npy
Ses03F_script01_3_M035,Session3,sad,2.0,3.0,3.5,300.6556,306.7648,mfcc_regression/Ses03F_script01_3_M035.npy
Ses03F_script01_3_M036,Session3,sad,3.0,3.0,4.5,306.8325,320.1207,mfcc_regression/Ses03F_script01_3_M036.npy
Ses03F_script01_3_M037,Session3,sad,3.0,4.0,4.5,320.205,331.3279,mfcc_regression/Ses03F_script01_3_M037.npy
Ses03F_script01_3_M038,Session3,sad,2.0,3.0,4.0,331.3911,342.535,mfcc_regression/Ses03F_script01_3_M038.npy
Ses03F_script01_3_M039,Session3,sad,1.5,4.0,4.0,342.5982,356.8225,mfcc_regression/Ses03F_script01_3_M039.npy
Ses03F_script01_3_M040,Session3,sad,1.5,3.0,4.5,356.86,376.6975,mfcc_regression/Ses03F_script01_3_M040.npy
Ses03F_script01_3_M041,Session3,sad,2.5,3.0,3.5,376.775,381.1071,mfcc_regression/Ses03F_script01_3_M041.npy
Ses03F_script01_3_M042,Session3,sad,2.5,3.0,3.5,381.1703,384.0985,mfcc_regression/Ses03F_script01_3_M042.npy
Ses03F_script01_3_M043,Session3,sad,2.5,2.5,3.0,384.1825,387.8904,mfcc_regression/Ses03F_script01_3_M043.npy
Ses03F_script01_3_M045,Session3,hap,4.0,3.0,3.0,409.757,412.3271,mfcc_regression/Ses03F_script01_3_M045.npy
Ses03F_script01_3_M046,Session3,hap,4.5,2.5,3.5,412.4925,415.803,mfcc_regression/Ses03F_script01_3_M046.npy
Ses03F_script03_1_F000,Session3,neu,3.0,2.5,2.0,4.86,6.52,mfcc_regression/Ses03F_script03_1_F000.npy
Ses03F_script03_1_F001,Session3,neu,2.5,3.0,2.5,7.67,9.9216,mfcc_regression/Ses03F_script03_1_F001.npy
Ses03F_script03_1_F002,Session3,fea,2.0,3.0,3.0,10.7025,14.17,mfcc_regression/Ses03F_script03_1_F002.npy
Ses03F_script03_1_F003,Session3,fea,2.0,3.5,2.5,14.9625,16.93,mfcc_regression/Ses03F_script03_1_F003.npy
Ses03F_script03_1_F009,Session3,exc,2.5,3.5,2.5,60.18,63.8793,mfcc_regression/Ses03F_script03_1_F009.npy
Ses03F_script03_1_F014,Session3,sad,2.5,3.0,3.0,96.1525,98.98,mfcc_regression/Ses03F_script03_1_F014.npy
Ses03F_script03_1_F015,Session3,sad,2.5,3.5,2.5,100.29,105.39,mfcc_regression/Ses03F_script03_1_F015.npy
Ses03F_script03_1_F019,Session3,exc,3.5,4.0,4.5,159.3275,167.93,mfcc_regression/Ses03F_script03_1_F019.npy
Ses03F_script03_1_F021,Session3,hap,4.0,4.0,3.0,180.08,184.44,mfcc_regression/Ses03F_script03_1_F021.npy
Ses03F_script03_1_F025,Session3,hap,4.0,3.5,3.0,207.01,210.59,mfcc_regression/Ses03F_script03_1_F025.npy
Ses03F_script03_1_F026,Session3,hap,4.0,4.5,4.0,212.51,218.33,mfcc_regression/Ses03F_script03_1_F026.npy
Ses03F_script03_1_F027,Session3,exc,4.0,3.0,3.0,221.67,226.2,mfcc_regression/Ses03F_script03_1_F027.npy
Ses03F_script03_1_M004,Session3,neu,3.0,3.5,3.5,17.04,21.42,mfcc_regression/Ses03F_script03_1_M004.npy
Ses03F_script03_1_M005,Session3,neu,4.0,3.0,3.0,24.415,26.6375,mfcc_regression/Ses03F_script03_1_M005.npy
Ses03F_script03_1_M007,Session3,exc,4.0,3.5,4.0,38.69,43.42,mfcc_regression/Ses03F_script03_1_M007.npy
Ses03F_script03_1_M011,Session3,exc,3.5,3.5,3.5,63.42,66.3875,mfcc_regression/Ses03F_script03_1_M011.npy
Ses03F_script03_1_M013,Session3,exc,3.5,3.5,3.5,83.105,86.33,mfcc_regression/Ses03F_script03_1_M013.npy
Ses03F_script03_1_M020,Session3,exc,4.0,4.0,4.5,124.8432,143.13,mfcc_regression/Ses03F_script03_1_M020.npy
Ses03F_script03_1_M022,Session3,exc,3.0,3.5,3.0,169.91,174.37,mfcc_regression/Ses03F_script03_1_M022.npy
Ses03F_script03_1_M027,Session3,exc,3.5,2.5,3.0,204.58,207.14,mfcc_regression/Ses03F_script03_1_M027.npy
Ses03F_impro05_F000,Session3,fru,2.0,3.5,4.0,6.3183,13.3161,mfcc_regression/Ses03F_impro05_F000.npy
Ses03F_impro05_F001,Session3,fru,2.0,4.0,4.0,20.6762,29.5536,mfcc_regression/Ses03F_impro05_F001.npy
Ses03F_impro05_F002,Session3,ang,2.0,5.0,3.5,29.6894,33.1543,mfcc_regression/Ses03F_impro05_F002.npy
Ses03F_impro05_F003,Session3,fru,1.5,5.0,4.0,33.177,39.4875,mfcc_regression/Ses03F_impro05_F003.npy
Ses03F_impro05_F004,Session3,fru,2.0,3.5,4.0,42.1223,46.3119,mfcc_regression/Ses03F_impro05_F004.npy
Ses03F_impro05_F005,Session3,ang,2.5,4.0,4.0,50.7732,58.0654,mfcc_regression/Ses03F_impro05_F005.npy
Ses03F_impro05_F006,Session3,fru,1.5,4.5,4.0,62.7079,73.3744,mfcc_regression/Ses03F_impro05_F006.npy
Ses03F_impro05_F007,Session3,ang,1.5,4.0,4.5,80.3494,89.3854,mfcc_regression/Ses03F_impro05_F007.npy
Ses03F_impro05_F008,Session3,ang,1.5,4.5,4.0,89.4307,92.5106,mfcc_regression/Ses03F_impro05_F008.npy
Ses03F_impro05_F009,Session3,ang,2.0,4.0,3.5,96.451,100.4125,mfcc_regression/Ses03F_impro05_F009.npy
Ses03F_impro05_F010,Session3,ang,2.0,3.5,3.0,114.9079,116.9675,mfcc_regression/Ses03F_impro05_F010.npy
Ses03F_impro05_F011,Session3,ang,1.5,4.5,4.0,118.9842,124.675,mfcc_regression/Ses03F_impro05_F011.npy
Ses03F_impro05_F012,Session3,fru,2.0,3.5,3.5,130.398,136.1049,mfcc_regression/Ses03F_impro05_F012.npy
Ses03F_impro05_F013,Session3,fru,1.5,4.0,3.5,136.1728,140.453,mfcc_regression/Ses03F_impro05_F013.npy
Ses03F_impro05_F015,Session3,ang,1.5,4.5,4.5,148.7189,151.4592,mfcc_regression/Ses03F_impro05_F015.npy
Ses03F_impro05_F016,Session3,ang,1.5,4.5,5.0,151.885,157.234,mfcc_regression/Ses03F_impro05_F016.npy
Ses03F_impro05_F017,Session3,ang,2.0,4.0,4.0,158.95,162.1175,mfcc_regression/Ses03F_impro05_F017.npy
Ses03F_impro05_M000,Session3,fru,3.0,2.0,2.5,12.9085,20.6762,mfcc_regression/Ses03F_impro05_M000.npy
Ses03F_impro05_M001,Session3,fru,3.0,2.0,3.0,25.585,29.95,mfcc_regression/Ses03F_impro05_M001.npy
Ses03F_impro05_M002,Session3,fru,2.5,3.0,3.0,38.3875,42.462,mfcc_regression/Ses03F_impro05_M002.npy
Ses03F_impro05_M003,Session3,neu,3.0,3.0,3.0,45.2702,51.6338,mfcc_regression/Ses03F_impro05_M003.npy
Ses03F_impro05_M004,Session3,fru,3.5,3.0,3.0,57.1142,63.9987,mfcc_regression/Ses03F_impro05_M004.npy
Ses03F_impro05_M005,Session3,fru,3.0,3.5,3.5,72.85,81.9573,mfcc_regression/Ses03F_impro05_M005.npy
Ses03F_impro05_M006,Session3,fru,3.0,2.0,3.0,91.2197,97.6966,mfcc_regression/Ses03F_impro05_M006.npy
Ses03F_impro05_M008,Session3,neu,3.0,2.0,3.0,108.84,115.5872,mfcc_regression/Ses03F_impro05_M008.npy
Ses03F_impro05_M009,Session3,neu,3.0,3.0,3.0,116.4252,119.6183,mfcc_regression/Ses03F_impro05_M009.npy
Ses03F_impro05_M010,Session3,fru,3.5,3.0,3.5,124.2382,130.8736,mfcc_regression/Ses03F_impro05_M010.npy
Ses03F_impro05_M011,Session3,neu,4.0,2.5,3.0,139.1622,143.9179,mfcc_regression/Ses03F_impro05_M011.npy
Ses03F_impro05_M012,Session3,fru,3.5,3.0,3.0,146.5902,150.265,mfcc_regression/Ses03F_impro05_M012.npy
Ses03F_impro05_M013,Session3,neu,3.5,3.5,3.5,154.3,158.5275,mfcc_regression/Ses03F_impro05_M013.npy
Ses03F_impro05_M014,Session3,neu,4.0,3.0,4.0,158.6154,160.7215,mfcc_regression/Ses03F_impro05_M014.npy
Ses03M_script02_2_F000,Session3,ang,2.6667,2.6667,2.3333,7.2672,9.5454,mfcc_regression/Ses03M_script02_2_F000.npy
Ses03M_script02_2_F001,Session3,ang,2.3333,2.3333,2.6667,11.664,13.835,mfcc_regression/Ses03M_script02_2_F001.npy
Ses03M_script02_2_F002,Session3,ang,3.0,3.0,3.3333,17.815,25.0366,mfcc_regression/Ses03M_script02_2_F002.npy
Ses03M_script02_2_F003,Session3,ang,2.6667,3.6667,3.0,25.9251,37.4296,mfcc_regression/Ses03M_script02_2_F003.npy
Ses03M_script02_2_F004,Session3,ang,2.0,3.6667,3.0,40.414,43.7175,mfcc_regression/Ses03M_script02_2_F004.npy
Ses03M_script02_2_F007,Session3,fru,2.0,3.6667,3.3333,66.2252,70.1525,mfcc_regression/Ses03M_script02_2_F007.npy
Ses03M_script02_2_F008,Session3,fru,2.0,3.6667,3.3333,70.355,73.0125,mfcc_regression/Ses03M_script02_2_F008.npy
Ses03M_script02_2_F009,Session3,ang,2.3333,3.6667,3.0,75.2921,79.7801,mfcc_regression/Ses03M_script02_2_F009.npy
Ses03M_script02_2_F011,Session3,ang,1.6667,4.3333,4.3333,86.66,92.9249,mfcc_regression/Ses03M_script02_2_F011.npy
Ses03M_script02_2_F012,Session3,fru,2.0,3.6667,3.0,94.7246,104.8167,mfcc_regression/Ses03M_script02_2_F012.npy
Ses03M_script02_2_F013,Session3,ang,1.6667,4.6667,3.6667,104.865,113.5647,mfcc_regression/Ses03M_script02_2_F013.npy
Ses03M_script02_2_F014,Session3,fru,2.0,3.0,2.6667,114.1798,116.8908,mfcc_regression/Ses03M_script02_2_F014.npy
Ses03M_script02_2_F015,Session3,fru,2.0,3.3333,3.0,117.5742,124.8187,mfcc_regression/Ses03M_script02_2_F015.npy
Ses03M_script02_2_F016,Session3,ang,1.6667,4.3333,3.6667,130.2406,135.8676,mfcc_regression/Ses03M_script02_2_F016.npy
Ses03M_script02_2_F017,Session3,fru,2.3333,1.6667,1.6667,168.8321,173.7529,mfcc_regression/Ses03M_script02_2_F017.npy
Ses03M_script02_2_F018,Session3,sad,3.3333,2.0,2.3333,173.8212,177.5573,mfcc_regression/Ses03M_script02_2_F018.npy
Ses03M_script02_2_F023,Session3,sad,2.6667,2.6667,2.3333,232.3919,235.9685,mfcc_regression/Ses03M_script02_2_F023.npy
Ses03M_script02_2_F024,Session3,sad,2.3333,3.0,2.0,236.2191,239.8641,mfcc_regression/Ses03M_script02_2_F024.npy
Ses03M_script02_2_F025,Session3,sad,2.0,2.3333,2.0,244.6938,246.7669,mfcc_regression/Ses03M_script02_2_F025.npy
Ses03M_script02_2_F026,Session3,fru,2.0,2.3333,1.6667,249.9335,252.166,mfcc_regression/Ses03M_script02_2_F026.npy
Ses03M_script02_2_F027,Session3,fru,2.0,2.3333,1.6667,253.1456,254.8314,mfcc_regression/Ses03M_script02_2_F027.npy
Ses03M_script02_2_F028,Session3,fru,2.0,3.6667,3.0,257.7474,260.555,mfcc_regression/Ses03M_script02_2_F028.npy
Ses03M_script02_2_F029,Session3,fru,1.3333,4.0,3.6667,262.3575,266.6321,mfcc_regression/Ses03M_script02_2_F029.npy
Ses03M_script02_2_F030,Session3,fru,1.6667,3.3333,3.0,266.6777,268.8419,mfcc_regression/Ses03M_script02_2_F030.npy
Ses03M_script02_2_F031,Session3,ang,2.0,3.3333,2.6667,276.1319,280.5515,mfcc_regression/Ses03M_script02_2_F031.npy
Ses03M_script02_2_F032,Session3,fru,1.6667,3.3333,3.0,316.2726,325.294,mfcc_regression/Ses03M_script02_2_F032.npy
Ses03M_script02_2_F033,Session3,ang,2.0,3.6667,3.0,326.5241,332.2422,mfcc_regression/Ses03M_script02_2_F033.npy
Ses03M_script02_2_F034,Session3,sad,2.3333,3.0,2.0,334.2698,345.6376,mfcc_regression/Ses03M_script02_2_F034.npy
Ses03M_script02_2_F035,Session3,sad,2.3333,3.6667,2.6667,346.7539,352.472,mfcc_regression/Ses03M_script02_2_F035.npy
Ses03M_script02_2_F036,Session3,sad,2.3333,3.6667,3.0,352.54,356.9827,mfcc_regression/Ses03M_script02_2_F036.npy
Ses03M_script02_2_F037,Session3,sad,2.3333,3.3333,2.6667,359.2836,361.5618,mfcc_regression/Ses03M_script02_2_F037.npy
Ses03M_script02_2_F038,Session3,sad,2.3333,3.6667,2.3333,364.6828,370.6743,mfcc_regression/Ses03M_script02_2_F038.npy
Ses03M_script02_2_F040,Session3,sad,2.3333,2.6667,2.3333,374.6154,384.7303,mfcc_regression/Ses03M_script02_2_F040.npy
Ses03M_script02_2_F041,Session3,sad,3.3333,2.3333,2.3333,391.1774,399.6521,mfcc_regression/Ses03M_script02_2_F041.npy
Ses03M_script02_2_F042,Session3,hap,4.0,2.3333,2.3333,407.0332,411.4072,mfcc_regression/Ses03M_script02_2_F042.npy
Ses03M_script02_2_F044,Session3,hap,4.0,2.3333,2.0,419.6312,422.8025,mfcc_regression/Ses03M_script02_2_F044.npy
Ses03M_script02_2_F046,Session3,hap,4.0,2.6667,2.3333,432.5027,438.0385,mfcc_regression/Ses03M_script02_2_F046.npy
Ses03M_script02_2_F047,Session3,hap,4.0,2.0,2.0,438.6992,443.506,mfcc_regression/Ses03M_script02_2_F047.npy
Ses03M_script02_2_F048,Session3,hap,3.3333,2.3333,2.0,444.3034,447.0144,mfcc_regression/Ses03M_script02_2_F048.npy
Ses03M_script02_2_F049,Session3,hap,4.0,2.6667,2.0,450.0443,454.8511,mfcc_regression/Ses03M_script02_2_F049.npy
Ses03M_script02_2_M000,Session3,exc,3.3333,3.0,2.3333,5.2815,8.0225,mfcc_regression/Ses03M_script02_2_M000.npy
Ses03M_script02_2_M001,Session3,fru,2.6667,3.3333,3.0,8.953,11.5957,mfcc_regression/Ses03M_script02_2_M001.npy
Ses03M_script02_2_M002,Session3,fru,3.0,3.6667,4.0,13.122,18.365,mfcc_regression/Ses03M_script02_2_M002.npy
Ses03M_script02_2_M003,Session3,fru,2.6667,3.0,2.6667,24.2165,27.6565,mfcc_regression/Ses03M_script02_2_M003.npy
Ses03M_script02_2_M004,Session3,fru,3.0,3.0,1.6667,37.703,41.1886,mfcc_regression/Ses03M_script02_2_M004.npy
Ses03M_script02_2_M005,Session3,fru,2.3333,3.0,3.6667,43.0111,45.6081,mfcc_regression/Ses03M_script02_2_M005.npy
Ses03M_script02_2_M006,Session3,fru,2.3333,3.0,3.0,54.6979,67.182,mfcc_regression/Ses03M_script02_2_M006.npy
Ses03M_script02_2_M007,Session3,fru,2.3333,3.6667,3.6667,69.5057,71.3282,mfcc_regression/Ses03M_script02_2_M007.npy
Ses03M_script02_2_M008,Session3,fru,2.3333,3.3333,3.0,72.3534,75.8845,mfcc_regression/Ses03M_script02_2_M008.npy
Ses03M_script02_2_M009,Session3,fru,3.0,3.0,2.0,79.9851,83.3225,mfcc_regression/Ses03M_script02_2_M009.npy
Ses03M_script02_2_M010,Session3,fru,2.6667,2.3333,2.3333,83.5617,87.2975,mfcc_regression/Ses03M_script02_2_M010.npy
Ses03M_script02_2_M011,Session3,fru,2.6667,2.3333,2.3333,92.0819,95.0891,mfcc_regression/Ses03M_script02_2_M011.npy
Ses03M_script02_2_M012,Session3,fru,2.3333,2.3333,2.6667,112.3345,114.9544,mfcc_regression/Ses03M_script02_2_M012.npy
Ses03M_script02_2_M013,Session3,fru,3.3333,2.6667,3.3333,115.9112,118.2804,mfcc_regression/Ses03M_script02_2_M013.npy
Ses03M_script02_2_M014,Session3,neu,3.0,2.3333,2.6667,125.4337,131.2202,mfcc_regression/Ses03M_script02_2_M014.npy
Ses03M_script02_2_M015,Session3,fru,2.0,4.0,3.0,134.569,144.5472,mfcc_regression/Ses03M_script02_2_M015.npy
Ses03M_script02_2_M017,Session3,neu,2.6667,3.0,2.6667,151.0875,161.6104,mfcc_regression/Ses03M_script02_2_M017.npy
Ses03M_script02_2_M018,Session3,fru,3.0,3.0,2.6667,161.6788,168.217,mfcc_regression/Ses03M_script02_2_M018.npy
Ses03M_script02_2_M019,Session3,neu,3.3333,2.6667,2.0,202.4117,207.1274,mfcc_regression/Ses03M_script02_2_M019.npy
Ses03M_script02_2_M020,Session3,neu,3.0,2.0,2.6667,215.3059,221.4113,mfcc_regression/Ses03M_script02_2_M020.npy
Ses03M_script02_2_M021,Session3,neu,3.0,2.0,2.3333,221.4875,230.3075,mfcc_regression/Ses03M_script02_2_M021.npy
Ses03M_script02_2_M022,Session3,neu,3.3333,2.3333,3.0,230.4775,232.51,mfcc_regression/Ses03M_script02_2_M022.npy
Ses03M_script02_2_M024,Session3,fru,3.3333,3.0,2.3333,246.4024,250.7125,mfcc_regression/Ses03M_script02_2_M024.npy
Ses03M_script02_2_M025,Session3,fru,3.3333,3.0,2.3333,251.3687,253.9658,mfcc_regression/Ses03M_script02_2_M025.npy
Ses03M_script02_2_M026,Session3,fru,2.0,2.3333,2.6667,254.0569,258.3529,mfcc_regression/Ses03M_script02_2_M026.npy
Ses03M_script02_2_M028,Session3,ang,2.3333,3.0,3.3333,279.8909,283.0347,mfcc_regression/Ses03M_script02_2_M028.npy
Ses03M_script02_2_M029,Session3,ang,2.0,4.0,4.3333,283.103,293.0584,mfcc_regression/Ses03M_script02_2_M029.npy
Ses03M_script02_2_M030,Session3,ang,2.0,3.3333,3.3333,293.104,307.98,mfcc_regression/Ses03M_script02_2_M030.npy
Ses03M_script02_2_M031,Session3,ang,1.6667,3.3333,4.3333,308.1,316.9332,mfcc_regression/Ses03M_script02_2_M031.npy
Ses03M_script02_2_M032,Session3,ang,2.0,3.0,4.0,318.9835,321.2844,mfcc_regression/Ses03M_script02_2_M032.npy
Ses03M_script02_2_M033,Session3,ang,3.0,3.0,3.3333,324.8155,326.7292,mfcc_regression/Ses03M_script02_2_M033.npy
Ses03M_script02_2_M035,Session3,fru,2.3333,2.3333,2.3333,344.6125,347.4575,mfcc_regression/Ses03M_script02_2_M035.npy
Ses03M_script02_2_M036,Session3,sad,2.6667,2.6667,2.0,356.7321,360.3999,mfcc_regression/Ses03M_script02_2_M036.npy
Ses03M_script02_2_M037,Session3,sad,2.3333,2.6667,2.3333,360.5366,365.3662,mfcc_regression/Ses03M_script02_2_M037.npy
Ses03M_script02_2_M041,Session3,hap,3.6667,2.6667,2.6667,404.6184,407.845,mfcc_regression/Ses03M_script02_2_M041.npy
Ses03M_script02_2_M042,Session3,hap,3.6667,2.6667,2.6667,416.2368,420.2919,mfcc_regression/Ses03M_script02_2_M042.npy
Ses03M_script02_2_M045,Session3,hap,4.0,2.6667,3.0,445.1235,451.2517,mfcc_regression/Ses03M_script02_2_M045.npy
Ses03M_script02_2_M046,Session3,hap,3.6667,2.6667,2.0,454.4866,457.2204,mfcc_regression/Ses03M_script02_2_M046.npy
Ses03M_impro05a_F000,Session3,neu,3.5,2.5,2.5,5.73,7.53,mfcc_regression/Ses03M_impro05a_F000.npy
Ses03M_impro05a_F001,Session3,neu,3.5,2.0,2.5,11.22,14.59,mfcc_regression/Ses03M_impro05a_F001.npy
Ses03M_impro05a_F002,Session3,neu,2.0,2.5,3.0,17.32,22.2,mfcc_regression/Ses03M_impro05a_F002.npy
Ses03M_impro05a_F003,Session3,fru,2.5,3.0,2.5,24.09,27.76,mfcc_regression/Ses03M_impro05a_F003.npy
Ses03M_impro05a_F004,Session3,fru,3.0,3.5,2.5,28.11,33.9325,mfcc_regression/Ses03M_impro05a_F004.npy
Ses03M_impro05a_F005,Session3,neu,3.0,2.5,2.0,34.16,35.85,mfcc_regression/Ses03M_impro05a_F005.npy
Ses03M_impro05a_F006,Session3,fru,3.5,2.0,2.5,38.175,42.27,mfcc_regression/Ses03M_impro05a_F006.npy
Ses03M_impro05a_F007,Session3,neu,2.5,3.0,3.0,49.4,53.89,mfcc_regression/Ses03M_impro05a_F007.npy
Ses03M_impro05a_F008,Session3,neu,3.0,2.5,3.0,54.49,57.02,mfcc_regression/Ses03M_impro05a_F008.npy
Ses03M_impro05a_F009,Session3,neu,3.0,2.5,3.0,59.01,61.82,mfcc_regression/Ses03M_impro05a_F009.npy
Ses03M_impro05a_F010,Session3,fru,2.0,2.5,2.5,65.77,67.72,mfcc_regression/Ses03M_impro05a_F010.npy
Ses03M_impro05a_F011,Session3,neu,3.0,2.0,2.0,71.54,73.33,mfcc_regression/Ses03M_impro05a_F011.npy
Ses03M_impro05a_F012,Session3,neu,2.5,3.0,3.0,74.25,80.89,mfcc_regression/Ses03M_impro05a_F012.npy
Ses03M_impro05a_F014,Session3,neu,3.5,2.5,2.5,90.9925,92.21,mfcc_regression/Ses03M_impro05a_F014.npy
Ses03M_impro05a_F015,Session3,fru,2.5,3.0,3.0,93.18,96.71,mfcc_regression/Ses03M_impro05a_F015.npy
Ses03M_impro05a_F016,Session3,neu,2.5,3.0,3.0,101.69,107.76,mfcc_regression/Ses03M_impro05a_F016.npy
Ses03M_impro05a_F018,Session3,ang,3.0,3.5,4.0,115.88,119.74,mfcc_regression/Ses03M_impro05a_F018.npy
Ses03M_impro05a_F019,Session3,fru,3.5,2.5,2.5,120.34,122.94,mfcc_regression/Ses03M_impro05a_F019.npy
Ses03M_impro05a_F020,Session3,fru,3.0,3.5,3.5,122.98,129.55,mfcc_regression/Ses03M_impro05a_F020.npy
Ses03M_impro05a_F021,Session3,neu,3.0,3.0,2.5,130.13,131.39,mfcc_regression/Ses03M_impro05a_F021.npy
Ses03M_impro05a_F023,Session3,neu,3.0,3.0,3.0,134.62,139.06,mfcc_regression/Ses03M_impro05a_F023.npy
Ses03M_impro05a_F024,Session3,neu,3.0,3.0,3.0,140.49,141.87,mfcc_regression/Ses03M_impro05a_F024.npy
Ses03M_impro05a_F025,Session3,neu,3.0,2.5,3.5,143.29,145.77,mfcc_regression/Ses03M_impro05a_F025.npy
Ses03M_impro05a_F027,Session3,fru,2.0,3.0,2.5,153.89,155.71,mfcc_regression/Ses03M_impro05a_F027.npy
Ses03M_impro05a_F028,Session3,ang,2.5,2.5,3.5,156.69,157.98,mfcc_regression/Ses03M_impro05a_F028.npy
Ses03M_impro05a_M000,Session3,ang,2.0,4.0,4.5,7.17,11.72,mfcc_regression/Ses03M_impro05a_M000.npy
Ses03M_impro05a_M001,Session3,ang,1.5,4.0,4.5,13.83,17.78,mfcc_regression/Ses03M_impro05a_M001.npy
Ses03M_impro05a_M002,Session3,ang,1.5,4.0,4.5,21.76,25.02,mfcc_regression/Ses03M_impro05a_M002.npy
Ses03M_impro05a_M003,Session3,ang,2.5,3.0,4.0,26.95,28.6507,mfcc_regression/Ses03M_impro05a_M003.npy
Ses03M_impro05a_M004,Session3,ang,2.5,3.0,3.0,29.44,30.5,mfcc_regression/Ses03M_impro05a_M004.npy
Ses03M_impro05a_M005,Session3,ang,2.5,3.0,3.5,33.53,34.59,mfcc_regression/Ses03M_impro05a_M005.npy
Ses03M_impro05a_M006,Session3,ang,1.5,4.0,4.5,34.94,37.05,mfcc_regression/Ses03M_impro05a_M006.npy
Ses03M_impro05a_M007,Session3,ang,1.5,4.0,3.5,37.0975,38.98,mfcc_regression/Ses03M_impro05a_M007.npy
Ses03M_impro05a_M010,Session3,ang,2.0,3.5,4.0,53.11,55.07,mfcc_regression/Ses03M_impro05a_M010.npy
Ses03M_impro05a_M011,Session3,ang,2.5,4.0,3.5,56.55,59.74,mfcc_regression/Ses03M_impro05a_M011.npy
Ses03M_impro05a_M012,Session3,ang,1.5,4.5,4.5,60.95,66.43,mfcc_regression/Ses03M_impro05a_M012.npy
Ses03M_impro05a_M013,Session3,ang,2.0,4.0,4.5,67.1,72.19,mfcc_regression/Ses03M_impro05a_M013.npy
Ses03M_impro05a_M014,Session3,ang,2.5,3.5,4.0,72.64,74.1625,mfcc_regression/Ses03M_impro05a_M014.npy
Ses03M_impro05a_M016,Session3,ang,1.5,4.5,4.5,87.19,91.3275,mfcc_regression/Ses03M_impro05a_M016.npy
Ses03M_impro05a_M017,Session3,ang,1.5,4.5,5.0,91.36,94.47,mfcc_regression/Ses03M_impro05a_M017.npy
Ses03M_impro05a_M018,Session3,ang,1.0,5.0,5.0,96.24,102.32,mfcc_regression/Ses03M_impro05a_M018.npy
Ses03M_impro05a_M020,Session3,ang,2.0,4.5,4.5,113.59,116.3,mfcc_regression/Ses03M_impro05a_M020.npy
Ses03M_impro05a_M021,Session3,ang,1.5,4.5,4.5,119.01,120.88,mfcc_regression/Ses03M_impro05a_M021.npy
Ses03M_impro05a_M022,Session3,ang,2.5,2.5,3.0,126.79,130.58,mfcc_regression/Ses03M_impro05a_M022.npy
Ses03M_impro05a_M023,Session3,ang,1.5,4.0,4.5,133.9,135.21,mfcc_regression/Ses03M_impro05a_M023.npy
Ses03M_impro05a_M024,Session3,ang,1.5,4.0,4.5,138.5675,140.99,mfcc_regression/Ses03M_impro05a_M024.npy
Ses03M_impro05a_M025,Session3,ang,2.0,4.0,4.5,141.2,143.71,mfcc_regression/Ses03M_impro05a_M025.npy
Ses03M_impro05a_M026,Session3,ang,2.5,3.5,4.0,145.05,151.19,mfcc_regression/Ses03M_impro05a_M026.npy
Ses03M_impro05a_M027,Session3,ang,2.5,3.0,3.5,152.29,154.61,mfcc_regression/Ses03M_impro05a_M027.npy
Ses03M_impro05a_M028,Session3,ang,2.5,3.0,3.0,156.045,159.485,mfcc_regression/Ses03M_impro05a_M028.npy
Ses03M_impro05a_M029,Session3,ang,3.0,2.5,3.5,160.05,162.53,mfcc_regression/Ses03M_impro05a_M029.npy
Ses03M_impro05a_M030,Session3,exc,4.5,4.5,4.0,162.76,167.4425,mfcc_regression/Ses03M_impro05a_M030.npy
Ses03F_impro07_F001,Session3,hap,4.0,2.0,2.5,10.4226,13.5866,mfcc_regression/Ses03F_impro07_F001.npy
Ses03F_impro07_F003,Session3,sur,4.0,3.5,2.5,16.3565,20.265,mfcc_regression/Ses03F_impro07_F003.npy
Ses03F_impro07_F004,Session3,hap,4.0,3.0,3.0,24.6223,27.0419,mfcc_regression/Ses03F_impro07_F004.npy
Ses03F_impro07_F005,Session3,hap,4.0,3.5,2.5,27.1514,30.995,mfcc_regression/Ses03F_impro07_F005.npy
Ses03F_impro07_F007,Session3,exc,4.5,3.5,2.5,40.4095,44.5589,mfcc_regression/Ses03F_impro07_F007.npy
Ses03F_impro07_F008,Session3,exc,4.5,3.5,3.0,45.8836,49.4527,mfcc_regression/Ses03F_impro07_F008.npy
Ses03F_impro07_F009,Session3,exc,4.0,3.5,2.5,49.4855,61.419,mfcc_regression/Ses03F_impro07_F009.npy
Ses03F_impro07_F011,Session3,exc,3.5,3.5,2.5,67.6266,70.5826,mfcc_regression/Ses03F_impro07_F011.npy
Ses03F_impro07_F012,Session3,hap,4.0,3.0,2.5,70.6125,72.7503,mfcc_regression/Ses03F_impro07_F012.npy
Ses03F_impro07_F013,Session3,hap,4.5,3.0,2.5,75.4764,80.6658,mfcc_regression/Ses03F_impro07_F013.npy
Ses03F_impro07_F014,Session3,exc,5.0,3.5,2.5,81.1366,83.7094,mfcc_regression/Ses03F_impro07_F014.npy
Ses03F_impro07_F015,Session3,neu,4.5,3.0,2.0,84.005,86.5888,mfcc_regression/Ses03F_impro07_F015.npy
Ses03F_impro07_F016,Session3,exc,4.5,2.5,2.5,89.9498,97.2632,mfcc_regression/Ses03F_impro07_F016.npy
Ses03F_impro07_F017,Session3,hap,4.5,2.5,2.5,97.6125,99.7,mfcc_regression/Ses03F_impro07_F017.npy
Ses03F_impro07_F019,Session3,hap,4.0,3.0,2.5,103.2409,105.8246,mfcc_regression/Ses03F_impro07_F019.npy
Ses03F_impro07_F020,Session3,exc,4.0,3.5,2.0,108.9339,114.0576,mfcc_regression/Ses03F_impro07_F020.npy
Ses03F_impro07_F021,Session3,exc,4.5,3.0,2.5,116.5538,120.1338,mfcc_regression/Ses03F_impro07_F021.npy
Ses03F_impro07_F022,Session3,exc,4.0,2.0,2.0,122.5534,126.7125,mfcc_regression/Ses03F_impro07_F022.npy
Ses03F_impro07_F023,Session3,hap,4.0,3.0,2.5,132.2534,135.5707,mfcc_regression/Ses03F_impro07_F023.npy
Ses03F_impro07_F025,Session3,hap,4.0,2.5,2.5,140.2075,142.6103,mfcc_regression/Ses03F_impro07_F025.npy
Ses03F_impro07_F026,Session3,exc,4.0,3.5,2.5,144.34,152.4965,mfcc_regression/Ses03F_impro07_F026.npy
Ses03F_impro07_F027,Session3,exc,4.0,3.0,2.0,152.53,154.8175,mfcc_regression/Ses03F_impro07_F027.npy
Ses03F_impro07_F028,Session3,exc,4.0,3.5,2.5,155.9342,157.664,mfcc_regression/Ses03F_impro07_F028.npy
Ses03F_impro07_F029,Session3,exc,4.0,3.0,2.5,157.7525,161.56,mfcc_regression/Ses03F_impro07_F029.npy
Ses03F_impro07_F031,Session3,neu,4.0,2.5,3.0,168.3494,171.4587,mfcc_regression/Ses03F_impro07_F031.npy
Ses03F_impro07_F032,Session3,hap,4.0,4.0,3.0,171.6557,177.8524,mfcc_regression/Ses03F_impro07_F032.npy
Ses03F_impro07_F034,Session3,hap,4.0,3.5,2.5,181.6076,184.049,mfcc_regression/Ses03F_impro07_F034.npy
Ses03F_impro07_F035,Session3,hap,5.0,3.0,2.5,190.1909,192.1616,mfcc_regression/Ses03F_impro07_F035.npy
Ses03F_impro07_M000,Session3,neu,4.0,2.5,2.0,5.1689,7.6856,mfcc_regression/Ses03F_impro07_M000.npy
Ses03F_impro07_M001,Session3,neu,4.0,2.0,2.0,9.284,11.0248,mfcc_regression/Ses03F_impro07_M001.npy
Ses03F_impro07_M003,Session3,neu,4.0,2.5,2.5,15.0537,16.7835,mfcc_regression/Ses03F_impro07_M003.npy
Ses03F_impro07_M004,Session3,neu,4.0,2.0,2.0,19.8052,21.951,mfcc_regression/Ses03F_impro07_M004.npy
Ses03F_impro07_M008,Session3,exc,4.0,3.5,2.0,39.8402,41.3511,mfcc_regression/Ses03F_impro07_M008.npy
Ses03F_impro07_M009,Session3,sur,4.0,3.5,2.0,41.7343,43.3984,mfcc_regression/Ses03F_impro07_M009.npy
Ses03F_impro07_M011,Session3,exc,4.0,3.5,2.5,48.4564,50.2191,mfcc_regression/Ses03F_impro07_M011.npy
Ses03F_impro07_M012,Session3,neu,4.0,2.5,2.0,67.3201,68.6995,mfcc_regression/Ses03F_impro07_M012.npy
Ses03F_impro07_M013,Session3,exc,4.0,2.5,2.0,72.0606,76.4727,mfcc_regression/Ses03F_impro07_M013.npy
Ses03F_impro07_M014,Session3,exc,4.0,2.5,2.5,79.0345,81.3884,mfcc_regression/Ses03F_impro07_M014.npy
Ses03F_impro07_M015,Session3,exc,4.5,3.5,3.0,81.8154,84.4101,mfcc_regression/Ses03F_impro07_M015.npy
Ses03F_impro07_M017,Session3,sur,4.0,3.0,2.5,92.1833,94.5481,mfcc_regression/Ses03F_impro07_M017.npy
Ses03F_impro07_M018,Session3,sur,4.0,2.0,2.5,96.1027,104.0948,mfcc_regression/Ses03F_impro07_M018.npy
Ses03F_impro07_M019,Session3,exc,4.0,3.0,2.5,104.9378,109.3828,mfcc_regression/Ses03F_impro07_M019.npy
Ses03F_impro07_M021,Session3,neu,4.0,2.5,2.5,113.5431,116.9675,mfcc_regression/Ses03F_impro07_M021.npy
Ses03F_impro07_M022,Session3,exc,4.0,2.5,3.0,119.4441,123.1555,mfcc_regression/Ses03F_impro07_M022.npy
Ses03F_impro07_M023,Session3,neu,4.0,2.5,3.0,126.2319,127.907,mfcc_regression/Ses03F_impro07_M023.npy
Ses03F_impro07_M025,Session3,neu,4.0,2.5,2.5,141.4389,144.6125,mfcc_regression/Ses03F_impro07_M025.npy
Ses03F_impro07_M026,Session3,exc,4.0,3.5,2.5,154.3796,158.0034,mfcc_regression/Ses03F_impro07_M026.npy
Ses03F_impro07_M027,Session3,exc,4.0,2.5,2.5,158.3319,159.5033,mfcc_regression/Ses03F_impro07_M027.npy
Ses03F_impro07_M028,Session3,exc,4.0,2.5,2.5,161.0689,163.7621,mfcc_regression/Ses03F_impro07_M028.npy
Ses03F_impro07_M029,Session3,exc,4.0,3.5,2.5,165.9846,167.3093,mfcc_regression/Ses03F_impro07_M029.npy
Ses03F_impro07_M032,Session3,exc,4.0,3.0,3.0,179.1661,180.2391,mfcc_regression/Ses03F_impro07_M032.npy
Ses03F_impro07_M033,Session3,neu,4.0,2.5,2.5,180.5347,182.2754,mfcc_regression/Ses03F_impro07_M033.npy
Ses03F_impro07_M034,Session3,hap,4.5,3.5,2.5,183.7534,185.6803,mfcc_regression/Ses03F_impro07_M034.npy
Ses03F_impro07_M035,Session3,hap,4.0,3.5,2.5,191.7127,194.0118,mfcc_regression/Ses03F_impro07_M035.npy
Ses03F_script01_1_F004,Session3,neu,2.6667,3.0,2.6667,34.2398,36.7304,mfcc_regression/Ses03F_script01_1_F004.npy
Ses03F_script01_1_F005,Session3,neu,2.0,1.6667,2.3333,42.1223,45.5709,mfcc_regression/Ses03F_script01_1_F005.npy
Ses03F_script01_1_F007,Session3,neu,2.3333,2.6667,3.0,58.8453,62.8961,mfcc_regression/Ses03F_script01_1_F007.npy
Ses03F_script01_1_F010,Session3,neu,2.0,3.6667,2.6667,80.0844,83.05,mfcc_regression/Ses03F_script01_1_F010.npy
Ses03F_script01_1_F011,Session3,fru,2.3333,3.6667,3.6667,88.2406,91.1145,mfcc_regression/Ses03F_script01_1_F011.npy
Ses03F_script01_1_F012,Session3,fru,2.6667,3.3333,3.6667,96.8622,99.6265,mfcc_regression/Ses03F_script01_1_F012.npy
Ses03F_script01_1_F013,Session3,fru,2.0,2.6667,2.6667,100.6119,107.0438,mfcc_regression/Ses03F_script01_1_F013.npy
Ses03F_script01_1_F014,Session3,neu,2.6667,2.6667,2.3333,121.1393,124.3416,mfcc_regression/Ses03F_script01_1_F014.npy
Ses03F_script01_1_F017,Session3,ang,2.0,4.3333,4.0,136.6033,145.9638,mfcc_regression/Ses03F_script01_1_F017.npy
Ses03F_script01_1_F018,Session3,fru,2.3333,2.3333,2.3333,149.0566,152.1494,mfcc_regression/Ses03F_script01_1_F018.npy
Ses03F_script01_1_F019,Session3,neu,2.6667,2.3333,3.0,153.9832,156.7749,mfcc_regression/Ses03F_script01_1_F019.npy
Ses03F_script01_1_F021,Session3,neu,2.6667,2.3333,2.6667,165.9165,170.9252,mfcc_regression/Ses03F_script01_1_F021.npy
Ses03F_script01_1_F022,Session3,fru,2.3333,4.0,2.6667,171.9653,177.5761,mfcc_regression/Ses03F_script01_1_F022.npy
Ses03F_script01_1_F023,Session3,fru,2.3333,4.0,3.0,180.5868,187.1282,mfcc_regression/Ses03F_script01_1_F023.npy
Ses03F_script01_1_F024,Session3,fru,2.3333,3.0,3.6667,196.6803,200.1015,mfcc_regression/Ses03F_script01_1_F024.npy
Ses03F_script01_1_F025,Session3,fru,3.0,3.3333,3.3333,200.1836,205.8492,mfcc_regression/Ses03F_script01_1_F025.npy
Ses03F_script01_1_F026,Session3,fru,2.3333,3.3333,3.3333,207.0261,214.8813,mfcc_regression/Ses03F_script01_1_F026.npy
Ses03F_script01_1_F028,Session3,fru,2.0,4.0,3.0,220.6525,225.0082,mfcc_regression/Ses03F_script01_1_F028.npy
Ses03F_script01_1_F029,Session3,fru,2.0,3.6667,3.0,225.0355,227.5262,mfcc_regression/Ses03F_script01_1_F029.npy
Ses03F_script01_1_F030,Session3,neu,3.0,2.6667,2.3333,238.5837,242.8534,mfcc_regression/Ses03F_script01_1_F030.npy
Ses03F_script01_1_F031,Session3,neu,2.6667,2.3333,2.0,244.2492,247.3694,mfcc_regression/Ses03F_script01_1_F031.npy
Ses03F_script01_1_F032,Session3,fru,3.0,3.3333,3.0,254.1571,258.2079,mfcc_regression/Ses03F_script01_1_F032.npy
Ses03F_script01_1_F034,Session3,fru,2.0,3.3333,3.0,278.4343,283.9904,mfcc_regression/Ses03F_script01_1_F034.npy
Ses03F_script01_1_F035,Session3,fru,2.0,3.6667,3.0,285.3589,290.2581,mfcc_regression/Ses03F_script01_1_F035.npy
Ses03F_script01_1_F036,Session3,fru,3.0,3.3333,3.3333,292.2561,298.1406,mfcc_regression/Ses03F_script01_1_F036.npy
Ses03F_script01_1_F037,Session3,fru,2.0,3.6667,3.6667,298.9343,304.2988,mfcc_regression/Ses03F_script01_1_F037.npy
Ses03F_script01_1_F038,Session3,fru,2.0,2.0,2.6667,316.9711,320.2008,mfcc_regression/Ses03F_script01_1_F038.npy
Ses03F_script01_1_F039,Session3,fru,2.0,4.3333,3.6667,320.255,331.3951,mfcc_regression/Ses03F_script01_1_F039.npy
Ses03F_script01_1_F040,Session3,fru,3.0,3.3333,3.3333,333.7215,339.8798,mfcc_regression/Ses03F_script01_1_F040.npy
Ses03F_script01_1_F043,Session3,fru,2.3333,4.0,4.0,368.2897,374.2837,mfcc_regression/Ses03F_script01_1_F043.npy
Ses03F_script01_1_F044,Session3,fru,1.6667,3.6667,3.6667,375.8438,378.4987,mfcc_regression/Ses03F_script01_1_F044.npy
Ses03F_script01_1_F045,Session3,neu,2.6667,2.3333,2.6667,399.1904,401.7358,mfcc_regression/Ses03F_script01_1_F045.npy
Ses03F_script01_1_F046,Session3,neu,2.3333,2.3333,3.0,401.855,404.0125,mfcc_regression/Ses03F_script01_1_F046.npy
Ses03F_script01_1_F047,Session3,fru,2.6667,3.0,3.3333,406.5803,410.6858,mfcc_regression/Ses03F_script01_1_F047.npy
Ses03F_script01_1_F048,Session3,fru,2.6667,3.3333,3.3333,412.9848,418.8146,mfcc_regression/Ses03F_script01_1_F048.npy
Ses03F_script01_1_F049,Session3,fru,2.3333,4.3333,3.6667,420.4294,426.7245,mfcc_regression/Ses03F_script01_1_F049.npy
Ses03F_script01_1_F050,Session3,neu,2.6667,3.0,2.6667,429.2152,431.8974,mfcc_regression/Ses03F_script01_1_F050.npy
Ses03F_script01_1_F052,Session3,neu,2.0,2.6667,1.6667,439.9716,444.4055,mfcc_regression/Ses03F_script01_1_F052.npy
Ses03F_script01_1_F053,Session3,neu,2.6667,2.0,1.3333,448.511,453.2734,mfcc_regression/Ses03F_script01_1_F053.npy
Ses03F_script01_1_M000,Session3,neu,3.0,2.6667,2.0,8.9773,12.3712,mfcc_regression/Ses03F_script01_1_M000.npy
Ses03F_script01_1_M001,Session3,neu,3.0,2.0,2.0,15.9019,18.0915,mfcc_regression/Ses03F_script01_1_M001.npy
Ses03F_script01_1_M002,Session3,neu,3.0,3.0,2.6667,19.0221,28.3005,mfcc_regression/Ses03F_script01_1_M002.npy
Ses03F_script01_1_M003,Session3,neu,2.6667,2.6667,2.3333,29.3175,35.0335,mfcc_regression/Ses03F_script01_1_M003.npy
Ses03F_script01_1_M004,Session3,neu,2.6667,2.3333,2.3333,36.0188,41.8486,mfcc_regression/Ses03F_script01_1_M004.npy
Ses03F_script01_1_M005,Session3,neu,3.0,1.6667,2.3333,45.0509,48.2806,mfcc_regression/Ses03F_script01_1_M005.npy
Ses03F_script01_1_M006,Session3,neu,2.6667,2.3333,2.0,55.2873,58.6264,mfcc_regression/Ses03F_script01_1_M006.npy
Ses03F_script01_1_M007,Session3,neu,2.6667,2.6667,2.3333,65.1404,67.7406,mfcc_regression/Ses03F_script01_1_M007.npy
Ses03F_script01_1_M008,Session3,neu,2.6667,3.0,3.0,67.8774,73.4061,mfcc_regression/Ses03F_script01_1_M008.npy
Ses03F_script01_1_M009,Session3,neu,2.3333,3.0,3.3333,75.1852,80.8234,mfcc_regression/Ses03F_script01_1_M009.npy
Ses03F_script01_1_M011,Session3,fru,2.3333,3.3333,3.6667,89.7734,97.555,mfcc_regression/Ses03F_script01_1_M011.npy
Ses03F_script01_1_M012,Session3,fru,2.6667,3.3333,3.3333,98.5044,101.4877,mfcc_regression/Ses03F_script01_1_M012.npy
Ses03F_script01_1_M013,Session3,fru,2.0,3.3333,3.3333,114.5431,122.2615,mfcc_regression/Ses03F_script01_1_M013.npy
Ses03F_script01_1_M014,Session3,fru,2.0,3.0,3.0,131.1841,136.4665,mfcc_regression/Ses03F_script01_1_M014.npy
Ses03F_script01_1_M015,Session3,fru,3.0,3.0,3.3333,144.4585,148.5913,mfcc_regression/Ses03F_script01_1_M015.npy
Ses03F_script01_1_M016,Session3,neu,3.0,3.0,3.0,151.1367,155.31,mfcc_regression/Ses03F_script01_1_M016.npy
Ses03F_script01_1_M017,Session3,neu,3.0,2.6667,3.0,155.8717,158.335,mfcc_regression/Ses03F_script01_1_M017.npy
Ses03F_script01_1_M018,Session3,neu,4.0,2.6667,2.3333,161.7563,166.1355,mfcc_regression/Ses03F_script01_1_M018.npy
Ses03F_script01_1_M019,Session3,fru,2.6667,2.6667,2.6667,169.4198,172.5948,mfcc_regression/Ses03F_script01_1_M019.npy
Ses03F_script01_1_M020,Session3,neu,3.0,3.0,2.6667,176.7276,181.3805,mfcc_regression/Ses03F_script01_1_M020.npy
Ses03F_script01_1_M021,Session3,ang,1.6667,4.0,3.3333,182.5574,186.745,mfcc_regression/Ses03F_script01_1_M021.npy
Ses03F_script01_1_M022,Session3,ang,1.6667,4.0,4.0,186.7724,193.1475,mfcc_regression/Ses03F_script01_1_M022.npy
Ses03F_script01_1_M026,Session3,sad,1.6667,2.6667,2.3333,227.285,239.2132,mfcc_regression/Ses03F_script01_1_M026.npy
Ses03F_script01_1_M027,Session3,ang,2.0,3.6667,3.6667,241.4301,244.2766,mfcc_regression/Ses03F_script01_1_M027.npy
Ses03F_script01_1_M028,Session3,neu,3.0,3.0,2.3333,251.2833,255.3614,mfcc_regression/Ses03F_script01_1_M028.npy
Ses03F_script01_1_M029,Session3,neu,2.3333,2.0,2.0,257.4963,260.8175,mfcc_regression/Ses03F_script01_1_M029.npy
Ses03F_script01_1_M030,Session3,neu,2.6667,2.6667,2.3333,264.14,270.7175,mfcc_regression/Ses03F_script01_1_M030.npy
Ses03F_script01_1_M031,Session3,neu,2.3333,3.0,2.6667,270.7975,276.285,mfcc_regression/Ses03F_script01_1_M031.npy
Ses03F_script01_1_M032,Session3,fru,2.3333,3.3333,4.0,276.3542,279.3101,mfcc_regression/Ses03F_script01_1_M032.npy
Ses03F_script01_1_M033,Session3,fru,2.3333,3.3333,2.3333,283.1693,286.4537,mfcc_regression/Ses03F_script01_1_M033.npy
Ses03F_script01_1_M034,Session3,neu,3.0,3.0,3.0,288.7527,292.4203,mfcc_regression/Ses03F_script01_1_M034.npy
Ses03F_script01_1_M035,Session3,fru,2.0,2.6667,2.3333,298.168,301.0418,mfcc_regression/Ses03F_script01_1_M035.npy
Ses03F_script01_1_M036,Session3,neu,2.3333,2.6667,2.0,303.7514,307.638,mfcc_regression/Ses03F_script01_1_M036.npy
Ses03F_script01_1_M037,Session3,fru,2.6667,3.3333,3.6667,307.8569,318.8596,mfcc_regression/Ses03F_script01_1_M037.npy
Ses03F_script01_1_M038,Session3,fru,2.0,2.3333,2.0,330.0813,333.4478,mfcc_regression/Ses03F_script01_1_M038.npy
Ses03F_script01_1_M039,Session3,fru,2.6667,2.0,3.3333,339.1134,342.7526,mfcc_regression/Ses03F_script01_1_M039.npy
Ses03F_script01_1_M041,Session3,neu,2.6667,2.3333,3.3333,351.3204,355.1795,mfcc_regression/Ses03F_script01_1_M041.npy
Ses03F_script01_1_M042,Session3,neu,3.0,2.3333,3.3333,356.9038,362.98,mfcc_regression/Ses03F_script01_1_M042.npy
Ses03F_script01_1_M044,Session3,fru,2.3333,3.6667,4.0,372.8605,376.8292,mfcc_regression/Ses03F_script01_1_M044.npy
Ses03F_script01_1_M045,Session3,ang,2.0,4.0,4.0,377.8966,393.3475,mfcc_regression/Ses03F_script01_1_M045.npy
Ses03F_script01_1_M046,Session3,ang,2.6667,3.6667,4.0,393.4153,396.3876,mfcc_regression/Ses03F_script01_1_M046.npy
Ses03F_script01_1_M047,Session3,neu,3.0,3.0,2.6667,396.415,399.4641,mfcc_regression/Ses03F_script01_1_M047.npy
Ses03F_script01_1_M048,Session3,neu,3.0,2.6667,3.3333,403.4327,407.4835,mfcc_regression/Ses03F_script01_1_M048.npy
Ses03F_script01_1_M049,Session3,neu,3.0,2.0,2.3333,410.2205,413.9975,mfcc_regression/Ses03F_script01_1_M049.npy
Ses03F_script01_1_M050,Session3,neu,3.0,3.0,2.0,418.8694,422.099,mfcc_regression/Ses03F_script01_1_M050.npy
Ses03F_script01_1_M051,Session3,fru,2.0,3.3333,3.3333,425.2466,429.5163,mfcc_regression/Ses03F_script01_1_M051.npy
Ses03F_script01_1_M052,Session3,neu,2.6667,2.3333,2.6667,434.9629,438.9589,mfcc_regression/Ses03F_script01_1_M052.npy
Ses03F_script01_1_M053,Session3,neu,3.3333,2.0,3.0,443.4749,449.0858,mfcc_regression/Ses03F_script01_1_M053.npy
Ses03F_script03_2_F004,Session3,neu,2.5,3.5,4.0,45.39,48.8425,mfcc_regression/Ses03F_script03_2_F004.npy
Ses03F_script03_2_F008,Session3,neu,2.5,3.0,3.5,63.8825,66.31,mfcc_regression/Ses03F_script03_2_F008.npy
Ses03F_script03_2_F013,Session3,neu,2.0,3.5,3.5,103.8975,106.04,mfcc_regression/Ses03F_script03_2_F013.npy
Ses03F_script03_2_F014,Session3,ang,2.0,2.5,4.0,109.57,111.47,mfcc_regression/Ses03F_script03_2_F014.npy
Ses03F_script03_2_F015,Session3,ang,1.5,3.0,4.5,112.24,113.62,mfcc_regression/Ses03F_script03_2_F015.npy
Ses03F_script03_2_F017,Session3,neu,3.0,3.0,3.5,127.4075,132.95,mfcc_regression/Ses03F_script03_2_F017.npy
Ses03F_script03_2_F018,Session3,ang,2.0,2.5,3.5,137.0025,138.42,mfcc_regression/Ses03F_script03_2_F018.npy
Ses03F_script03_2_F021,Session3,fru,1.5,3.0,4.5,155.94,158.4625,mfcc_regression/Ses03F_script03_2_F021.npy
Ses03F_script03_2_F022,Session3,fru,1.5,3.5,5.0,161.8585,163.32,mfcc_regression/Ses03F_script03_2_F022.npy
Ses03F_script03_2_F023,Session3,ang,1.0,4.5,5.0,163.67,170.02,mfcc_regression/Ses03F_script03_2_F023.npy
Ses03F_script03_2_F025,Session3,fru,1.5,2.5,4.5,184.93,187.5075,mfcc_regression/Ses03F_script03_2_F025.npy
Ses03F_script03_2_F026,Session3,ang,1.5,4.0,4.5,194.32,198.11,mfcc_regression/Ses03F_script03_2_F026.npy
Ses03F_script03_2_F027,Session3,fru,2.0,2.5,4.0,198.9675,200.97,mfcc_regression/Ses03F_script03_2_F027.npy
Ses03F_script03_2_F029,Session3,fru,1.5,3.5,4.5,214.65,218.5425,mfcc_regression/Ses03F_script03_2_F029.npy
Ses03F_script03_2_F030,Session3,fru,2.0,3.0,4.0,221.9,225.8411,mfcc_regression/Ses03F_script03_2_F030.npy
Ses03F_script03_2_F035,Session3,ang,2.0,3.5,3.5,254.4,256.8,mfcc_regression/Ses03F_script03_2_F035.npy
Ses03F_script03_2_F037,Session3,ang,1.5,3.5,4.5,272.9175,276.565,mfcc_regression/Ses03F_script03_2_F037.npy
Ses03F_script03_2_F038,Session3,ang,1.5,4.5,4.5,278.88,285.51,mfcc_regression/Ses03F_script03_2_F038.npy
Ses03F_script03_2_F039,Session3,ang,1.0,4.5,5.0,286.71,292.27,mfcc_regression/Ses03F_script03_2_F039.npy
Ses03F_script03_2_F040,Session3,ang,1.5,3.5,4.5,298.23,302.63,mfcc_regression/Ses03F_script03_2_F040.npy
Ses03F_script03_2_F041,Session3,ang,1.5,3.0,4.0,304.4437,306.0,mfcc_regression/Ses03F_script03_2_F041.npy
Ses03F_script03_2_F042,Session3,ang,1.0,4.5,5.0,306.0,316.74,mfcc_regression/Ses03F_script03_2_F042.npy
Ses03F_script03_2_F043,Session3,ang,1.0,3.5,5.0,327.175,331.1,mfcc_regression/Ses03F_script03_2_F043.npy
Ses03F_script03_2_M000,Session3,ang,3.5,3.0,3.5,9.3056,14.39,mfcc_regression/Ses03F_script03_2_M000.npy
Ses03F_script03_2_M001,Session3,ang,2.5,3.5,3.5,16.5,20.46,mfcc_regression/Ses03F_script03_2_M001.npy
Ses03F_script03_2_M002,Session3,ang,2.5,2.5,4.0,23.21,28.9,mfcc_regression/Ses03F_script03_2_M002.npy
Ses03F_script03_2_M005,Session3,ang,2.0,3.0,4.0,48.425,51.1,mfcc_regression/Ses03F_script03_2_M005.npy
Ses03F_script03_2_M007,Session3,ang,2.0,3.0,4.0,55.415,57.2475,mfcc_regression/Ses03F_script03_2_M007.npy
Ses03F_script03_2_M008,Session3,ang,2.0,3.0,3.5,60.685,64.375,mfcc_regression/Ses03F_script03_2_M008.npy
Ses03F_script03_2_M009,Session3,neu,3.5,3.0,3.0,73.02,75.72,mfcc_regression/Ses03F_script03_2_M009.npy
Ses03F_script03_2_M010,Session3,neu,4.0,2.5,3.0,79.99,85.21,mfcc_regression/Ses03F_script03_2_M010.npy
Ses03F_script03_2_M011,Session3,neu,3.0,3.5,3.0,86.15,88.44,mfcc_regression/Ses03F_script03_2_M011.npy
Ses03F_script03_2_M012,Session3,neu,3.0,3.5,3.0,90.7625,94.295,mfcc_regression/Ses03F_script03_2_M012.npy
Ses03F_script03_2_M014,Session3,ang,2.0,3.0,4.5,105.47,110.34,mfcc_regression/Ses03F_script03_2_M014.npy
Ses03F_script03_2_M015,Session3,ang,2.0,3.0,4.5,110.9875,112.62,mfcc_regression/Ses03F_script03_2_M015.npy
Ses03F_script03_2_M016,Session3,ang,2.5,2.5,3.0,113.9625,115.085,mfcc_regression/Ses03F_script03_2_M016.npy
Ses03F_script03_2_M017,Session3,ang,4.0,2.5,3.0,118.235,120.465,mfcc_regression/Ses03F_script03_2_M017.npy
Ses03F_script03_2_M020,Session3,ang,3.0,3.5,3.0,137.92,139.31,mfcc_regression/Ses03F_script03_2_M020.npy
Ses03F_script03_2_M024,Session3,ang,2.0,3.5,4.5,162.94,164.12,mfcc_regression/Ses03F_script03_2_M024.npy
Ses03F_script03_2_M026,Session3,ang,3.0,2.5,4.5,174.1875,178.87,mfcc_regression/Ses03F_script03_2_M026.npy
Ses03F_script03_2_M027,Session3,ang,3.5,3.0,4.0,180.64,185.3875,mfcc_regression/Ses03F_script03_2_M027.npy
Ses03F_script03_2_M028,Session3,ang,3.0,3.0,4.0,187.0375,194.73,mfcc_regression/Ses03F_script03_2_M028.npy
Ses03F_script03_2_M029,Session3,ang,1.5,3.5,4.5,197.3075,199.69,mfcc_regression/Ses03F_script03_2_M029.npy
Ses03F_script03_2_M030,Session3,ang,1.5,3.5,4.5,200.52,207.58,mfcc_regression/Ses03F_script03_2_M030.npy
Ses03F_script03_2_M034,Session3,ang,2.5,2.5,3.0,244.78,247.4375,mfcc_regression/Ses03F_script03_2_M034.npy
Ses03F_script03_2_M035,Session3,neu,2.0,2.5,3.5,248.98,251.3625,mfcc_regression/Ses03F_script03_2_M035.npy
Ses03F_script03_2_M038,Session3,ang,2.0,2.5,3.0,271.2375,272.7375,mfcc_regression/Ses03F_script03_2_M038.npy
Ses03F_script03_2_M039,Session3,ang,1.5,3.0,4.0,276.0875,279.99,mfcc_regression/Ses03F_script03_2_M039.npy
Ses03F_script03_2_M040,Session3,ang,2.0,3.5,3.5,284.8575,287.35,mfcc_regression/Ses03F_script03_2_M040.npy
Ses03F_script03_2_M041,Session3,ang,1.5,4.0,4.5,291.3775,298.7125,mfcc_regression/Ses03F_script03_2_M041.npy
Ses03F_script03_2_M042,Session3,ang,2.0,3.5,4.5,302.325,307.6675,mfcc_regression/Ses03F_script03_2_M042.npy
Ses03F_script03_2_M043,Session3,ang,1.0,4.5,5.0,312.0055,316.63,mfcc_regression/Ses03F_script03_2_M043.npy
Ses03F_script03_2_M044,Session3,ang,1.5,4.5,5.0,316.63,327.67,mfcc_regression/Ses03F_script03_2_M044.npy
Ses03F_impro06_F000,Session3,sad,2.5,2.0,2.5,8.344,12.1707,mfcc_regression/Ses03F_impro06_F000.npy
Ses03F_impro06_F001,Session3,sad,2.5,2.5,2.5,13.5951,16.7102,mfcc_regression/Ses03F_impro06_F001.npy
Ses03F_impro06_F002,Session3,sad,2.5,2.5,3.0,19.1355,23.5856,mfcc_regression/Ses03F_impro06_F002.npy
Ses03F_impro06_F003,Session3,sad,2.0,3.0,3.0,25.4324,31.1063,mfcc_regression/Ses03F_impro06_F003.npy
Ses03F_impro06_F004,Session3,sad,2.0,3.0,3.0,31.2621,34.7999,mfcc_regression/Ses03F_impro06_F004.npy
Ses03F_impro06_F005,Session3,sad,2.0,3.0,3.0,34.8667,43.5889,mfcc_regression/Ses03F_impro06_F005.npy
Ses03F_impro06_F006,Session3,sad,2.0,1.5,3.0,43.8114,47.4382,mfcc_regression/Ses03F_impro06_F006.npy
Ses03F_impro06_F007,Session3,sad,2.5,2.0,3.0,54.3359,57.1617,mfcc_regression/Ses03F_impro06_F007.npy
Ses03F_impro06_F008,Session3,sad,4.0,2.5,3.0,57.3397,60.0098,mfcc_regression/Ses03F_impro06_F008.npy
Ses03F_impro06_F009,Session3,sad,4.0,3.5,3.0,60.0766,63.3252,mfcc_regression/Ses03F_impro06_F009.npy
Ses03F_impro06_F010,Session3,sad,2.5,2.5,3.5,63.7924,73.8052,mfcc_regression/Ses03F_impro06_F010.npy
Ses03F_impro06_F011,Session3,sad,2.5,2.0,3.0,74.5172,79.0786,mfcc_regression/Ses03F_impro06_F011.npy
Ses03F_impro06_F012,Session3,sad,2.0,1.5,3.0,79.2343,83.0392,mfcc_regression/Ses03F_impro06_F012.npy
Ses03F_impro06_F013,Session3,sad,1.5,2.5,3.5,83.5509,88.7576,mfcc_regression/Ses03F_impro06_F013.npy
Ses03F_impro06_F014,Session3,sad,1.5,2.5,4.5,92.0507,98.9038,mfcc_regression/Ses03F_impro06_F014.npy
Ses03F_impro06_F015,Session3,sad,2.5,2.5,3.5,103.888,108.8276,mfcc_regression/Ses03F_impro06_F015.npy
Ses03F_impro06_F016,Session3,sad,2.0,3.0,3.5,109.2504,113.9007,mfcc_regression/Ses03F_impro06_F016.npy
Ses03F_impro06_F017,Session3,sad,2.5,2.0,3.0,114.101,116.9491,mfcc_regression/Ses03F_impro06_F017.npy
Ses03F_impro06_F018,Session3,sad,2.5,2.5,2.5,117.2161,120.205,mfcc_regression/Ses03F_impro06_F018.npy
Ses03F_impro06_F019,Session3,sad,2.0,1.5,3.0,121.6439,124.8925,mfcc_regression/Ses03F_impro06_F019.npy
Ses03F_impro06_F020,Session3,sad,1.5,2.5,3.5,125.1595,134.2823,mfcc_regression/Ses03F_impro06_F020.npy
Ses03F_impro06_F021,Session3,sad,2.0,2.5,3.5,136.4628,142.2035,mfcc_regression/Ses03F_impro06_F021.npy
Ses03F_impro06_F022,Session3,sad,1.5,3.0,3.5,142.3,146.8761,mfcc_regression/Ses03F_impro06_F022.npy
Ses03F_impro06_F023,Session3,sad,2.0,2.5,3.0,150.4584,155.9098,mfcc_regression/Ses03F_impro06_F023.npy
Ses03F_impro06_F024,Session3,sad,2.5,2.0,3.0,156.9111,160.2264,mfcc_regression/Ses03F_impro06_F024.npy
Ses03F_impro06_F025,Session3,sad,1.5,2.5,3.0,160.5379,169.9277,mfcc_regression/Ses03F_impro06_F025.npy
Ses03F_impro06_F026,Session3,sad,1.5,2.5,3.0,172.2418,178.1159,mfcc_regression/Ses03F_impro06_F026.npy
Ses03F_impro06_F027,Session3,sad,3.5,3.0,2.5,179.1172,182.7663,mfcc_regression/Ses03F_impro06_F027.npy
Ses03F_impro06_F028,Session3,sad,3.0,3.0,3.0,182.8998,187.0829,mfcc_regression/Ses03F_impro06_F028.npy
Ses03F_impro06_F029,Session3,sad,1.5,3.0,3.0,190.287,197.7854,mfcc_regression/Ses03F_impro06_F029.npy
Ses03F_impro06_F030,Session3,sad,2.0,2.0,3.0,198.0302,200.8115,mfcc_regression/Ses03F_impro06_F030.npy
Ses03F_impro06_F031,Session3,sad,2.0,2.0,3.0,209.022,213.0716,mfcc_regression/Ses03F_impro06_F031.npy
Ses03F_impro06_F032,Session3,sad,2.5,2.0,2.5,215.2521,217.0099,mfcc_regression/Ses03F_impro06_F032.npy
Ses03F_impro06_F033,Session3,sad,2.5,2.5,3.5,218.701,222.7061,mfcc_regression/Ses03F_impro06_F033.npy
Ses03F_impro06_F034,Session3,sad,2.0,2.0,3.5,224.5529,229.893,mfcc_regression/Ses03F_impro06_F034.npy
Ses03F_impro06_F035,Session3,sad,1.5,1.5,3.5,230.1155,232.8746,mfcc_regression/Ses03F_impro06_F035.npy
Ses03F_impro06_M000,Session3,neu,3.0,2.0,2.0,5.7363,8.15,mfcc_regression/Ses03F_impro06_M000.npy
Ses03F_impro06_M001,Session3,neu,2.5,2.0,2.5,15.9759,19.0242,mfcc_regression/Ses03F_impro06_M001.npy
Ses03F_impro06_M002,Session3,sad,2.5,1.5,3.0,48.6398,55.4484,mfcc_regression/Ses03F_impro06_M002.npy
Ses03F_impro06_M003,Session3,neu,2.5,1.5,2.5,88.2236,91.1829,mfcc_regression/Ses03F_impro06_M003.npy
Ses03F_impro06_M004,Session3,sad,2.5,3.0,3.0,97.6356,100.7729,mfcc_regression/Ses03F_impro06_M004.npy
Ses03F_impro06_M005,Session3,sad,1.5,2.5,3.0,101.1289,105.2675,mfcc_regression/Ses03F_impro06_M005.npy
Ses03F_impro06_M006,Session3,sad,3.0,2.5,3.0,119.5746,122.4005,mfcc_regression/Ses03F_impro06_M006.npy
Ses03F_impro06_M007,Session3,sad,2.5,1.5,2.5,146.8316,150.3027,mfcc_regression/Ses03F_impro06_M007.npy
Ses03F_impro06_M008,Session3,sad,3.0,1.5,2.5,177.3594,179.807,mfcc_regression/Ses03F_impro06_M008.npy
Ses03F_impro06_M009,Session3,sad,2.5,2.0,3.0,187.4166,190.7575,mfcc_regression/Ses03F_impro06_M009.npy
Ses03F_impro06_M010,Session3,sad,2.0,2.5,3.0,200.0327,202.4358,mfcc_regression/Ses03F_impro06_M010.npy
Ses03F_impro06_M011,Session3,sad,2.5,2.5,3.0,202.6138,208.2432,mfcc_regression/Ses03F_impro06_M011.npy
Ses03F_impro06_M012,Session3,sad,2.5,2.0,3.0,212.9381,216.1422,mfcc_regression/Ses03F_impro06_M012.npy
Ses03F_impro06_M013,Session3,sad,2.5,2.5,3.5,216.6984,219.4797,mfcc_regression/Ses03F_impro06_M013.npy
Ses03F_impro06_M014,Session3,sad,2.0,2.0,2.0,222.2611,225.2871,mfcc_regression/Ses03F_impro06_M014.npy
Ses03F_impro06_M015,Session3,sad,2.5,2.5,3.5,232.1626,234.5211,mfcc_regression/Ses03F_impro06_M015.npy
Ses03F_impro06_M016,Session3,sad,2.5,2.0,3.5,234.6991,238.5485,mfcc_regression/Ses03F_impro06_M016.npy
Ses03M_script02_1_F005,Session3,neu,3.0,3.5,3.0,93.2403,95.2027,mfcc_regression/Ses03M_script02_1_F005.npy
Ses03M_script02_1_F007,Session3,fru,1.5,3.0,4.0,136.6446,139.915,mfcc_regression/Ses03M_script02_1_F007.npy
Ses03M_script02_1_F008,Session3,fru,1.5,3.5,3.5,147.1494,149.465,mfcc_regression/Ses03M_script02_1_F008.npy
Ses03M_script02_1_F009,Session3,fru,2.0,3.5,4.0,149.8869,152.0308,mfcc_regression/Ses03M_script02_1_F009.npy
Ses03M_script02_1_F013,Session3,fru,1.5,4.0,4.5,180.1315,188.05,mfcc_regression/Ses03M_script02_1_F013.npy
Ses03M_script02_1_F015,Session3,fru,1.5,3.5,4.0,214.3998,216.6756,mfcc_regression/Ses03M_script02_1_F015.npy
Ses03M_script02_1_F016,Session3,neu,2.0,3.0,3.5,233.7108,235.9866,mfcc_regression/Ses03M_script02_1_F016.npy
Ses03M_script02_1_F018,Session3,fru,2.0,4.0,4.5,250.1029,259.775,mfcc_regression/Ses03M_script02_1_F018.npy
Ses03M_script02_1_F019,Session3,fru,2.0,3.5,4.5,261.6796,264.4501,mfcc_regression/Ses03M_script02_1_F019.npy
Ses03M_script02_1_M000,Session3,exc,4.0,3.5,4.5,8.0641,17.6619,mfcc_regression/Ses03M_script02_1_M000.npy
Ses03M_script02_1_M001,Session3,exc,4.5,3.5,4.5,17.8103,22.9225,mfcc_regression/Ses03M_script02_1_M001.npy
Ses03M_script02_1_M002,Session3,exc,4.0,2.5,3.5,23.3513,33.6747,mfcc_regression/Ses03M_script02_1_M002.npy
Ses03M_script02_1_M003,Session3,exc,4.5,3.5,4.5,34.895,42.6458,mfcc_regression/Ses03M_script02_1_M003.npy
Ses03M_script02_1_M004,Session3,exc,3.5,3.5,3.5,42.68,48.7125,mfcc_regression/Ses03M_script02_1_M004.npy
Ses03M_script02_1_M005,Session3,exc,3.5,4.5,4.0,48.7575,56.05,mfcc_regression/Ses03M_script02_1_M005.npy
Ses03M_script02_1_M014,Session3,exc,3.0,3.5,4.0,105.1303,113.013,mfcc_regression/Ses03M_script02_1_M014.npy
Ses03M_script02_1_M015,Session3,exc,4.5,4.0,4.5,113.1449,125.1669,mfcc_regression/Ses03M_script02_1_M015.npy
Ses03M_script02_1_M016,Session3,exc,4.0,3.0,4.0,125.2328,131.0047,mfcc_regression/Ses03M_script02_1_M016.npy
Ses03M_script02_1_M017,Session3,neu,3.0,3.5,3.0,134.2864,137.1559,mfcc_regression/Ses03M_script02_1_M017.npy
Ses03M_script02_1_M020,Session3,fru,2.0,4.0,4.5,151.2887,159.4875,mfcc_regression/Ses03M_script02_1_M020.npy
Ses03M_script02_1_M023,Session3,exc,2.0,4.0,4.5,166.4109,180.6592,mfcc_regression/Ses03M_script02_1_M023.npy
Ses03M_script02_1_M024,Session3,exc,2.5,4.0,4.5,187.1896,199.3435,mfcc_regression/Ses03M_script02_1_M024.npy
Ses03M_script02_1_M025,Session3,exc,3.5,3.5,4.5,199.393,205.6761,mfcc_regression/Ses03M_script02_1_M025.npy
Ses03M_script02_1_M026,Session3,exc,1.5,3.0,4.0,212.7177,214.9575,mfcc_regression/Ses03M_script02_1_M026.npy
Ses03M_script02_1_M027,Session3,exc,2.0,4.0,4.5,216.3952,231.0393,mfcc_regression/Ses03M_script02_1_M027.npy
Ses03M_script02_1_M033,Session3,fru,2.0,4.0,4.5,263.609,271.7061,mfcc_regression/Ses03M_script02_1_M033.npy
Ses03M_script02_1_M034,Session3,exc,3.0,3.0,2.5,271.7625,274.92,mfcc_regression/Ses03M_script02_1_M034.npy
Ses03M_script02_1_M035,Session3,exc,4.0,4.0,4.0,274.9879,280.5948,mfcc_regression/Ses03M_script02_1_M035.npy
Ses03M_script02_1_M036,Session3,exc,3.0,4.0,4.5,280.6575,286.5775,mfcc_regression/Ses03M_script02_1_M036.npy
Ses03M_script02_1_M037,Session3,exc,3.0,4.0,4.5,286.615,299.105,mfcc_regression/Ses03M_script02_1_M037.npy
Ses03M_script02_1_M038,Session3,exc,3.5,5.0,5.0,299.165,317.5925,mfcc_regression/Ses03M_script02_1_M038.npy
Ses03M_script02_1_M039,Session3,exc,3.5,4.0,4.5,317.65,328.855,mfcc_regression/Ses03M_script02_1_M039.npy
Ses03M_script02_1_M040,Session3,exc,3.0,3.5,4.5,328.91,335.675,mfcc_regression/Ses03M_script02_1_M040.npy
Ses03M_script02_1_M041,Session3,exc,4.5,4.5,4.5,335.7475,341.12,mfcc_regression/Ses03M_script02_1_M041.npy
Ses03M_script02_1_M042,Session3,exc,3.0,3.5,3.0,342.2218,345.53,mfcc_regression/Ses03M_script02_1_M042.npy
Ses03M_script02_1_M043,Session3,exc,3.5,3.5,3.5,346.5589,349.3624,mfcc_regression/Ses03M_script02_1_M043.npy
Ses03M_script02_1_M044,Session3,fru,2.5,3.0,3.5,351.0115,353.0475,mfcc_regression/Ses03M_script02_1_M044.npy
Ses03F_impro02_F000,Session3,neu,4.0,2.5,1.0,7.63,9.54,mfcc_regression/Ses03F_impro02_F000.npy
Ses03F_impro02_F001,Session3,neu,3.5,2.0,1.0,12.19,13.21,mfcc_regression/Ses03F_impro02_F001.npy
Ses03F_impro02_F005,Session3,exc,4.0,2.0,1.0,31.46,32.595,mfcc_regression/Ses03F_impro02_F005.npy
Ses03F_impro02_F007,Session3,exc,3.0,3.0,1.5,45.3025,50.76,mfcc_regression/Ses03F_impro02_F007.npy
Ses03F_impro02_F008,Session3,sad,2.5,2.0,1.5,51.31,64.64,mfcc_regression/Ses03F_impro02_F008.npy
Ses03F_impro02_F010,Session3,sad,3.0,2.5,1.5,75.09,76.91,mfcc_regression/Ses03F_impro02_F010.npy
Ses03F_impro02_F011,Session3,sad,2.5,2.0,1.5,77.0475,81.45,mfcc_regression/Ses03F_impro02_F011.npy
Ses03F_impro02_F012,Session3,sad,2.0,1.5,1.0,82.89,83.89,mfcc_regression/Ses03F_impro02_F012.npy
Ses03F_impro02_F014,Session3,fru,2.5,3.0,2.5,93.28,95.975,mfcc_regression/Ses03F_impro02_F014.npy
Ses03F_impro02_F015,Session3,sad,2.5,2.0,1.5,99.015,100.88,mfcc_regression/Ses03F_impro02_F015.npy
Ses03F_impro02_F016,Session3,fru,2.5,3.0,2.0,102.3075,109.18,mfcc_regression/Ses03F_impro02_F016.npy
Ses03F_impro02_F017,Session3,fru,2.0,3.5,2.0,109.23,113.5,mfcc_regression/Ses03F_impro02_F017.npy
Ses03F_impro02_F018,Session3,sad,2.0,3.0,2.5,118.4,122.1275,mfcc_regression/Ses03F_impro02_F018.npy
Ses03F_impro02_F019,Session3,sad,2.0,2.0,1.5,124.1475,128.2825,mfcc_regression/Ses03F_impro02_F019.npy
Ses03F_impro02_F020,Session3,sad,1.5,2.0,1.5,131.16,134.95,mfcc_regression/Ses03F_impro02_F020.npy
Ses03F_impro02_F021,Session3,sad,2.0,3.5,1.5,134.99,141.61,mfcc_regression/Ses03F_impro02_F021.npy
Ses03F_impro02_F022,Session3,fru,2.0,3.5,2.5,147.82,154.1975,mfcc_regression/Ses03F_impro02_F022.npy
Ses03F_impro02_F023,Session3,sad,2.0,3.0,1.5,156.325,158.6525,mfcc_regression/Ses03F_impro02_F023.npy
Ses03F_impro02_F024,Session3,sad,2.0,3.5,2.5,161.285,165.745,mfcc_regression/Ses03F_impro02_F024.npy
Ses03F_impro02_F025,Session3,sad,1.5,2.0,2.0,169.3125,171.28,mfcc_regression/Ses03F_impro02_F025.npy
Ses03F_impro02_F026,Session3,sad,1.5,1.5,1.5,171.9575,174.2475,mfcc_regression/Ses03F_impro02_F026.npy
Ses03F_impro02_F027,Session3,sad,2.0,3.0,2.0,176.035,181.5675,mfcc_regression/Ses03F_impro02_F027.npy
Ses03F_impro02_F028,Session3,sad,2.0,2.0,1.5,186.67,189.005,mfcc_regression/Ses03F_impro02_F028.npy
Ses03F_impro02_F029,Session3,sad,1.5,2.5,1.5,196.32,204.935,mfcc_regression/Ses03F_impro02_F029.npy
Ses03F_impro02_F031,Session3,sad,3.5,2.5,3.0,214.72,219.055,mfcc_regression/Ses03F_impro02_F031.npy
Ses03F_impro02_F032,Session3,sad,2.0,2.5,1.0,219.5625,221.0025,mfcc_regression/Ses03F_impro02_F032.npy
Ses03F_impro02_F034,Session3,sad,3.0,3.5,2.0,236.69,239.74,mfcc_regression/Ses03F_impro02_F034.npy
Ses03F_impro02_F035,Session3,sad,3.0,3.5,2.0,239.8,243.3049,mfcc_regression/Ses03F_impro02_F035.npy
Ses03F_impro02_F036,Session3,sad,1.5,2.0,1.5,255.8325,262.105,mfcc_regression/Ses03F_impro02_F036.npy
Ses03F_impro02_F037,Session3,sad,2.0,2.5,1.5,269.1575,276.73,mfcc_regression/Ses03F_impro02_F037.npy
Ses03F_impro02_F038,Session3,sad,1.5,2.5,1.5,282.34,285.07,mfcc_regression/Ses03F_impro02_F038.npy
Ses03F_impro02_F039,Session3,sad,1.5,2.0,2.0,285.8625,289.3775,mfcc_regression/Ses03F_impro02_F039.npy
Ses03F_impro02_F040,Session3,sad,2.0,3.0,1.5,293.59,295.175,mfcc_regression/Ses03F_impro02_F040.npy
Ses03F_impro02_F041,Session3,sad,1.5,2.0,1.5,296.975,303.925,mfcc_regression/Ses03F_impro02_F041.npy
Ses03F_impro02_F042,Session3,sad,1.5,2.0,1.0,305.5025,307.16,mfcc_regression/Ses03F_impro02_F042.npy
Ses03F_impro02_F043,Session3,sad,2.0,2.5,2.0,308.9325,311.22,mfcc_regression/Ses03F_impro02_F043.npy
Ses03F_impro02_M000,Session3,neu,2.5,2.0,2.0,10.0719,11.88,mfcc_regression/Ses03F_impro02_M000.npy
Ses03F_impro02_M001,Session3,hap,4.0,2.5,2.5,25.8175,33.2575,mfcc_regression/Ses03F_impro02_M001.npy
Ses03F_impro02_M004,Session3,sur,1.5,3.5,2.0,76.0425,77.41,mfcc_regression/Ses03F_impro02_M004.npy
Ses03F_impro02_M005,Session3,sur,1.5,4.0,2.0,81.9,86.2325,mfcc_regression/Ses03F_impro02_M005.npy
Ses03F_impro02_M006,Session3,fru,1.5,3.5,2.5,89.93,93.4225,mfcc_regression/Ses03F_impro02_M006.npy
Ses03F_impro02_M007,Session3,ang,1.5,4.0,2.0,94.98,98.1925,mfcc_regression/Ses03F_impro02_M007.npy
Ses03F_impro02_M009,Session3,fru,2.0,3.0,1.5,111.5275,112.81,mfcc_regression/Ses03F_impro02_M009.npy
Ses03F_impro02_M010,Session3,fru,2.0,3.5,2.5,114.46,119.0325,mfcc_regression/Ses03F_impro02_M010.npy
Ses03F_impro02_M011,Session3,fru,1.5,3.0,2.5,127.8,129.2625,mfcc_regression/Ses03F_impro02_M011.npy
Ses03F_impro02_M012,Session3,fru,1.5,2.5,2.0,135.095,136.49,mfcc_regression/Ses03F_impro02_M012.npy
Ses03F_impro02_M014,Session3,sad,1.5,3.5,1.5,150.755,152.9,mfcc_regression/Ses03F_impro02_M014.npy
Ses03F_impro02_M015,Session3,fru,1.5,2.0,2.5,153.75,155.835,mfcc_regression/Ses03F_impro02_M015.npy
Ses03F_impro02_M016,Session3,sad,2.0,2.5,2.0,158.135,161.2675,mfcc_regression/Ses03F_impro02_M016.npy
Ses03F_impro02_M017,Session3,sad,2.0,2.0,2.0,170.23,171.8775,mfcc_regression/Ses03F_impro02_M017.npy
Ses03F_impro02_M018,Session3,sad,2.0,3.0,2.0,182.25,186.34,mfcc_regression/Ses03F_impro02_M018.npy
Ses03F_impro02_M019,Session3,sad,2.0,2.0,1.5,189.92,195.42,mfcc_regression/Ses03F_impro02_M019.npy
Ses03F_impro02_M020,Session3,sad,1.5,2.0,2.0,204.38,208.49,mfcc_regression/Ses03F_impro02_M020.npy
Ses03F_impro02_M021,Session3,sad,1.5,2.5,1.5,209.085,211.16,mfcc_regression/Ses03F_impro02_M021.npy
Ses03F_impro02_M022,Session3,fru,2.0,2.5,2.0,217.97,220.0175,mfcc_regression/Ses03F_impro02_M022.npy
Ses03F_impro02_M024,Session3,sad,2.0,2.0,3.0,226.695,229.12,mfcc_regression/Ses03F_impro02_M024.npy
Ses03F_impro02_M025,Session3,sad,1.5,2.5,2.5,242.01,244.31,mfcc_regression/Ses03F_impro02_M025.npy
Ses03F_impro02_M027,Session3,ang,2.0,3.5,2.5,249.0675,255.595,mfcc_regression/Ses03F_impro02_M027.npy
Ses03F_impro02_M028,Session3,sad,1.5,2.0,2.0,264.3225,269.64,mfcc_regression/Ses03F_impro02_M028.npy
Ses03F_impro02_M029,Session3,sad,1.5,2.0,2.0,277.86,282.62,mfcc_regression/Ses03F_impro02_M029.npy
Ses03F_impro02_M031,Session3,sad,1.5,2.0,1.5,311.35,313.62,mfcc_regression/Ses03F_impro02_M031.npy
Ses03F_impro03_F004,Session3,exc,3.5,4.0,3.5,52.1844,57.3954,mfcc_regression/Ses03F_impro03_F004.npy
Ses03F_impro03_F005,Session3,exc,3.5,3.0,3.0,57.4608,60.2412,mfcc_regression/Ses03F_impro03_F005.npy
Ses03F_impro03_F006,Session3,exc,4.0,4.5,4.5,60.2739,67.3326,mfcc_regression/Ses03F_impro03_F006.npy
Ses03F_impro03_F007,Session3,exc,4.0,4.5,4.0,67.466,72.6274,mfcc_regression/Ses03F_impro03_F007.npy
Ses03F_impro03_F008,Session3,exc,4.0,4.0,3.5,72.6493,77.981,mfcc_regression/Ses03F_impro03_F008.npy
Ses03F_impro03_F009,Session3,exc,4.0,4.0,3.5,78.3325,86.6601,mfcc_regression/Ses03F_impro03_F009.npy
Ses03F_impro03_F011,Session3,exc,4.5,4.0,4.5,91.0978,100.3984,mfcc_regression/Ses03F_impro03_F011.npy
Ses03F_impro03_F012,Session3,exc,4.5,4.5,4.5,102.1865,105.5993,mfcc_regression/Ses03F_impro03_F012.npy
Ses03F_impro03_F013,Session3,exc,3.5,4.0,3.5,105.6538,109.4775,mfcc_regression/Ses03F_impro03_F013.npy
Ses03F_impro03_F014,Session3,hap,4.0,3.5,4.0,109.6125,111.99,mfcc_regression/Ses03F_impro03_F014.npy
Ses03F_impro03_F015,Session3,hap,4.0,4.0,4.0,112.31,119.3266,mfcc_regression/Ses03F_impro03_F015.npy
Ses03F_impro03_F016,Session3,exc,4.0,3.0,3.0,119.3484,121.015,mfcc_regression/Ses03F_impro03_F016.npy
Ses03F_impro03_F017,Session3,exc,4.0,2.5,3.0,121.06,122.9466,mfcc_regression/Ses03F_impro03_F017.npy
Ses03F_impro03_F018,Session3,hap,3.5,3.0,3.0,123.0011,125.3344,mfcc_regression/Ses03F_impro03_F018.npy
Ses03F_impro03_F019,Session3,hap,3.5,3.5,3.0,129.4075,135.3764,mfcc_regression/Ses03F_impro03_F019.npy
Ses03F_impro03_F020,Session3,hap,3.0,4.0,4.0,138.7565,142.0166,mfcc_regression/Ses03F_impro03_F020.npy
Ses03F_impro03_F021,Session3,hap,3.5,3.5,3.5,142.1038,147.948,mfcc_regression/Ses03F_impro03_F021.npy
Ses03F_impro03_F024,Session3,exc,4.5,4.5,4.0,164.6825,167.9625,mfcc_regression/Ses03F_impro03_F024.npy
Ses03F_impro03_M000,Session3,exc,4.5,4.0,4.0,2.1064,8.98,mfcc_regression/Ses03F_impro03_M000.npy
Ses03F_impro03_M001,Session3,exc,4.5,4.5,4.0,10.32,14.51,mfcc_regression/Ses03F_impro03_M001.npy
Ses03F_impro03_M002,Session3,exc,4.0,3.0,3.5,16.5675,19.0675,mfcc_regression/Ses03F_impro03_M002.npy
Ses03F_impro03_M005,Session3,exc,4.0,3.0,4.0,29.9407,31.5653,mfcc_regression/Ses03F_impro03_M005.npy
Ses03F_impro03_M006,Session3,exc,4.5,3.5,4.0,35.3225,41.09,mfcc_regression/Ses03F_impro03_M006.npy
Ses03F_impro03_M007,Session3,exc,4.5,4.0,3.5,45.0201,50.9625,mfcc_regression/Ses03F_impro03_M007.npy
Ses03F_impro03_M009,Session3,sur,3.5,2.5,3.0,69.6325,71.1625,mfcc_regression/Ses03F_impro03_M009.npy
Ses03F_impro03_M010,Session3,exc,4.0,2.5,3.5,77.245,78.5916,mfcc_regression/Ses03F_impro03_M010.npy
Ses03F_impro03_M015,Session3,hap,4.0,2.5,3.5,124.86,129.7394,mfcc_regression/Ses03F_impro03_M015.npy
Ses03F_impro03_M021,Session3,exc,4.0,4.0,3.0,163.3825,168.8625,mfcc_regression/Ses03F_impro03_M021.npy
Ses03M_impro08b_F001,Session3,fru,1.5,4.0,4.5,17.54,25.32,mfcc_regression/Ses03M_impro08b_F001.npy
Ses03M_impro08b_F002,Session3,fru,1.5,3.5,4.5,30.88,36.94,mfcc_regression/Ses03M_impro08b_F002.npy
Ses03M_impro08b_F003,Session3,fru,2.0,3.0,3.5,37.94,42.03,mfcc_regression/Ses03M_impro08b_F003.npy
Ses03M_impro08b_F004,Session3,fru,1.5,4.5,4.5,44.69,49.21,mfcc_regression/Ses03M_impro08b_F004.npy
Ses03M_impro08b_F005,Session3,ang,1.5,3.5,4.0,49.65,52.01,mfcc_regression/Ses03M_impro08b_F005.npy
Ses03M_impro08b_F006,Session3,ang,1.5,2.5,4.0,52.26,58.7975,mfcc_regression/Ses03M_impro08b_F006.npy
Ses03M_impro08b_F007,Session3,fru,2.0,4.0,4.5,58.86,65.3,mfcc_regression/Ses03M_impro08b_F007.npy
Ses03M_impro08b_F008,Session3,fru,1.5,3.5,4.5,69.82,77.46,mfcc_regression/Ses03M_impro08b_F008.npy
Ses03M_impro08b_F009,Session3,fru,1.5,3.5,4.0,78.18,83.7,mfcc_regression/Ses03M_impro08b_F009.npy
Ses03M_impro08b_F010,Session3,fru,2.0,3.5,4.5,86.87,93.38,mfcc_regression/Ses03M_impro08b_F010.npy
Ses03M_impro08b_F011,Session3,fru,1.5,4.0,4.5,104.39,114.79,mfcc_regression/Ses03M_impro08b_F011.npy
Ses03M_impro08b_F012,Session3,fru,2.0,4.0,4.0,120.26,126.69,mfcc_regression/Ses03M_impro08b_F012.npy
Ses03M_impro08b_F013,Session3,fru,1.5,4.0,4.5,127.63,135.86,mfcc_regression/Ses03M_impro08b_F013.npy
Ses03M_impro08b_F014,Session3,fru,2.0,3.5,4.0,138.34,142.61,mfcc_regression/Ses03M_impro08b_F014.npy
Ses03M_impro08b_F015,Session3,fru,1.5,4.0,4.0,151.39,155.52,mfcc_regression/Ses03M_impro08b_F015.npy
Ses03M_impro08b_F016,Session3,fru,2.5,3.0,2.5,156.72,158.38,mfcc_regression/Ses03M_impro08b_F016.npy
Ses03M_impro08b_F021,Session3,neu,2.5,3.0,3.0,192.12,196.91,mfcc_regression/Ses03M_impro08b_F021.npy
Ses03M_impro08b_F023,Session3,neu,3.0,2.5,2.5,203.4325,204.7875,mfcc_regression/Ses03M_impro08b_F023.npy
Ses03M_impro08b_F024,Session3,neu,4.0,2.5,2.5,207.0,209.66,mfcc_regression/Ses03M_impro08b_F024.npy
Ses03M_impro08b_M000,Session3,neu,3.0,3.0,3.0,15.12,17.52,mfcc_regression/Ses03M_impro08b_M000.npy
Ses03M_impro08b_M001,Session3,neu,2.5,3.5,3.5,24.13,31.92,mfcc_regression/Ses03M_impro08b_M001.npy
Ses03M_impro08b_M002,Session3,neu,2.5,2.5,3.0,34.92,39.08,mfcc_regression/Ses03M_impro08b_M002.npy
Ses03M_impro08b_M003,Session3,neu,3.0,2.5,3.0,42.08,45.59,mfcc_regression/Ses03M_impro08b_M003.npy
Ses03M_impro08b_M004,Session3,neu,2.0,2.5,3.0,48.48,52.79,mfcc_regression/Ses03M_impro08b_M004.npy
Ses03M_impro08b_M005,Session3,neu,3.0,3.0,4.0,64.77,75.67,mfcc_regression/Ses03M_impro08b_M005.npy
Ses03M_impro08b_M006,Session3,neu,2.5,2.5,3.5,75.98,78.5,mfcc_regression/Ses03M_impro08b_M006.npy
Ses03M_impro08b_M007,Session3,neu,2.5,3.0,3.5,83.15,88.98,mfcc_regression/Ses03M_impro08b_M007.npy
Ses03M_impro08b_M008,Session3,neu,2.5,2.5,3.0,92.73,98.39,mfcc_regression/Ses03M_impro08b_M008.npy
Ses03M_impro08b_M009,Session3,neu,3.0,3.0,3.0,98.5,106.5,mfcc_regression/Ses03M_impro08b_M009.npy
Ses03M_impro08b_M010,Session3,neu,3.0,3.5,4.0,113.68,122.84,mfcc_regression/Ses03M_impro08b_M010.npy
Ses03M_impro08b_M011,Session3,neu,3.0,3.0,3.0,123.0,130.19,mfcc_regression/Ses03M_impro08b_M011.npy
Ses03M_impro08b_M012,Session3,neu,3.0,2.5,4.0,132.68,138.85,mfcc_regression/Ses03M_impro08b_M012.npy
Ses03M_impro08b_M013,Session3,neu,3.0,3.0,3.0,142.13,146.51,mfcc_regression/Ses03M_impro08b_M013.npy
Ses03M_impro08b_M014,Session3,neu,3.0,2.5,4.0,146.55,153.83,mfcc_regression/Ses03M_impro08b_M014.npy
Ses03M_impro08b_M015,Session3,neu,2.5,3.5,4.0,154.71,157.39,mfcc_regression/Ses03M_impro08b_M015.npy
Ses03M_impro08b_M016,Session3,neu,3.0,3.0,3.0,157.48,160.87,mfcc_regression/Ses03M_impro08b_M016.npy
Ses03M_impro08b_M017,Session3,neu,3.0,3.0,3.5,164.97,170.84,mfcc_regression/Ses03M_impro08b_M017.npy
Ses03M_impro08b_M018,Session3,neu,3.0,2.5,3.0,174.59,177.5,mfcc_regression/Ses03M_impro08b_M018.npy
Ses03M_impro08b_M019,Session3,neu,3.0,3.5,4.0,178.1425,188.83,mfcc_regression/Ses03M_impro08b_M019.npy
Ses03M_impro08b_M020,Session3,neu,3.0,2.5,3.0,188.85,191.06,mfcc_regression/Ses03M_impro08b_M020.npy
Ses03M_impro08b_M021,Session3,neu,3.0,2.5,3.0,198.82,201.91,mfcc_regression/Ses03M_impro08b_M021.npy
Ses03M_impro08b_M022,Session3,neu,3.5,3.0,3.5,204.39,208.88,mfcc_regression/Ses03M_impro08b_M022.npy
Ses03F_impro01_F002,Session3,neu,2.6667,2.3333,2.3333,18.22,20.075,mfcc_regression/Ses03F_impro01_F002.npy
Ses03F_impro01_F003,Session3,fru,2.3333,3.6667,3.6667,27.205,32.43,mfcc_regression/Ses03F_impro01_F003.npy
Ses03F_impro01_F004,Session3,fru,3.0,3.3333,2.6667,32.47,36.102,mfcc_regression/Ses03F_impro01_F004.npy
Ses03F_impro01_F005,Session3,fru,2.0,3.6667,4.0,40.1,43.22,mfcc_regression/Ses03F_impro01_F005.npy
Ses03F_impro01_F006,Session3,fru,2.0,4.3333,3.6667,43.24,48.4375,mfcc_regression/Ses03F_impro01_F006.npy
Ses03F_impro01_F007,Session3,fru,2.0,3.6667,3.3333,50.275,55.09,mfcc_regression/Ses03F_impro01_F007.npy
Ses03F_impro01_F008,Session3,fru,2.0,3.3333,2.0,55.2125,56.3125,mfcc_regression/Ses03F_impro01_F008.npy
Ses03F_impro01_F009,Session3,fru,2.0,4.0,2.3333,66.26,72.37,mfcc_regression/Ses03F_impro01_F009.npy
Ses03F_impro01_F011,Session3,fru,3.3333,3.3333,2.0,80.19,82.3875,mfcc_regression/Ses03F_impro01_F011.npy
Ses03F_impro01_M001,Session3,neu,2.6667,2.3333,2.0,14.52,18.7025,mfcc_regression/Ses03F_impro01_M001.npy
Ses03F_impro01_M002,Session3,neu,3.0,2.6667,3.3333,20.28,27.9575,mfcc_regression/Ses03F_impro01_M002.npy
Ses03F_impro01_M003,Session3,neu,3.0,3.0,3.0,31.3775,32.68,mfcc_regression/Ses03F_impro01_M003.npy
Ses03F_impro01_M004,Session3,neu,3.0,2.0,2.6667,36.7475,39.12,mfcc_regression/Ses03F_impro01_M004.npy
Ses03F_impro01_M005,Session3,neu,3.0,2.6667,2.6667,39.21,40.8066,mfcc_regression/Ses03F_impro01_M005.npy
Ses03F_impro01_M006,Session3,fru,3.0,2.6667,2.3333,49.935,51.5625,mfcc_regression/Ses03F_impro01_M006.npy
Ses03F_impro01_M007,Session3,fru,2.3333,3.6667,3.6667,52.6325,54.3375,mfcc_regression/Ses03F_impro01_M007.npy
Ses03F_impro01_M008,Session3,fru,2.6667,2.6667,3.3333,54.9204,60.97,mfcc_regression/Ses03F_impro01_M008.npy
Ses03F_impro01_M009,Session3,fru,3.0,3.3333,3.3333,61.02,67.67,mfcc_regression/Ses03F_impro01_M009.npy
Ses03M_impro08a_F000,Session3,fru,1.5,4.0,4.5,10.7663,18.3382,mfcc_regression/Ses03M_impro08a_F000.npy
Ses03M_impro08a_F001,Session3,fru,2.0,3.5,4.0,19.8763,26.9925,mfcc_regression/Ses03M_impro08a_F001.npy
Ses03M_impro08a_F002,Session3,fru,2.0,4.5,4.0,27.0735,31.6225,mfcc_regression/Ses03M_impro08a_F002.npy
Ses03M_impro08a_F003,Session3,fru,1.0,4.5,4.0,31.7275,36.8342,mfcc_regression/Ses03M_impro08a_F003.npy
Ses03M_impro08a_F004,Session3,neu,2.5,2.0,2.0,41.3695,44.4061,mfcc_regression/Ses03M_impro08a_F004.npy
Ses03M_impro08a_F005,Session3,fru,3.5,3.0,2.5,45.9836,48.5076,mfcc_regression/Ses03M_impro08a_F005.npy
Ses03M_impro08a_F006,Session3,fru,1.0,4.5,4.5,52.5302,61.8176,mfcc_regression/Ses03M_impro08a_F006.npy
Ses03M_impro08a_F007,Session3,fru,1.0,4.5,5.0,61.8767,69.4487,mfcc_regression/Ses03M_impro08a_F007.npy
Ses03M_impro08a_F008,Session3,fru,2.0,4.0,4.5,74.8318,81.19,mfcc_regression/Ses03M_impro08a_F008.npy
Ses03M_impro08a_F009,Session3,fru,1.5,5.0,5.0,81.2225,92.2433,mfcc_regression/Ses03M_impro08a_F009.npy
Ses03M_impro08a_F010,Session3,fru,1.5,3.5,4.5,94.6884,99.756,mfcc_regression/Ses03M_impro08a_F010.npy
Ses03M_impro08a_F011,Session3,fru,2.0,4.0,4.5,99.9335,102.3589,mfcc_regression/Ses03M_impro08a_F011.npy
Ses03M_impro08a_F012,Session3,fru,2.0,4.0,4.5,105.5533,110.1575,mfcc_regression/Ses03M_impro08a_F012.npy
Ses03M_impro08a_F013,Session3,ang,1.5,4.0,4.5,110.2,117.8182,mfcc_regression/Ses03M_impro08a_F013.npy
Ses03M_impro08a_F014,Session3,ang,2.0,3.5,4.0,118.4295,121.2295,mfcc_regression/Ses03M_impro08a_F014.npy
Ses03M_impro08a_F015,Session3,ang,1.5,3.0,5.0,121.3084,126.2775,mfcc_regression/Ses03M_impro08a_F015.npy
Ses03M_impro08a_F016,Session3,fru,1.5,3.5,3.5,132.0353,134.4212,mfcc_regression/Ses03M_impro08a_F016.npy
Ses03M_impro08a_F017,Session3,fru,2.0,3.0,4.0,134.4804,137.0635,mfcc_regression/Ses03M_impro08a_F017.npy
Ses03M_impro08a_F018,Session3,fru,1.0,4.5,5.0,138.8579,146.9819,mfcc_regression/Ses03M_impro08a_F018.npy
Ses03M_impro08a_F019,Session3,fru,1.5,3.5,4.5,149.4664,152.4439,mfcc_regression/Ses03M_impro08a_F019.npy
Ses03M_impro08a_F020,Session3,ang,2.0,3.5,4.5,154.2778,158.6553,mfcc_regression/Ses03M_impro08a_F020.npy
Ses03M_impro08a_F021,Session3,ang,1.5,4.5,4.5,158.675,166.4244,mfcc_regression/Ses03M_impro08a_F021.npy
Ses03M_impro08a_F022,Session3,ang,2.0,3.0,4.0,167.568,169.7174,mfcc_regression/Ses03M_impro08a_F022.npy
Ses03M_impro08a_F023,Session3,fru,1.5,3.5,4.5,169.7568,173.6019,mfcc_regression/Ses03M_impro08a_F023.npy
Ses03M_impro08a_F024,Session3,fru,1.5,3.0,3.5,180.0104,183.8753,mfcc_regression/Ses03M_impro08a_F024.npy
Ses03M_impro08a_F025,Session3,fru,1.5,4.0,4.5,183.8875,188.0359,mfcc_regression/Ses03M_impro08a_F025.npy
Ses03M_impro08a_F027,Session3,fru,2.0,4.0,4.0,201.0304,207.7347,mfcc_regression/Ses03M_impro08a_F027.npy
Ses03M_impro08a_F028,Session3,fru,1.5,3.5,4.5,209.884,215.3575,mfcc_regression/Ses03M_impro08a_F028.npy
Ses03M_impro08a_F029,Session3,fru,2.5,4.0,4.0,218.1658,225.718,mfcc_regression/Ses03M_impro08a_F029.npy
Ses03M_impro08a_F030,Session3,fru,3.0,2.5,3.0,225.7771,229.8392,mfcc_regression/Ses03M_impro08a_F030.npy
Ses03M_impro08a_F031,Session3,fru,2.0,5.0,4.5,230.4899,239.5801,mfcc_regression/Ses03M_impro08a_F031.npy
Ses03M_impro08a_F032,Session3,fru,2.0,3.5,4.5,239.6393,242.9323,mfcc_regression/Ses03M_impro08a_F032.npy
Ses03M_impro08a_F033,Session3,fru,2.5,2.5,3.5,245.3971,248.907,mfcc_regression/Ses03M_impro08a_F033.npy
Ses03M_impro08a_F034,Session3,fru,1.5,4.0,4.5,249.7746,262.7494,mfcc_regression/Ses03M_impro08a_F034.npy
Ses03M_impro08a_F035,Session3,fru,1.5,4.0,4.5,266.4367,274.7974,mfcc_regression/Ses03M_impro08a_F035.npy
Ses03M_impro08a_M000,Session3,neu,3.0,3.0,2.5,6.5663,11.4367,mfcc_regression/Ses03M_impro08a_M000.npy
Ses03M_impro08a_M001,Session3,neu,3.0,2.0,3.0,17.6481,20.8228,mfcc_regression/Ses03M_impro08a_M001.npy
Ses03M_impro08a_M002,Session3,neu,3.0,2.5,3.5,34.1722,42.0202,mfcc_regression/Ses03M_impro08a_M002.npy
Ses03M_impro08a_M003,Session3,neu,3.0,2.5,3.0,43.4794,46.8315,mfcc_regression/Ses03M_impro08a_M003.npy
Ses03M_impro08a_M004,Session3,neu,3.0,3.5,3.5,47.7977,53.2597,mfcc_regression/Ses03M_impro08a_M004.npy
Ses03M_impro08a_M005,Session3,neu,2.5,2.5,3.0,60.1218,62.9021,mfcc_regression/Ses03M_impro08a_M005.npy
Ses03M_impro08a_M006,Session3,neu,2.5,2.5,3.5,68.6402,77.553,mfcc_regression/Ses03M_impro08a_M006.npy
Ses03M_impro08a_M007,Session3,neu,3.0,2.5,3.0,87.7474,90.4292,mfcc_regression/Ses03M_impro08a_M007.npy
Ses03M_impro08a_M008,Session3,neu,3.0,2.0,3.0,91.0602,95.6349,mfcc_regression/Ses03M_impro08a_M008.npy
Ses03M_impro08a_M009,Session3,neu,3.5,3.0,2.5,98.8687,101.6293,mfcc_regression/Ses03M_impro08a_M009.npy
Ses03M_impro08a_M010,Session3,neu,3.0,3.5,3.5,101.7279,107.3871,mfcc_regression/Ses03M_impro08a_M010.npy
Ses03M_impro08a_M011,Session3,fru,2.0,3.5,3.0,116.221,122.3732,mfcc_regression/Ses03M_impro08a_M011.npy
Ses03M_impro08a_M012,Session3,neu,3.0,4.0,4.0,125.5676,133.948,mfcc_regression/Ses03M_impro08a_M012.npy
Ses03M_impro08a_M013,Session3,neu,3.0,3.0,4.0,134.2043,140.4156,mfcc_regression/Ses03M_impro08a_M013.npy
Ses03M_impro08a_M014,Session3,fru,2.5,3.0,3.0,141.8945,144.4579,mfcc_regression/Ses03M_impro08a_M014.npy
Ses03M_impro08a_M015,Session3,fru,2.0,3.0,4.0,144.5565,150.0974,mfcc_regression/Ses03M_impro08a_M015.npy
Ses03M_impro08a_M016,Session3,neu,2.0,3.0,3.5,151.3989,157.4327,mfcc_regression/Ses03M_impro08a_M016.npy
Ses03M_impro08a_M017,Session3,neu,3.0,2.0,2.5,162.1454,164.3145,mfcc_regression/Ses03M_impro08a_M017.npy
Ses03M_impro08a_M018,Session3,neu,2.5,2.5,3.0,165.8131,170.0329,mfcc_regression/Ses03M_impro08a_M018.npy
Ses03M_impro08a_M019,Session3,neu,3.0,3.0,3.5,171.3737,181.1935,mfcc_regression/Ses03M_impro08a_M019.npy
Ses03M_impro08a_M020,Session3,neu,2.0,3.0,3.5,185.9851,190.8753,mfcc_regression/Ses03M_impro08a_M020.npy
Ses03M_impro08a_M021,Session3,neu,3.0,3.0,4.0,196.2388,203.5544,mfcc_regression/Ses03M_impro08a_M021.npy
Ses03M_impro08a_M022,Session3,neu,2.5,2.0,3.0,206.9065,211.1854,mfcc_regression/Ses03M_impro08a_M022.npy
Ses03M_impro08a_M023,Session3,neu,2.5,3.0,3.5,214.8728,218.8559,mfcc_regression/Ses03M_impro08a_M023.npy
Ses03M_impro08a_M024,Session3,neu,3.0,3.5,2.5,227.9067,231.1406,mfcc_regression/Ses03M_impro08a_M024.npy
Ses03M_impro08a_M025,Session3,neu,3.0,3.5,3.0,242.3999,246.0675,mfcc_regression/Ses03M_impro08a_M025.npy
Ses03M_impro08a_M026,Session3,neu,3.0,2.0,3.0,247.9999,250.6619,mfcc_regression/Ses03M_impro08a_M026.npy
Ses03M_impro08a_M027,Session3,neu,2.5,2.5,4.0,261.2113,268.4283,mfcc_regression/Ses03M_impro08a_M027.npy
Ses03M_impro07_F000,Session3,hap,4.0,3.5,3.0,5.45,7.98,mfcc_regression/Ses03M_impro07_F000.npy
Ses03M_impro07_F001,Session3,hap,4.0,3.0,3.0,9.64,11.6,mfcc_regression/Ses03M_impro07_F001.npy
Ses03M_impro07_F003,Session3,sur,4.5,4.0,3.5,18.77,24.835,mfcc_regression/Ses03M_impro07_F003.npy
Ses03M_impro07_F004,Session3,sur,2.5,4.0,3.5,26.91,29.83,mfcc_regression/Ses03M_impro07_F004.npy
Ses03M_impro07_F005,Session3,sur,4.0,4.0,4.0,31.64,38.71,mfcc_regression/Ses03M_impro07_F005.npy
Ses03M_impro07_F006,Session3,exc,5.0,4.5,4.5,39.28,45.725,mfcc_regression/Ses03M_impro07_F006.npy
Ses03M_impro07_F007,Session3,exc,4.5,4.0,4.0,45.92,48.36,mfcc_regression/Ses03M_impro07_F007.npy
Ses03M_impro07_F008,Session3,hap,4.0,3.0,3.0,50.62,53.06,mfcc_regression/Ses03M_impro07_F008.npy
Ses03M_impro07_F009,Session3,exc,4.0,4.0,4.0,53.81,60.64,mfcc_regression/Ses03M_impro07_F009.npy
Ses03M_impro07_F010,Session3,hap,3.5,3.0,2.5,73.7,75.255,mfcc_regression/Ses03M_impro07_F010.npy
Ses03M_impro07_F011,Session3,hap,3.0,3.5,3.0,81.0,85.07,mfcc_regression/Ses03M_impro07_F011.npy
Ses03M_impro07_F012,Session3,hap,3.5,3.5,2.5,86.77,88.37,mfcc_regression/Ses03M_impro07_F012.npy
Ses03M_impro07_F013,Session3,hap,4.0,3.0,3.0,88.99,97.0,mfcc_regression/Ses03M_impro07_F013.npy
Ses03M_impro07_F014,Session3,hap,3.5,3.0,2.5,98.78,101.55,mfcc_regression/Ses03M_impro07_F014.npy
Ses03M_impro07_F016,Session3,exc,4.0,3.0,3.0,107.74,111.64,mfcc_regression/Ses03M_impro07_F016.npy
Ses03M_impro07_F017,Session3,hap,4.0,4.0,3.5,111.91,116.27,mfcc_regression/Ses03M_impro07_F017.npy
Ses03M_impro07_F018,Session3,exc,4.0,4.0,3.5,120.71,124.11,mfcc_regression/Ses03M_impro07_F018.npy
Ses03M_impro07_F019,Session3,hap,4.0,3.5,3.0,125.51,127.85,mfcc_regression/Ses03M_impro07_F019.npy
Ses03M_impro07_F023,Session3,neu,4.5,4.5,1.5,150.97,154.26,mfcc_regression/Ses03M_impro07_F023.npy
Ses03M_impro07_M002,Session3,exc,5.0,5.0,2.0,12.42,17.0,mfcc_regression/Ses03M_impro07_M002.npy
Ses03M_impro07_M003,Session3,exc,5.5,5.0,2.0,17.14,21.0,mfcc_regression/Ses03M_impro07_M003.npy
Ses03M_impro07_M004,Session3,exc,5.0,5.0,2.0,21.04,22.41,mfcc_regression/Ses03M_impro07_M004.npy
Ses03M_impro07_M005,Session3,exc,5.0,4.5,1.5,22.63,24.52,mfcc_regression/Ses03M_impro07_M005.npy
Ses03M_impro07_M006,Session3,exc,5.0,4.5,2.0,24.5925,27.41,mfcc_regression/Ses03M_impro07_M006.npy
Ses03M_impro07_M007,Session3,exc,5.0,5.0,2.0,27.9125,28.4975,mfcc_regression/Ses03M_impro07_M007.npy
Ses03M_impro07_M008,Session3,exc,4.5,5.0,2.0,29.42,33.34,mfcc_regression/Ses03M_impro07_M008.npy
Ses03M_impro07_M009,Session3,neu,5.0,4.0,1.5,38.27,39.77,mfcc_regression/Ses03M_impro07_M009.npy
Ses03M_impro07_M010,Session3,exc,5.5,5.0,2.0,45.47,47.15,mfcc_regression/Ses03M_impro07_M010.npy
Ses03M_impro07_M011,Session3,exc,5.0,5.0,1.5,47.91,50.96,mfcc_regression/Ses03M_impro07_M011.npy
Ses03M_impro07_M013,Session3,exc,5.5,5.0,2.0,66.62,74.82,mfcc_regression/Ses03M_impro07_M013.npy
Ses03M_impro07_M014,Session3,hap,5.0,4.5,2.0,74.89,81.26,mfcc_regression/Ses03M_impro07_M014.npy
Ses03M_impro07_M015,Session3,exc,5.0,4.5,2.0,83.7,87.66,mfcc_regression/Ses03M_impro07_M015.npy
Ses03M_impro07_M016,Session3,exc,5.0,4.5,1.5,87.82,89.59,mfcc_regression/Ses03M_impro07_M016.npy
Ses03M_impro07_M017,Session3,exc,5.0,4.5,1.5,95.47,99.15,mfcc_regression/Ses03M_impro07_M017.npy
Ses03M_impro07_M018,Session3,exc,5.0,4.5,1.5,100.02,107.63,mfcc_regression/Ses03M_impro07_M018.npy
Ses03M_impro07_M019,Session3,exc,5.0,4.5,1.5,111.19,112.78,mfcc_regression/Ses03M_impro07_M019.npy
Ses03M_impro07_M020,Session3,exc,5.0,5.0,2.0,115.65,121.05,mfcc_regression/Ses03M_impro07_M020.npy
Ses03M_impro07_M022,Session3,exc,5.0,5.0,2.0,123.26,127.07,mfcc_regression/Ses03M_impro07_M022.npy
Ses03M_impro07_M023,Session3,exc,5.0,5.0,2.0,127.28,132.4475,mfcc_regression/Ses03M_impro07_M023.npy
Ses03M_impro07_M024,Session3,exc,5.0,5.0,2.0,132.89,135.38,mfcc_regression/Ses03M_impro07_M024.npy
Ses03M_impro07_M025,Session3,hap,4.5,5.0,1.5,140.91,149.56,mfcc_regression/Ses03M_impro07_M025.npy
Ses03M_impro06_F000,Session3,sad,3.0,2.0,3.0,9.6133,14.6512,mfcc_regression/Ses03M_impro06_F000.npy
Ses03M_impro06_F001,Session3,sad,3.5,2.5,2.5,19.2023,22.2932,mfcc_regression/Ses03M_impro06_F001.npy
Ses03M_impro06_F002,Session3,sad,2.0,2.0,2.5,27.9882,31.5658,mfcc_regression/Ses03M_impro06_F002.npy
Ses03M_impro06_F003,Session3,sad,3.0,2.0,2.5,34.1943,36.7984,mfcc_regression/Ses03M_impro06_F003.npy
Ses03M_impro06_F004,Session3,sad,2.0,2.0,3.0,36.8471,40.23,mfcc_regression/Ses03M_impro06_F004.npy
Ses03M_impro06_F005,Session3,sad,2.0,2.5,4.0,53.4939,57.3393,mfcc_regression/Ses03M_impro06_F005.npy
Ses03M_impro06_F007,Session3,sad,2.5,2.5,3.5,76.5173,82.7477,mfcc_regression/Ses03M_impro06_F007.npy
Ses03M_impro06_F008,Session3,sad,1.5,2.5,3.5,96.6931,98.8348,mfcc_regression/Ses03M_impro06_F008.npy
Ses03M_impro06_F009,Session3,sad,2.0,2.0,3.0,100.1004,103.1912,mfcc_regression/Ses03M_impro06_F009.npy
Ses03M_impro06_F010,Session3,sad,3.5,2.5,3.5,123.8051,132.2016,mfcc_regression/Ses03M_impro06_F010.npy
Ses03M_impro06_F011,Session3,sad,3.0,2.5,4.0,132.9074,136.8014,mfcc_regression/Ses03M_impro06_F011.npy
Ses03M_impro06_F012,Session3,sad,3.0,2.0,3.0,164.0351,166.3472,mfcc_regression/Ses03M_impro06_F012.npy
Ses03M_impro06_F013,Session3,sad,2.5,3.0,3.5,167.9048,175.1087,mfcc_regression/Ses03M_impro06_F013.npy
Ses03M_impro06_F014,Session3,sad,2.0,2.5,3.0,177.1044,179.2704,mfcc_regression/Ses03M_impro06_F014.npy
Ses03M_impro06_F015,Session3,sad,2.0,2.0,3.5,180.8037,182.9697,mfcc_regression/Ses03M_impro06_F015.npy
Ses03M_impro06_F016,Session3,sad,3.0,2.5,2.5,212.9536,219.8655,mfcc_regression/Ses03M_impro06_F016.npy
Ses03M_impro06_F017,Session3,sad,3.5,2.5,3.5,220.2792,223.6378,mfcc_regression/Ses03M_impro06_F017.npy
Ses03M_impro06_F018,Session3,sad,2.5,2.5,3.0,228.6513,230.6713,mfcc_regression/Ses03M_impro06_F018.npy
Ses03M_impro06_F019,Session3,sad,2.5,2.0,3.0,231.9856,234.9547,mfcc_regression/Ses03M_impro06_F019.npy
Ses03M_impro06_F020,Session3,sad,1.5,1.5,4.0,240.3577,244.349,mfcc_regression/Ses03M_impro06_F020.npy
Ses03M_impro06_M000,Session3,sad,3.0,2.0,2.5,13.5804,16.6469,mfcc_regression/Ses03M_impro06_M000.npy
Ses03M_impro06_M001,Session3,sad,3.5,2.5,2.5,17.2553,20.0055,mfcc_regression/Ses03M_impro06_M001.npy
Ses03M_impro06_M002,Session3,sad,2.5,2.0,3.0,21.3927,24.4349,mfcc_regression/Ses03M_impro06_M002.npy
Ses03M_impro06_M003,Session3,sad,2.5,2.0,3.0,30.8844,35.1434,mfcc_regression/Ses03M_impro06_M003.npy
Ses03M_impro06_M004,Session3,sad,2.5,2.5,3.5,40.1813,44.416,mfcc_regression/Ses03M_impro06_M004.npy
Ses03M_impro06_M005,Session3,sad,2.0,2.0,3.5,44.489,48.8941,mfcc_regression/Ses03M_impro06_M005.npy
Ses03M_impro06_M006,Session3,sad,2.0,2.5,3.5,48.9915,53.5183,mfcc_regression/Ses03M_impro06_M006.npy
Ses03M_impro06_M007,Session3,sad,2.5,3.0,3.0,57.8747,60.7465,mfcc_regression/Ses03M_impro06_M007.npy
Ses03M_impro06_M008,Session3,sad,3.0,2.5,3.5,60.8439,68.7049,mfcc_regression/Ses03M_impro06_M008.npy
Ses03M_impro06_M009,Session3,sad,2.5,2.5,3.5,68.924,74.4242,mfcc_regression/Ses03M_impro06_M009.npy
Ses03M_impro06_M010,Session3,sad,2.0,2.0,3.0,82.699,88.686,mfcc_regression/Ses03M_impro06_M010.npy
Ses03M_impro06_M011,Session3,sad,2.0,2.5,3.5,88.9294,94.2593,mfcc_regression/Ses03M_impro06_M011.npy
Ses03M_impro06_M012,Session3,sad,1.5,3.0,3.0,94.3324,97.4719,mfcc_regression/Ses03M_impro06_M012.npy
Ses03M_impro06_M013,Session3,sad,2.0,2.5,3.5,97.5449,100.9765,mfcc_regression/Ses03M_impro06_M013.npy
Ses03M_impro06_M014,Session3,sad,2.0,3.0,3.5,103.0452,106.1847,mfcc_regression/Ses03M_impro06_M014.npy
Ses03M_impro06_M015,Session3,sad,2.0,2.5,3.0,106.3064,111.1739,mfcc_regression/Ses03M_impro06_M015.npy
Ses03M_impro06_M016,Session3,sad,2.5,3.0,3.5,112.0501,116.6986,mfcc_regression/Ses03M_impro06_M016.npy
Ses03M_impro06_M017,Session3,sad,1.5,3.0,4.5,117.015,121.9555,mfcc_regression/Ses03M_impro06_M017.npy
Ses03M_impro06_M018,Session3,sad,2.5,2.0,3.0,137.9453,142.8858,mfcc_regression/Ses03M_impro06_M018.npy
Ses03M_impro06_M019,Session3,sad,2.5,2.5,4.0,143.6889,152.0367,mfcc_regression/Ses03M_impro06_M019.npy
Ses03M_impro06_M020,Session3,sad,2.5,1.5,3.5,152.3044,156.2958,mfcc_regression/Ses03M_impro06_M020.npy
Ses03M_impro06_M021,Session3,sad,2.5,3.0,3.5,156.4905,161.4797,mfcc_regression/Ses03M_impro06_M021.npy
Ses03M_impro06_M022,Session3,sad,2.0,2.0,3.5,161.7717,164.8139,mfcc_regression/Ses03M_impro06_M022.npy
Ses03M_impro06_M023,Session3,sad,2.0,1.5,3.5,175.1087,178.2726,mfcc_regression/Ses03M_impro06_M023.npy
Ses03M_impro06_M024,Session3,sad,3.0,3.5,2.5,182.0206,184.6003,mfcc_regression/Ses03M_impro06_M024.npy
Ses03M_impro06_M025,Session3,sad,3.0,2.0,3.5,185.4522,189.8573,mfcc_regression/Ses03M_impro06_M025.npy
Ses03M_impro06_M026,Session3,sad,2.5,3.0,4.0,190.052,199.5193,mfcc_regression/Ses03M_impro06_M026.npy
Ses03M_impro06_M027,Session3,sad,2.5,2.5,3.0,199.61,204.8248,mfcc_regression/Ses03M_impro06_M027.npy
Ses03M_impro06_M028,Session3,sad,2.5,3.0,3.5,204.8979,208.8892,mfcc_regression/Ses03M_impro06_M028.npy
Ses03M_impro06_M029,Session3,sad,2.5,3.0,3.5,209.0109,212.8562,mfcc_regression/Ses03M_impro06_M029.npy
Ses03M_impro06_M030,Session3,sad,2.5,2.0,3.0,219.2327,221.3744,mfcc_regression/Ses03M_impro06_M030.npy
Ses03M_impro06_M031,Session3,sad,2.5,2.5,3.0,224.3922,226.9233,mfcc_regression/Ses03M_impro06_M031.npy
Ses03M_impro06_M032,Session3,sad,2.5,2.5,3.5,227.0694,229.3084,mfcc_regression/Ses03M_impro06_M032.npy
Ses03M_impro04_F001,Session3,neu,3.0,2.5,2.5,13.85,17.3375,mfcc_regression/Ses03M_impro04_F001.npy
Ses03M_impro04_F002,Session3,fru,2.5,2.5,2.0,19.89,24.66,mfcc_regression/Ses03M_impro04_F002.npy
Ses03M_impro04_F003,Session3,neu,3.0,2.0,2.0,29.65,31.36,mfcc_regression/Ses03M_impro04_F003.npy
Ses03M_impro04_F004,Session3,neu,3.0,2.0,2.0,33.44,35.72,mfcc_regression/Ses03M_impro04_F004.npy
Ses03M_impro04_F005,Session3,sur,2.5,2.0,2.0,38.65,43.08,mfcc_regression/Ses03M_impro04_F005.npy
Ses03M_impro04_F007,Session3,sad,3.0,1.5,1.5,74.06,75.65,mfcc_regression/Ses03M_impro04_F007.npy
Ses03M_impro04_F008,Session3,sad,3.0,2.0,1.5,81.54,82.79,mfcc_regression/Ses03M_impro04_F008.npy
Ses03M_impro04_F010,Session3,exc,4.0,2.0,1.5,91.26,93.45,mfcc_regression/Ses03M_impro04_F010.npy
Ses03M_impro04_F014,Session3,neu,3.0,2.0,2.0,129.02,131.8,mfcc_regression/Ses03M_impro04_F014.npy
Ses03M_impro04_F015,Session3,neu,3.0,3.0,2.5,133.6,136.9575,mfcc_regression/Ses03M_impro04_F015.npy
Ses03M_impro04_F023,Session3,neu,3.0,2.0,2.0,205.59,212.11,mfcc_regression/Ses03M_impro04_F023.npy
Ses03M_impro04_F024,Session3,fru,3.0,2.0,1.5,212.55,215.03,mfcc_regression/Ses03M_impro04_F024.npy
Ses03M_impro04_F025,Session3,neu,3.0,2.5,2.5,215.34,221.3,mfcc_regression/Ses03M_impro04_F025.npy
Ses03M_impro04_F026,Session3,sur,2.0,3.0,3.0,221.54,227.5,mfcc_regression/Ses03M_impro04_F026.npy
Ses03M_impro04_F028,Session3,fru,3.5,3.0,3.0,248.83,256.3,mfcc_regression/Ses03M_impro04_F028.npy
Ses03M_impro04_F029,Session3,neu,3.0,2.5,3.0,265.84,268.88,mfcc_regression/Ses03M_impro04_F029.npy
Ses03M_impro04_F030,Session3,neu,3.0,2.5,2.5,270.73,273.81,mfcc_regression/Ses03M_impro04_F030.npy
Ses03M_impro04_F031,Session3,neu,4.0,2.0,2.5,277.5,279.99,mfcc_regression/Ses03M_impro04_F031.npy
Ses03M_impro04_F032,Session3,neu,4.0,2.5,2.0,285.47,287.84,mfcc_regression/Ses03M_impro04_F032.npy
Ses03M_impro04_M000,Session3,sad,2.5,1.5,1.5,8.13,11.29,mfcc_regression/Ses03M_impro04_M000.npy
Ses03M_impro04_M001,Session3,fru,2.0,3.0,3.5,16.91,20.43,mfcc_regression/Ses03M_impro04_M001.npy
Ses03M_impro04_M002,Session3,fru,2.5,2.0,2.0,24.01,30.0745,mfcc_regression/Ses03M_impro04_M002.npy
Ses03M_impro04_M004,Session3,ang,2.5,2.5,3.0,34.57,36.31,mfcc_regression/Ses03M_impro04_M004.npy
Ses03M_impro04_M005,Session3,fru,3.0,2.0,2.5,43.23,57.03,mfcc_regression/Ses03M_impro04_M005.npy
Ses03M_impro04_M006,Session3,fru,2.0,2.5,3.0,65.95,74.62,mfcc_regression/Ses03M_impro04_M006.npy
Ses03M_impro04_M008,Session3,ang,2.5,3.0,3.0,82.11,85.05,mfcc_regression/Ses03M_impro04_M008.npy
Ses03M_impro04_M009,Session3,fru,2.5,2.5,2.5,88.36,92.14,mfcc_regression/Ses03M_impro04_M009.npy
Ses03M_impro04_M010,Session3,fru,3.0,1.5,1.5,93.68,96.41,mfcc_regression/Ses03M_impro04_M010.npy
Ses03M_impro04_M011,Session3,fru,2.0,2.5,2.5,99.3,105.34,mfcc_regression/Ses03M_impro04_M011.npy
Ses03M_impro04_M012,Session3,fru,2.0,4.0,3.5,105.3575,116.29,mfcc_regression/Ses03M_impro04_M012.npy
Ses03M_impro04_M013,Session3,fru,3.0,2.0,2.5,117.77,119.99,mfcc_regression/Ses03M_impro04_M013.npy
Ses03M_impro04_M014,Session3,neu,3.0,2.0,1.5,127.57,129.49,mfcc_regression/Ses03M_impro04_M014.npy
Ses03M_impro04_M015,Session3,dis,2.5,2.0,1.5,131.91,134.0,mfcc_regression/Ses03M_impro04_M015.npy
Ses03M_impro04_M016,Session3,fru,2.5,3.5,3.0,136.6475,142.73,mfcc_regression/Ses03M_impro04_M016.npy
Ses03M_impro04_M017,Session3,fru,2.0,2.0,2.5,142.765,146.03,mfcc_regression/Ses03M_impro04_M017.npy
Ses03M_impro04_M018,Session3,fru,2.0,2.0,2.5,146.0525,148.7425,mfcc_regression/Ses03M_impro04_M018.npy
Ses03M_impro04_M020,Session3,fru,2.0,2.0,2.5,161.38,165.07,mfcc_regression/Ses03M_impro04_M020.npy
Ses03M_impro04_M021,Session3,fru,2.5,3.0,3.0,170.6,174.52,mfcc_regression/Ses03M_impro04_M021.npy
Ses03M_impro04_M022,Session3,fru,3.0,2.5,2.0,177.74,181.84,mfcc_regression/Ses03M_impro04_M022.npy
Ses03M_impro04_M023,Session3,fru,2.5,3.0,3.0,183.12,190.55,mfcc_regression/Ses03M_impro04_M023.npy
Ses03M_impro04_M024,Session3,neu,3.0,2.5,1.5,193.52,196.48,mfcc_regression/Ses03M_impro04_M024.npy
Ses03M_impro04_M025,Session3,fru,2.5,2.5,2.5,196.66,198.77,mfcc_regression/Ses03M_impro04_M025.npy
Ses03M_impro04_M026,Session3,sad,2.5,1.5,1.5,199.75,201.27,mfcc_regression/Ses03M_impro04_M026.npy
Ses03M_impro04_M027,Session3,fru,3.0,2.0,2.5,201.52,205.9,mfcc_regression/Ses03M_impro04_M027.npy
Ses03M_impro04_M028,Session3,fru,2.5,2.0,2.0,206.4975,209.77,mfcc_regression/Ses03M_impro04_M028.npy
Ses03M_impro04_M029,Session3,fru,2.0,3.0,3.5,211.24,214.08,mfcc_regression/Ses03M_impro04_M029.npy
Ses03M_impro04_M030,Session3,sad,2.5,1.5,2.0,220.38,221.9175,mfcc_regression/Ses03M_impro04_M030.npy
Ses03M_impro04_M031,Session3,sad,2.0,1.5,1.5,225.4,227.06,mfcc_regression/Ses03M_impro04_M031.npy
Ses03M_impro04_M033,Session3,fru,3.0,3.0,2.5,241.62,246.48,mfcc_regression/Ses03M_impro04_M033.npy
Ses03M_impro04_M034,Session3,fru,2.5,3.0,2.5,246.505,249.7,mfcc_regression/Ses03M_impro04_M034.npy
Ses03M_impro04_M035,Session3,fru,2.0,3.0,3.0,255.77,262.57,mfcc_regression/Ses03M_impro04_M035.npy
Ses03M_impro04_M036,Session3,fru,2.0,3.0,3.0,263.3,271.57,mfcc_regression/Ses03M_impro04_M036.npy
Ses03M_impro04_M037,Session3,fru,2.5,2.0,2.5,274.6,277.78,mfcc_regression/Ses03M_impro04_M037.npy
Ses03M_impro04_M038,Session3,neu,3.5,2.0,2.0,279.88,282.21,mfcc_regression/Ses03M_impro04_M038.npy
Ses03M_impro04_M040,Session3,fru,3.5,3.0,3.0,287.81,292.9,mfcc_regression/Ses03M_impro04_M040.npy
Ses03M_impro04_M041,Session3,hap,4.5,3.5,2.0,292.99,298.55,mfcc_regression/Ses03M_impro04_M041.npy
Ses03M_impro01_F000,Session3,neu,2.5,2.5,3.5,12.2267,15.5586,mfcc_regression/Ses03M_impro01_F000.npy
Ses03M_impro01_F002,Session3,fru,1.5,3.5,3.0,24.625,28.4002,mfcc_regression/Ses03M_impro01_F002.npy
Ses03M_impro01_F003,Session3,neu,2.0,4.0,4.0,28.4002,32.275,mfcc_regression/Ses03M_impro01_F003.npy
Ses03M_impro01_F004,Session3,fru,2.5,4.0,4.0,33.9075,39.6278,mfcc_regression/Ses03M_impro01_F004.npy
Ses03M_impro01_F005,Session3,fru,2.0,4.0,3.5,39.79,45.7464,mfcc_regression/Ses03M_impro01_F005.npy
Ses03M_impro01_F006,Session3,fru,1.5,2.5,3.0,46.5472,48.9639,mfcc_regression/Ses03M_impro01_F006.npy
Ses03M_impro01_F007,Session3,fru,2.5,3.5,3.5,50.4511,52.7678,mfcc_regression/Ses03M_impro01_F007.npy
Ses03M_impro01_F008,Session3,fru,2.5,4.0,3.5,52.7678,56.5573,mfcc_regression/Ses03M_impro01_F008.npy
Ses03M_impro01_F009,Session3,fru,2.5,4.0,4.0,60.6186,65.94,mfcc_regression/Ses03M_impro01_F009.npy
Ses03M_impro01_F012,Session3,fru,2.5,4.0,3.5,78.8942,84.015,mfcc_regression/Ses03M_impro01_F012.npy
Ses03M_impro01_F016,Session3,fru,2.5,3.5,4.0,95.7675,98.1525,mfcc_regression/Ses03M_impro01_F016.npy
Ses03M_impro01_F017,Session3,fru,2.5,3.0,3.5,98.6125,100.3016,mfcc_regression/Ses03M_impro01_F017.npy
Ses03M_impro01_F018,Session3,fru,2.5,4.0,4.0,105.1696,109.3251,mfcc_regression/Ses03M_impro01_F018.npy
Ses03M_impro01_F019,Session3,fru,2.5,3.5,4.0,109.3251,112.4568,mfcc_regression/Ses03M_impro01_F019.npy
Ses03M_impro01_F020,Session3,fru,2.5,2.5,3.0,115.846,117.4762,mfcc_regression/Ses03M_impro01_F020.npy
Ses03M_impro01_F021,Session3,fru,2.5,4.0,4.5,117.9052,125.365,mfcc_regression/Ses03M_impro01_F021.npy
Ses03M_impro01_F022,Session3,ang,2.0,4.0,3.5,126.4424,131.1615,mfcc_regression/Ses03M_impro01_F022.npy
Ses03M_impro01_F024,Session3,fru,2.0,4.0,4.0,143.1775,148.68,mfcc_regression/Ses03M_impro01_F024.npy
Ses03M_impro01_F025,Session3,ang,1.5,4.5,4.5,149.915,156.62,mfcc_regression/Ses03M_impro01_F025.npy
Ses03M_impro01_M000,Session3,fru,2.5,3.5,4.0,4.4045,13.1562,mfcc_regression/Ses03M_impro01_M000.npy
Ses03M_impro01_M001,Session3,fru,2.5,4.0,3.5,14.6863,19.6199,mfcc_regression/Ses03M_impro01_M001.npy
Ses03M_impro01_M004,Session3,ang,2.5,3.5,4.0,31.203,34.5207,mfcc_regression/Ses03M_impro01_M004.npy
Ses03M_impro01_M005,Session3,fru,2.5,2.0,2.5,34.7209,36.3225,mfcc_regression/Ses03M_impro01_M005.npy
Ses03M_impro01_M006,Session3,fru,2.0,2.5,3.0,37.3092,41.1989,mfcc_regression/Ses03M_impro01_M006.npy
Ses03M_impro01_M007,Session3,fru,2.0,3.5,4.5,43.9731,47.1621,mfcc_regression/Ses03M_impro01_M007.npy
Ses03M_impro01_M008,Session3,fru,2.0,3.0,3.5,48.063,51.1804,mfcc_regression/Ses03M_impro01_M008.npy
Ses03M_impro01_M009,Session3,fru,1.5,4.0,4.0,56.9434,61.2907,mfcc_regression/Ses03M_impro01_M009.npy
Ses03M_impro01_M010,Session3,fru,2.0,2.5,3.5,64.8085,68.212,mfcc_regression/Ses03M_impro01_M010.npy
Ses03M_impro01_M011,Session3,ang,1.5,3.5,4.0,68.4122,72.1731,mfcc_regression/Ses03M_impro01_M011.npy
Ses03M_impro01_M012,Session3,ang,2.5,3.0,3.5,74.6757,80.267,mfcc_regression/Ses03M_impro01_M012.npy
Ses03M_impro01_M013,Session3,fru,3.5,3.0,2.5,81.455,83.2275,mfcc_regression/Ses03M_impro01_M013.npy
Ses03M_impro01_M014,Session3,ang,2.5,3.5,3.0,87.4744,89.648,mfcc_regression/Ses03M_impro01_M014.npy
Ses03M_impro01_M015,Session3,ang,1.5,4.5,3.5,89.8482,94.365,mfcc_regression/Ses03M_impro01_M015.npy
Ses03M_impro01_M016,Session3,fru,2.5,2.5,3.0,94.6675,96.26,mfcc_regression/Ses03M_impro01_M016.npy
Ses03M_impro01_M017,Session3,ang,4.0,3.0,3.5,97.5846,100.3874,mfcc_regression/Ses03M_impro01_M017.npy
Ses03M_impro01_M018,Session3,fru,2.5,4.5,3.5,100.3874,104.6775,mfcc_regression/Ses03M_impro01_M018.npy
Ses03M_impro01_M019,Session3,ang,2.5,3.5,3.5,110.0973,113.372,mfcc_regression/Ses03M_impro01_M019.npy
Ses03M_impro01_M020,Session3,fru,2.5,3.0,4.0,113.372,116.4375,mfcc_regression/Ses03M_impro01_M020.npy
Ses03M_impro01_M021,Session3,fru,3.0,3.5,3.0,116.7183,119.1207,mfcc_regression/Ses03M_impro01_M021.npy
Ses03M_impro01_M022,Session3,fru,2.0,3.0,3.0,120.0788,122.7387,mfcc_regression/Ses03M_impro01_M022.npy
Ses03M_impro01_M023,Session3,ang,2.5,4.5,4.0,124.8265,133.0348,mfcc_regression/Ses03M_impro01_M023.npy
Ses03M_impro01_M026,Session3,fru,2.5,3.0,3.5,141.3003,146.763,mfcc_regression/Ses03M_impro01_M026.npy
Ses03M_impro01_M028,Session3,ang,2.0,4.5,4.5,152.8549,155.7721,mfcc_regression/Ses03M_impro01_M028.npy
Ses03M_impro01_M029,Session3,ang,1.5,3.5,4.5,155.8293,158.2325,mfcc_regression/Ses03M_impro01_M029.npy
Ses03F_impro08_F000,Session3,neu,3.0,2.5,2.5,9.42,11.32,mfcc_regression/Ses03F_impro08_F000.npy
Ses03F_impro08_F001,Session3,neu,3.0,2.5,2.0,14.49,15.68,mfcc_regression/Ses03F_impro08_F001.npy
Ses03F_impro08_F002,Session3,neu,3.0,2.5,3.0,18.88,24.71,mfcc_regression/Ses03F_impro08_F002.npy
Ses03F_impro08_F003,Session3,neu,2.5,2.5,3.5,24.93,29.75,mfcc_regression/Ses03F_impro08_F003.npy
Ses03F_impro08_F004,Session3,neu,3.0,2.0,2.5,37.44,41.09,mfcc_regression/Ses03F_impro08_F004.npy
Ses03F_impro08_F005,Session3,neu,3.0,2.5,3.0,41.1475,47.86,mfcc_regression/Ses03F_impro08_F005.npy
Ses03F_impro08_F006,Session3,neu,3.0,3.0,3.5,47.87,50.61,mfcc_regression/Ses03F_impro08_F006.npy
Ses03F_impro08_F007,Session3,neu,3.0,3.0,3.0,51.94,54.64,mfcc_regression/Ses03F_impro08_F007.npy
Ses03F_impro08_F008,Session3,neu,3.0,3.0,2.5,54.64,58.9025,mfcc_regression/Ses03F_impro08_F008.npy
Ses03F_impro08_F009,Session3,neu,3.0,2.5,4.0,62.68,69.22,mfcc_regression/Ses03F_impro08_F009.npy
Ses03F_impro08_F010,Session3,neu,3.5,3.5,4.0,70.81,81.65,mfcc_regression/Ses03F_impro08_F010.npy
Ses03F_impro08_F011,Session3,neu,3.0,3.0,2.5,81.76,83.845,mfcc_regression/Ses03F_impro08_F011.npy
Ses03F_impro08_F012,Session3,neu,3.0,3.5,3.0,85.15,90.29,mfcc_regression/Ses03F_impro08_F012.npy
Ses03F_impro08_F013,Session3,neu,3.0,3.0,3.0,90.29,92.22,mfcc_regression/Ses03F_impro08_F013.npy
Ses03F_impro08_F014,Session3,neu,3.0,3.0,3.0,93.51,98.25,mfcc_regression/Ses03F_impro08_F014.npy
Ses03F_impro08_F015,Session3,neu,2.5,2.5,3.5,101.07,104.37,mfcc_regression/Ses03F_impro08_F015.npy
Ses03F_impro08_F016,Session3,neu,3.0,2.5,3.0,104.37,106.63,mfcc_regression/Ses03F_impro08_F016.npy
Ses03F_impro08_F017,Session3,fru,2.5,3.0,3.0,108.56,113.51,mfcc_regression/Ses03F_impro08_F017.npy
Ses03F_impro08_F018,Session3,fru,3.0,3.0,4.0,113.51,116.35,mfcc_regression/Ses03F_impro08_F018.npy
Ses03F_impro08_F019,Session3,fru,2.5,3.5,3.5,119.68,126.01,mfcc_regression/Ses03F_impro08_F019.npy
Ses03F_impro08_F020,Session3,neu,3.0,3.0,2.5,126.29,127.61,mfcc_regression/Ses03F_impro08_F020.npy
Ses03F_impro08_F021,Session3,neu,3.0,2.5,3.0,128.88,129.61,mfcc_regression/Ses03F_impro08_F021.npy
Ses03F_impro08_F022,Session3,neu,3.0,2.5,2.5,131.82,133.93,mfcc_regression/Ses03F_impro08_F022.npy
Ses03F_impro08_F023,Session3,neu,2.5,3.0,2.5,134.11,137.9625,mfcc_regression/Ses03F_impro08_F023.npy
Ses03F_impro08_F024,Session3,neu,3.5,2.5,3.0,141.94,144.26,mfcc_regression/Ses03F_impro08_F024.npy
Ses03F_impro08_F025,Session3,neu,3.0,2.5,3.0,144.28,145.86,mfcc_regression/Ses03F_impro08_F025.npy
Ses03F_impro08_F026,Session3,neu,2.5,3.0,3.0,150.7809,152.11,mfcc_regression/Ses03F_impro08_F026.npy
Ses03F_impro08_F027,Session3,neu,2.5,3.5,4.0,152.14,160.33,mfcc_regression/Ses03F_impro08_F027.npy
Ses03F_impro08_F028,Session3,neu,3.0,3.0,3.0,160.46,165.05,mfcc_regression/Ses03F_impro08_F028.npy
Ses03F_impro08_F029,Session3,neu,3.5,3.5,3.5,165.07,167.755,mfcc_regression/Ses03F_impro08_F029.npy
Ses03F_impro08_M000,Session3,ang,1.5,3.5,4.5,4.92,9.77,mfcc_regression/Ses03F_impro08_M000.npy
Ses03F_impro08_M004,Session3,fru,1.5,3.5,4.5,29.48,38.02,mfcc_regression/Ses03F_impro08_M004.npy
Ses03F_impro08_M006,Session3,ang,1.5,4.5,4.5,47.79,52.77,mfcc_regression/Ses03F_impro08_M006.npy
Ses03F_impro08_M007,Session3,ang,2.5,3.0,3.0,56.8557,58.79,mfcc_regression/Ses03F_impro08_M007.npy
Ses03F_impro08_M008,Session3,ang,1.5,4.5,4.5,58.79,63.87,mfcc_regression/Ses03F_impro08_M008.npy
Ses03F_impro08_M009,Session3,ang,1.5,3.5,4.5,68.69,71.58,mfcc_regression/Ses03F_impro08_M009.npy
Ses03F_impro08_M010,Session3,ang,1.5,3.5,4.0,73.77,76.9,mfcc_regression/Ses03F_impro08_M010.npy
Ses03F_impro08_M011,Session3,ang,2.0,2.5,3.5,76.99,81.6925,mfcc_regression/Ses03F_impro08_M011.npy
Ses03F_impro08_M012,Session3,ang,3.0,2.5,2.5,81.75,83.41,mfcc_regression/Ses03F_impro08_M012.npy
Ses03F_impro08_M014,Session3,ang,2.5,3.0,3.5,90.305,93.8825,mfcc_regression/Ses03F_impro08_M014.npy
Ses03F_impro08_M015,Session3,ang,2.5,3.5,3.5,97.5,101.72,mfcc_regression/Ses03F_impro08_M015.npy
Ses03F_impro08_M016,Session3,fru,2.0,3.0,3.5,104.76,109.39,mfcc_regression/Ses03F_impro08_M016.npy
Ses03F_impro08_M017,Session3,fru,1.5,3.0,4.0,113.73,120.4,mfcc_regression/Ses03F_impro08_M017.npy
Ses03F_impro08_M018,Session3,fru,2.5,2.5,3.0,123.38,126.21,mfcc_regression/Ses03F_impro08_M018.npy
Ses03F_impro08_M019,Session3,fru,2.5,3.0,2.5,126.28,129.095,mfcc_regression/Ses03F_impro08_M019.npy
Ses03F_impro08_M021,Session3,neu,3.0,2.5,3.5,132.51,134.5925,mfcc_regression/Ses03F_impro08_M021.npy
Ses03F_impro08_M026,Session3,fru,2.0,2.5,3.0,157.11,160.24,mfcc_regression/Ses03F_impro08_M026.npy
Ses03M_impro02_F000,Session3,hap,4.0,3.0,3.0,5.8897,8.6953,mfcc_regression/Ses03M_impro02_F000.npy
Ses03M_impro02_F003,Session3,hap,4.0,3.0,3.0,20.0369,22.7032,mfcc_regression/Ses03M_impro02_F003.npy
Ses03M_impro02_F004,Session3,sur,2.5,2.5,3.0,30.0852,34.4229,mfcc_regression/Ses03M_impro02_F004.npy
Ses03M_impro02_F005,Session3,sur,2.0,3.0,3.0,37.3677,39.1784,mfcc_regression/Ses03M_impro02_F005.npy
Ses03M_impro02_F009,Session3,fru,2.0,3.0,3.5,58.7975,61.1454,mfcc_regression/Ses03M_impro02_F009.npy
Ses03M_impro02_F010,Session3,fru,1.5,3.5,4.0,61.6826,67.3137,mfcc_regression/Ses03M_impro02_F010.npy
Ses03M_impro02_F011,Session3,fru,1.5,3.0,3.5,71.8503,75.1931,mfcc_regression/Ses03M_impro02_F011.npy
Ses03M_impro02_F013,Session3,sad,2.0,2.5,3.0,81.441,84.0675,mfcc_regression/Ses03M_impro02_F013.npy
Ses03M_impro02_F014,Session3,sad,1.5,3.0,3.5,84.1073,87.5694,mfcc_regression/Ses03M_impro02_F014.npy
Ses03M_impro02_F015,Session3,sad,1.5,2.5,3.5,93.678,97.4785,mfcc_regression/Ses03M_impro02_F015.npy
Ses03M_impro02_F016,Session3,sad,1.5,2.0,3.0,101.0401,103.8875,mfcc_regression/Ses03M_impro02_F016.npy
Ses03M_impro02_F017,Session3,sad,1.5,2.5,3.5,110.0339,113.51,mfcc_regression/Ses03M_impro02_F017.npy
Ses03M_impro02_F018,Session3,fru,1.5,3.5,3.5,119.5648,123.0071,mfcc_regression/Ses03M_impro02_F018.npy
Ses03M_impro02_F019,Session3,fru,1.5,4.0,4.0,123.9423,131.384,mfcc_regression/Ses03M_impro02_F019.npy
Ses03M_impro02_F020,Session3,fru,1.5,1.5,3.0,132.4585,134.6074,mfcc_regression/Ses03M_impro02_F020.npy
Ses03M_impro02_F022,Session3,sad,2.0,3.5,3.5,144.5548,150.8439,mfcc_regression/Ses03M_impro02_F022.npy
Ses03M_impro02_F023,Session3,sad,1.5,3.0,3.5,152.0377,154.8035,mfcc_regression/Ses03M_impro02_F023.npy
Ses03M_impro02_F024,Session3,sad,2.0,4.0,4.0,157.755,163.96,mfcc_regression/Ses03M_impro02_F024.npy
Ses03M_impro02_F025,Session3,sad,1.5,3.0,3.5,166.0059,168.7915,mfcc_regression/Ses03M_impro02_F025.npy
Ses03M_impro02_F026,Session3,sad,1.5,3.5,4.0,168.9905,175.895,mfcc_regression/Ses03M_impro02_F026.npy
Ses03M_impro02_F027,Session3,sad,1.5,2.5,2.0,180.4714,185.227,mfcc_regression/Ses03M_impro02_F027.npy
Ses03M_impro02_F028,Session3,sad,1.5,3.0,4.0,190.7187,203.06,mfcc_regression/Ses03M_impro02_F028.npy
Ses03M_impro02_F029,Session3,sad,2.0,3.0,3.5,203.16,206.5572,mfcc_regression/Ses03M_impro02_F029.npy
Ses03M_impro02_F030,Session3,sad,1.5,3.0,4.0,207.373,213.004,mfcc_regression/Ses03M_impro02_F030.npy
Ses03M_impro02_F031,Session3,sad,1.5,2.0,3.0,218.0779,221.1621,mfcc_regression/Ses03M_impro02_F031.npy
Ses03M_impro02_F032,Session3,sad,1.5,2.5,3.5,221.7988,225.5594,mfcc_regression/Ses03M_impro02_F032.npy
Ses03M_impro02_F033,Session3,sad,1.5,3.5,4.0,228.0069,232.6828,mfcc_regression/Ses03M_impro02_F033.npy
Ses03M_impro02_F034,Session3,sad,2.0,3.5,4.0,236.4832,238.2342,mfcc_regression/Ses03M_impro02_F034.npy
Ses03M_impro02_F035,Session3,fru,1.5,4.0,4.0,238.274,241.09,mfcc_regression/Ses03M_impro02_F035.npy
Ses03M_impro02_F036,Session3,fru,2.0,3.5,3.5,243.527,248.2228,mfcc_regression/Ses03M_impro02_F036.npy
Ses03M_impro02_F037,Session3,fru,2.5,3.5,3.5,249.3769,254.155,mfcc_regression/Ses03M_impro02_F037.npy
Ses03M_impro02_M000,Session3,sad,2.5,2.0,2.5,5.7703,9.1927,mfcc_regression/Ses03M_impro02_M000.npy
Ses03M_impro02_M001,Session3,sad,2.5,2.0,2.0,18.5048,20.6139,mfcc_regression/Ses03M_impro02_M001.npy
Ses03M_impro02_M002,Session3,sad,2.5,2.5,3.0,21.6685,24.6731,mfcc_regression/Ses03M_impro02_M002.npy
Ses03M_impro02_M003,Session3,sad,2.0,2.5,3.0,24.7924,29.4375,mfcc_regression/Ses03M_impro02_M003.npy
Ses03M_impro02_M004,Session3,sad,2.0,2.5,3.0,33.8658,38.4223,mfcc_regression/Ses03M_impro02_M004.npy
Ses03M_impro02_M005,Session3,sad,2.5,2.0,2.5,42.6008,44.6702,mfcc_regression/Ses03M_impro02_M005.npy
Ses03M_impro02_M006,Session3,sad,2.0,2.0,3.0,46.065,48.8288,mfcc_regression/Ses03M_impro02_M006.npy
Ses03M_impro02_M008,Session3,fru,2.0,2.5,3.0,59.8123,62.976,mfcc_regression/Ses03M_impro02_M008.npy
Ses03M_impro02_M009,Session3,fru,2.0,2.5,3.0,66.657,69.7412,mfcc_regression/Ses03M_impro02_M009.npy
Ses03M_impro02_M010,Session3,fru,2.0,3.0,3.0,69.7412,75.3921,mfcc_regression/Ses03M_impro02_M010.npy
Ses03M_impro02_M011,Session3,sad,1.5,2.0,3.0,80.665,82.9532,mfcc_regression/Ses03M_impro02_M011.npy
Ses03M_impro02_M012,Session3,sad,2.0,2.5,3.5,83.7292,86.9924,mfcc_regression/Ses03M_impro02_M012.npy
Ses03M_impro02_M013,Session3,neu,2.5,3.0,3.5,87.4501,94.32,mfcc_regression/Ses03M_impro02_M013.npy
Ses03M_impro02_M015,Session3,neu,2.0,3.0,4.0,103.4425,109.3425,mfcc_regression/Ses03M_impro02_M015.npy
Ses03M_impro02_M016,Session3,sad,1.5,3.0,3.0,110.0538,113.2175,mfcc_regression/Ses03M_impro02_M016.npy
Ses03M_impro02_M017,Session3,fru,2.0,3.0,3.5,113.2175,116.5975,mfcc_regression/Ses03M_impro02_M017.npy
Ses03M_impro02_M018,Session3,fru,2.0,2.5,3.0,117.3164,120.5199,mfcc_regression/Ses03M_impro02_M018.npy
Ses03M_impro02_M019,Session3,sad,2.0,3.0,3.5,122.3903,124.7875,mfcc_regression/Ses03M_impro02_M019.npy
Ses03M_impro02_M020,Session3,fru,2.0,2.0,2.5,126.675,129.7524,mfcc_regression/Ses03M_impro02_M020.npy
Ses03M_impro02_M021,Session3,fru,2.0,2.5,3.5,130.1702,133.8115,mfcc_regression/Ses03M_impro02_M021.npy
Ses03M_impro02_M022,Session3,fru,2.0,3.0,3.5,133.8115,137.2725,mfcc_regression/Ses03M_impro02_M022.npy
Ses03M_impro02_M023,Session3,fru,3.0,2.5,2.5,137.365,140.0196,mfcc_regression/Ses03M_impro02_M023.npy
Ses03M_impro02_M024,Session3,sad,2.0,2.5,2.5,149.8888,153.1918,mfcc_regression/Ses03M_impro02_M024.npy
Ses03M_impro02_M025,Session3,sad,2.0,3.0,3.0,153.7887,157.1713,mfcc_regression/Ses03M_impro02_M025.npy
Ses03M_impro02_M026,Session3,sad,2.0,2.5,3.0,157.1713,161.2304,mfcc_regression/Ses03M_impro02_M026.npy
Ses03M_impro02_M027,Session3,sad,2.0,2.5,3.5,163.3396,167.14,mfcc_regression/Ses03M_impro02_M027.npy
Ses03M_impro02_M028,Session3,sad,2.5,2.0,2.5,176.9098,180.9092,mfcc_regression/Ses03M_impro02_M028.npy
Ses03M_impro02_M029,Session3,sad,2.5,2.5,3.0,184.8887,190.9177,mfcc_regression/Ses03M_impro02_M029.npy
Ses03M_impro02_M030,Session3,sad,2.5,3.0,2.5,204.0501,207.6516,mfcc_regression/Ses03M_impro02_M030.npy
Ses03M_impro02_M031,Session3,sad,2.0,2.5,2.5,212.3872,215.6703,mfcc_regression/Ses03M_impro02_M031.npy
Ses03M_impro02_M032,Session3,sur,1.5,3.5,4.0,220.1672,222.5325,mfcc_regression/Ses03M_impro02_M032.npy
Ses03M_impro02_M033,Session3,sur,2.0,3.5,4.0,223.6294,227.8477,mfcc_regression/Ses03M_impro02_M033.npy
Ses03M_impro02_M034,Session3,fru,2.0,3.0,4.0,231.9864,237.04,mfcc_regression/Ses03M_impro02_M034.npy
Ses03M_impro02_M035,Session3,fru,1.5,2.5,3.5,237.1797,239.7067,mfcc_regression/Ses03M_impro02_M035.npy
Ses03M_impro02_M036,Session3,fru,2.0,3.0,3.5,240.423,244.303,mfcc_regression/Ses03M_impro02_M036.npy
Ses03M_impro02_M037,Session3,fru,2.0,3.0,3.5,253.3962,259.2859,mfcc_regression/Ses03M_impro02_M037.npy
Ses03M_impro03_F001,Session3,exc,4.0,2.5,3.0,6.2964,7.8946,mfcc_regression/Ses03M_impro03_F001.npy
Ses03M_impro03_F002,Session3,sur,4.5,4.0,4.5,14.285,25.0825,mfcc_regression/Ses03M_impro03_F002.npy
Ses03M_impro03_F003,Session3,exc,4.5,4.5,4.0,25.1665,28.925,mfcc_regression/Ses03M_impro03_F003.npy
Ses03M_impro03_F004,Session3,exc,4.5,4.5,4.0,29.9675,34.17,mfcc_regression/Ses03M_impro03_F004.npy
Ses03M_impro03_F005,Session3,exc,4.0,3.5,3.5,35.59,41.3575,mfcc_regression/Ses03M_impro03_F005.npy
Ses03M_impro03_F006,Session3,exc,3.5,4.0,3.5,41.3825,47.1559,mfcc_regression/Ses03M_impro03_F006.npy
Ses03M_impro03_F010,Session3,exc,4.5,4.5,4.0,64.94,70.2428,mfcc_regression/Ses03M_impro03_F010.npy
Ses03M_impro03_F012,Session3,hap,4.0,3.0,4.5,81.5456,86.9756,mfcc_regression/Ses03M_impro03_F012.npy
Ses03M_impro03_F015,Session3,neu,3.0,2.5,3.0,92.8676,95.6211,mfcc_regression/Ses03M_impro03_F015.npy
Ses03M_impro03_F016,Session3,hap,2.5,4.0,4.0,96.595,106.0767,mfcc_regression/Ses03M_impro03_F016.npy
Ses03M_impro03_F017,Session3,hap,3.5,3.5,3.0,112.7967,115.3962,mfcc_regression/Ses03M_impro03_F017.npy
Ses03M_impro03_F018,Session3,neu,3.0,3.0,3.5,115.454,119.5553,mfcc_regression/Ses03M_impro03_F018.npy
Ses03M_impro03_F021,Session3,hap,3.0,3.0,3.5,134.5551,138.14,mfcc_regression/Ses03M_impro03_F021.npy
Ses03M_impro03_F022,Session3,hap,3.5,2.0,2.5,140.4664,142.8155,mfcc_regression/Ses03M_impro03_F022.npy
Ses03M_impro03_F023,Session3,exc,3.0,4.5,4.0,145.4342,153.7332,mfcc_regression/Ses03M_impro03_F023.npy
Ses03M_impro03_F024,Session3,exc,3.5,4.5,4.0,153.7525,157.7825,mfcc_regression/Ses03M_impro03_F024.npy
Ses03M_impro03_F025,Session3,hap,3.5,3.0,2.0,164.6702,166.7882,mfcc_regression/Ses03M_impro03_F025.npy
Ses03M_impro03_F026,Session3,hap,2.0,3.5,4.0,166.8267,170.543,mfcc_regression/Ses03M_impro03_F026.npy
Ses03M_impro03_F027,Session3,hap,2.5,3.0,3.5,172.3145,174.6251,mfcc_regression/Ses03M_impro03_F027.npy
Ses03M_impro03_F028,Session3,sur,2.5,2.0,3.0,177.9947,180.065,mfcc_regression/Ses03M_impro03_F028.npy
Ses03M_impro03_F029,Session3,sur,3.0,4.5,4.0,181.2,183.3925,mfcc_regression/Ses03M_impro03_F029.npy
Ses03M_impro03_F030,Session3,sur,2.0,3.5,4.0,184.3138,191.7622,mfcc_regression/Ses03M_impro03_F030.npy
Ses03M_impro03_F033,Session3,hap,2.0,3.0,3.5,202.1985,204.8025,mfcc_regression/Ses03M_impro03_F033.npy
Ses03M_impro03_F036,Session3,neu,2.0,3.0,4.5,213.795,217.9375,mfcc_regression/Ses03M_impro03_F036.npy
Ses03M_impro03_M000,Session3,exc,4.0,3.0,3.0,0.4621,3.0025,mfcc_regression/Ses03M_impro03_M000.npy
Ses03M_impro03_M001,Session3,exc,4.0,4.0,3.0,4.0436,7.3747,mfcc_regression/Ses03M_impro03_M001.npy
Ses03M_impro03_M002,Session3,exc,5.0,4.5,4.5,7.5288,14.0755,mfcc_regression/Ses03M_impro03_M002.npy
Ses03M_impro03_M003,Session3,exc,5.0,4.5,4.5,14.1525,21.7776,mfcc_regression/Ses03M_impro03_M003.npy
Ses03M_impro03_M004,Session3,exc,4.5,4.5,4.0,23.4975,27.2268,mfcc_regression/Ses03M_impro03_M004.npy
Ses03M_impro03_M011,Session3,exc,4.0,4.0,4.0,71.6292,79.4853,mfcc_regression/Ses03M_impro03_M011.npy
Ses03M_impro03_M012,Session3,hap,4.0,3.5,3.5,79.57,82.0655,mfcc_regression/Ses03M_impro03_M012.npy
Ses03M_impro03_M013,Session3,exc,4.0,3.0,3.0,86.2875,89.7868,mfcc_regression/Ses03M_impro03_M013.npy
Ses03M_impro03_M014,Session3,hap,4.0,4.0,3.0,90.0757,94.3118,mfcc_regression/Ses03M_impro03_M014.npy
Ses03M_impro03_M015,Session3,hap,4.5,4.0,4.0,94.5043,100.2616,mfcc_regression/Ses03M_impro03_M015.npy
Ses03M_impro03_M016,Session3,hap,4.0,2.5,2.5,103.4965,106.2307,mfcc_regression/Ses03M_impro03_M016.npy
Ses03M_impro03_M017,Session3,hap,4.0,3.0,3.0,106.2307,109.6004,mfcc_regression/Ses03M_impro03_M017.npy
Ses03M_impro03_M018,Session3,hap,4.0,3.0,4.0,109.6004,115.3577,mfcc_regression/Ses03M_impro03_M018.npy
Ses03M_impro03_M019,Session3,hap,3.5,3.0,2.5,115.405,117.865,mfcc_regression/Ses03M_impro03_M019.npy
Ses03M_impro03_M020,Session3,hap,4.0,3.0,4.0,119.4205,127.3325,mfcc_regression/Ses03M_impro03_M020.npy
Ses03M_impro03_M021,Session3,hap,4.0,4.0,4.0,127.415,136.4228,mfcc_regression/Ses03M_impro03_M021.npy
Ses03M_impro03_M028,Session3,neu,3.0,3.0,2.0,174.3362,178.6301,mfcc_regression/Ses03M_impro03_M028.npy
Ses03M_impro03_M029,Session3,hap,4.0,3.5,4.0,179.4389,184.8303,mfcc_regression/Ses03M_impro03_M029.npy
Ses03M_impro03_M030,Session3,hap,3.0,2.5,3.5,190.395,193.3989,mfcc_regression/Ses03M_impro03_M030.npy
Ses03M_impro03_M031,Session3,hap,4.0,3.0,4.0,194.5349,204.952,mfcc_regression/Ses03M_impro03_M031.npy
Ses03M_impro03_M032,Session3,hap,3.5,2.5,3.0,206.3191,208.5912,mfcc_regression/Ses03M_impro03_M032.npy
Ses03M_impro03_M033,Session3,neu,2.0,3.0,3.5,212.315,214.4833,mfcc_regression/Ses03M_impro03_M033.npy
Ses03M_impro03_M035,Session3,exc,4.5,4.0,3.5,223.2829,226.7082,mfcc_regression/Ses03M_impro03_M035.npy
Ses03M_impro03_M038,Session3,neu,4.0,2.5,3.0,243.1157,248.5775,mfcc_regression/Ses03M_impro03_M038.npy
Ses03M_impro03_M039,Session3,hap,4.0,3.0,3.0,249.9128,255.0346,mfcc_regression/Ses03M_impro03_M039.npy
Ses04F_script02_1_F000,Session4,neu,3.0,2.0,1.5,20.66,22.25,mfcc_regression/Ses04F_script02_1_F000.npy
Ses04F_script02_1_F002,Session4,fru,2.0,2.5,3.0,43.39,45.374,mfcc_regression/Ses04F_script02_1_F002.npy
Ses04F_script02_1_F007,Session4,ang,2.0,3.0,2.5,100.5,102.8027,mfcc_regression/Ses04F_script02_1_F007.npy
Ses04F_script02_1_F008,Session4,ang,2.0,3.0,3.0,107.82,110.44,mfcc_regression/Ses04F_script02_1_F008.npy
Ses04F_script02_1_F009,Session4,fru,2.5,2.5,3.0,110.65,112.6876,mfcc_regression/Ses04F_script02_1_F009.npy
Ses04F_script02_1_F010,Session4,fru,2.0,3.0,3.0,114.02,116.36,mfcc_regression/Ses04F_script02_1_F010.npy
Ses04F_script02_1_F011,Session4,fru,2.5,3.5,3.0,122.25,123.97,mfcc_regression/Ses04F_script02_1_F011.npy
Ses04F_script02_1_F012,Session4,ang,2.0,3.5,3.5,124.38,127.19,mfcc_regression/Ses04F_script02_1_F012.npy
Ses04F_script02_1_F013,Session4,ang,1.5,4.0,3.5,140.5,148.3696,mfcc_regression/Ses04F_script02_1_F013.npy
Ses04F_script02_1_F014,Session4,ang,2.0,3.5,3.5,162.01,170.11,mfcc_regression/Ses04F_script02_1_F014.npy
Ses04F_script02_1_F015,Session4,fru,2.0,2.5,2.5,170.55,172.2,mfcc_regression/Ses04F_script02_1_F015.npy
Ses04F_script02_1_F016,Session4,ang,2.0,2.5,2.5,187.43,189.2593,mfcc_regression/Ses04F_script02_1_F016.npy
Ses04F_script02_1_F017,Session4,ang,2.0,2.5,3.0,189.91,191.9113,mfcc_regression/Ses04F_script02_1_F017.npy
Ses04F_script02_1_F019,Session4,ang,2.0,3.0,3.0,214.01,216.33,mfcc_regression/Ses04F_script02_1_F019.npy
Ses04F_script02_1_F020,Session4,fru,3.0,2.0,2.5,286.54,288.43,mfcc_regression/Ses04F_script02_1_F020.npy
Ses04F_script02_1_F021,Session4,ang,2.5,2.0,2.5,289.27,290.95,mfcc_regression/Ses04F_script02_1_F021.npy
Ses04F_script02_1_F022,Session4,ang,2.0,3.5,3.5,291.96,293.85,mfcc_regression/Ses04F_script02_1_F022.npy
Ses04F_script02_1_M000,Session4,hap,3.5,2.5,3.0,8.63,15.4783,mfcc_regression/Ses04F_script02_1_M000.npy
Ses04F_script02_1_M002,Session4,exc,3.5,3.5,3.0,21.67,26.71,mfcc_regression/Ses04F_script02_1_M002.npy
Ses04F_script02_1_M004,Session4,fru,2.5,3.0,3.0,32.71,38.25,mfcc_regression/Ses04F_script02_1_M004.npy
Ses04F_script02_1_M005,Session4,fru,3.0,2.5,2.5,40.0699,43.78,mfcc_regression/Ses04F_script02_1_M005.npy
Ses04F_script02_1_M006,Session4,sur,2.5,2.5,2.5,44.9,46.28,mfcc_regression/Ses04F_script02_1_M006.npy
Ses04F_script02_1_M007,Session4,fru,2.5,3.0,2.0,48.4118,50.14,mfcc_regression/Ses04F_script02_1_M007.npy
Ses04F_script02_1_M008,Session4,fru,2.5,3.5,3.0,54.29,62.0095,mfcc_regression/Ses04F_script02_1_M008.npy
Ses04F_script02_1_M009,Session4,exc,3.0,3.0,2.5,62.4917,70.9,mfcc_regression/Ses04F_script02_1_M009.npy
Ses04F_script02_1_M010,Session4,neu,2.5,2.5,2.5,72.0873,79.7541,mfcc_regression/Ses04F_script02_1_M010.npy
Ses04F_script02_1_M011,Session4,hap,3.0,2.5,3.0,79.8023,86.1672,mfcc_regression/Ses04F_script02_1_M011.npy
Ses04F_script02_1_M015,Session4,fru,2.5,3.0,3.5,102.38,108.46,mfcc_regression/Ses04F_script02_1_M015.npy
Ses04F_script02_1_M016,Session4,fru,2.0,3.0,3.0,109.91,111.11,mfcc_regression/Ses04F_script02_1_M016.npy
Ses04F_script02_1_M017,Session4,neu,2.5,2.5,2.5,112.2054,114.54,mfcc_regression/Ses04F_script02_1_M017.npy
Ses04F_script02_1_M018,Session4,fru,2.0,3.5,3.5,115.72,122.65,mfcc_regression/Ses04F_script02_1_M018.npy
Ses04F_script02_1_M020,Session4,fru,2.5,4.0,3.5,126.57,133.48,mfcc_regression/Ses04F_script02_1_M020.npy
Ses04F_script02_1_M021,Session4,exc,2.0,3.5,3.0,133.5171,141.12,mfcc_regression/Ses04F_script02_1_M021.npy
Ses04F_script02_1_M022,Session4,fru,2.5,3.5,3.0,147.6463,158.65,mfcc_regression/Ses04F_script02_1_M022.npy
Ses04F_script02_1_M023,Session4,exc,3.0,3.5,3.0,158.74,162.62,mfcc_regression/Ses04F_script02_1_M023.npy
Ses04F_script02_1_M024,Session4,fru,2.5,2.5,2.0,169.61,171.05,mfcc_regression/Ses04F_script02_1_M024.npy
Ses04F_script02_1_M025,Session4,fru,3.0,3.0,2.5,171.48,174.6,mfcc_regression/Ses04F_script02_1_M025.npy
Ses04F_script02_1_M026,Session4,exc,2.5,3.0,3.0,174.63,183.42,mfcc_regression/Ses04F_script02_1_M026.npy
Ses04F_script02_1_M027,Session4,fru,3.0,3.5,3.5,183.46,187.95,mfcc_regression/Ses04F_script02_1_M027.npy
Ses04F_script02_1_M028,Session4,sur,2.5,3.5,3.0,188.53,190.39,mfcc_regression/Ses04F_script02_1_M028.npy
Ses04F_script02_1_M029,Session4,fru,2.0,3.5,3.0,191.27,203.99,mfcc_regression/Ses04F_script02_1_M029.npy
Ses04F_script02_1_M030,Session4,fru,3.0,2.5,3.0,212.4,214.83,mfcc_regression/Ses04F_script02_1_M030.npy
Ses04F_script02_1_M031,Session4,ang,2.0,3.0,4.0,215.51,219.4925,mfcc_regression/Ses04F_script02_1_M031.npy
Ses04F_script02_1_M032,Session4,exc,2.5,3.5,3.5,219.6,227.3522,mfcc_regression/Ses04F_script02_1_M032.npy
Ses04F_script02_1_M033,Session4,exc,3.0,2.5,2.5,227.4004,235.4048,mfcc_regression/Ses04F_script02_1_M033.npy
Ses04F_script02_1_M034,Session4,exc,3.5,3.0,3.0,235.5012,245.05,mfcc_regression/Ses04F_script02_1_M034.npy
Ses04F_script02_1_M035,Session4,exc,3.0,3.5,3.0,245.09,256.9586,mfcc_regression/Ses04F_script02_1_M035.npy
Ses04F_script02_1_M036,Session4,exc,3.0,3.5,3.0,257.0068,261.5876,mfcc_regression/Ses04F_script02_1_M036.npy
Ses04F_script02_1_M037,Session4,exc,2.5,4.0,3.5,261.64,266.7953,mfcc_regression/Ses04F_script02_1_M037.npy
Ses04F_script02_1_M038,Session4,exc,3.0,3.0,3.5,266.8435,276.95,mfcc_regression/Ses04F_script02_1_M038.npy
Ses04F_script02_1_M039,Session4,exc,4.0,3.0,3.0,276.99,282.24,mfcc_regression/Ses04F_script02_1_M039.npy
Ses04F_script02_1_M040,Session4,exc,4.0,3.5,2.5,282.64,287.02,mfcc_regression/Ses04F_script02_1_M040.npy
Ses04M_script03_2_F000,Session4,ang,2.5,3.5,3.0,12.1431,14.74,mfcc_regression/Ses04M_script03_2_F000.npy
Ses04M_script03_2_F001,Session4,hap,4.5,3.0,2.5,15.75,22.067,mfcc_regression/Ses04M_script03_2_F001.npy
Ses04M_script03_2_F002,Session4,hap,4.5,3.5,2.5,23.38,27.23,mfcc_regression/Ses04M_script03_2_F002.npy
Ses04M_script03_2_F003,Session4,hap,4.0,3.0,2.5,27.65,29.89,mfcc_regression/Ses04M_script03_2_F003.npy
Ses04M_script03_2_F006,Session4,exc,4.0,3.5,3.0,42.26,46.67,mfcc_regression/Ses04M_script03_2_F006.npy
Ses04M_script03_2_F008,Session4,hap,4.0,2.5,2.5,54.74,58.56,mfcc_regression/Ses04M_script03_2_F008.npy
Ses04M_script03_2_F009,Session4,neu,3.0,3.0,2.0,61.01,62.04,mfcc_regression/Ses04M_script03_2_F009.npy
Ses04M_script03_2_F010,Session4,ang,2.5,3.0,3.0,63.32,65.0737,mfcc_regression/Ses04M_script03_2_F010.npy
Ses04M_script03_2_F012,Session4,fru,4.0,3.0,3.5,70.89,74.8193,mfcc_regression/Ses04M_script03_2_F012.npy
Ses04M_script03_2_F013,Session4,fru,2.0,3.5,2.5,75.92,78.74,mfcc_regression/Ses04M_script03_2_F013.npy
Ses04M_script03_2_F014,Session4,ang,2.5,3.5,2.5,82.03,83.9324,mfcc_regression/Ses04M_script03_2_F014.npy
Ses04M_script03_2_F015,Session4,fru,2.0,3.0,3.5,85.69,90.08,mfcc_regression/Ses04M_script03_2_F015.npy
Ses04M_script03_2_F016,Session4,fru,2.0,3.5,3.0,93.46,98.23,mfcc_regression/Ses04M_script03_2_F016.npy
Ses04M_script03_2_F017,Session4,ang,2.5,2.5,2.5,104.05,107.0655,mfcc_regression/Ses04M_script03_2_F017.npy
Ses04M_script03_2_F018,Session4,fru,1.5,3.5,3.0,110.55,112.43,mfcc_regression/Ses04M_script03_2_F018.npy
Ses04M_script03_2_F019,Session4,ang,1.5,4.0,3.5,112.86,114.4688,mfcc_regression/Ses04M_script03_2_F019.npy
Ses04M_script03_2_F020,Session4,fru,2.5,3.5,3.0,119.98,123.14,mfcc_regression/Ses04M_script03_2_F020.npy
Ses04M_script03_2_F022,Session4,ang,2.0,4.0,3.0,131.57,133.22,mfcc_regression/Ses04M_script03_2_F022.npy
Ses04M_script03_2_F023,Session4,ang,2.0,3.5,3.0,133.34,135.67,mfcc_regression/Ses04M_script03_2_F023.npy
Ses04M_script03_2_F024,Session4,neu,2.5,2.0,2.0,139.78,141.2266,mfcc_regression/Ses04M_script03_2_F024.npy
Ses04M_script03_2_F025,Session4,fru,2.0,3.5,3.5,144.56,148.48,mfcc_regression/Ses04M_script03_2_F025.npy
Ses04M_script03_2_F026,Session4,ang,2.5,3.0,3.5,154.87,157.44,mfcc_regression/Ses04M_script03_2_F026.npy
Ses04M_script03_2_F027,Session4,fru,2.0,3.0,3.0,160.72,162.2,mfcc_regression/Ses04M_script03_2_F027.npy
Ses04M_script03_2_F028,Session4,ang,2.0,4.5,3.5,162.26,168.53,mfcc_regression/Ses04M_script03_2_F028.npy
Ses04M_script03_2_F029,Session4,ang,2.5,3.0,3.5,171.25,173.849,mfcc_regression/Ses04M_script03_2_F029.npy
Ses04M_script03_2_F030,Session4,ang,2.0,3.0,3.5,175.84,178.69,mfcc_regression/Ses04M_script03_2_F030.npy
Ses04M_script03_2_F031,Session4,ang,2.0,3.5,3.0,191.15,195.16,mfcc_regression/Ses04M_script03_2_F031.npy
Ses04M_script03_2_F032,Session4,ang,3.0,3.5,3.0,196.01,197.95,mfcc_regression/Ses04M_script03_2_F032.npy
Ses04M_script03_2_F033,Session4,ang,2.0,4.0,3.5,206.71,212.1477,mfcc_regression/Ses04M_script03_2_F033.npy
Ses04M_script03_2_F034,Session4,ang,2.0,2.5,3.5,216.7,218.66,mfcc_regression/Ses04M_script03_2_F034.npy
Ses04M_script03_2_F035,Session4,ang,2.0,3.5,3.0,224.92,228.29,mfcc_regression/Ses04M_script03_2_F035.npy
Ses04M_script03_2_F036,Session4,ang,2.0,3.5,2.5,232.75,235.0415,mfcc_regression/Ses04M_script03_2_F036.npy
Ses04M_script03_2_F037,Session4,ang,3.5,3.5,3.0,238.12,242.2,mfcc_regression/Ses04M_script03_2_F037.npy
Ses04M_script03_2_F039,Session4,ang,2.0,3.5,3.5,249.36,252.1562,mfcc_regression/Ses04M_script03_2_F039.npy
Ses04M_script03_2_F040,Session4,ang,2.5,3.5,3.5,253.27,257.25,mfcc_regression/Ses04M_script03_2_F040.npy
Ses04M_script03_2_F041,Session4,ang,1.5,4.0,3.5,258.71,261.9019,mfcc_regression/Ses04M_script03_2_F041.npy
Ses04M_script03_2_F042,Session4,ang,2.0,4.0,3.0,263.25,268.4503,mfcc_regression/Ses04M_script03_2_F042.npy
Ses04M_script03_2_F043,Session4,neu,2.0,2.0,1.5,269.12,270.9465,mfcc_regression/Ses04M_script03_2_F043.npy
Ses04M_script03_2_F044,Session4,ang,1.5,4.0,3.5,271.8356,276.57,mfcc_regression/Ses04M_script03_2_F044.npy
Ses04M_script03_2_F045,Session4,ang,2.0,4.5,2.5,278.33,279.09,mfcc_regression/Ses04M_script03_2_F045.npy
Ses04M_script03_2_F046,Session4,ang,1.5,4.0,3.0,279.12,284.3,mfcc_regression/Ses04M_script03_2_F046.npy
Ses04M_script03_2_F047,Session4,ang,2.0,3.5,3.5,284.33,288.18,mfcc_regression/Ses04M_script03_2_F047.npy
Ses04M_script03_2_F048,Session4,ang,2.0,4.0,3.5,288.38,289.75,mfcc_regression/Ses04M_script03_2_F048.npy
Ses04M_script03_2_F049,Session4,ang,1.5,4.5,4.0,289.77,295.21,mfcc_regression/Ses04M_script03_2_F049.npy
Ses04M_script03_2_F050,Session4,ang,1.5,5.0,3.0,295.22,296.72,mfcc_regression/Ses04M_script03_2_F050.npy
Ses04M_script03_2_F051,Session4,ang,1.5,4.5,4.0,296.73,300.79,mfcc_regression/Ses04M_script03_2_F051.npy
Ses04M_script03_2_F052,Session4,ang,1.5,4.5,3.5,300.82,302.35,mfcc_regression/Ses04M_script03_2_F052.npy
Ses04M_script03_2_M001,Session4,neu,3.0,2.5,2.0,14.12,16.17,mfcc_regression/Ses04M_script03_2_M001.npy
Ses04M_script03_2_M004,Session4,fru,3.0,3.0,2.5,29.37,32.64,mfcc_regression/Ses04M_script03_2_M004.npy
Ses04M_script03_2_M005,Session4,fru,2.5,3.5,3.0,33.82,36.97,mfcc_regression/Ses04M_script03_2_M005.npy
Ses04M_script03_2_M007,Session4,fru,2.0,3.5,3.0,46.07,49.23,mfcc_regression/Ses04M_script03_2_M007.npy
Ses04M_script03_2_M008,Session4,ang,2.0,3.0,2.5,51.9,55.17,mfcc_regression/Ses04M_script03_2_M008.npy
Ses04M_script03_2_M009,Session4,neu,2.5,1.5,0.5,60.02,61.2951,mfcc_regression/Ses04M_script03_2_M009.npy
Ses04M_script03_2_M010,Session4,ang,2.0,4.0,3.0,61.73,63.89,mfcc_regression/Ses04M_script03_2_M010.npy
Ses04M_script03_2_M011,Session4,ang,2.0,4.5,3.0,64.3898,66.47,mfcc_regression/Ses04M_script03_2_M011.npy
Ses04M_script03_2_M012,Session4,ang,2.0,4.5,2.5,69.58,71.41,mfcc_regression/Ses04M_script03_2_M012.npy
Ses04M_script03_2_M013,Session4,ang,2.0,3.0,2.5,74.3577,77.1,mfcc_regression/Ses04M_script03_2_M013.npy
Ses04M_script03_2_M014,Session4,ang,2.5,3.5,2.5,77.75,80.5642,mfcc_regression/Ses04M_script03_2_M014.npy
Ses04M_script03_2_M016,Session4,fru,3.0,2.0,2.5,83.4879,86.19,mfcc_regression/Ses04M_script03_2_M016.npy
Ses04M_script03_2_M017,Session4,fru,3.0,3.0,2.5,89.84,93.89,mfcc_regression/Ses04M_script03_2_M017.npy
Ses04M_script03_2_M018,Session4,fru,2.5,2.5,3.0,97.66,104.6,mfcc_regression/Ses04M_script03_2_M018.npy
Ses04M_script03_2_M019,Session4,fru,2.0,3.5,2.5,106.26,111.34,mfcc_regression/Ses04M_script03_2_M019.npy
Ses04M_script03_2_M020,Session4,ang,2.0,3.5,3.0,112.02,113.62,mfcc_regression/Ses04M_script03_2_M020.npy
Ses04M_script03_2_M021,Session4,ang,2.5,4.0,3.0,113.9046,116.14,mfcc_regression/Ses04M_script03_2_M021.npy
Ses04M_script03_2_M022,Session4,ang,2.5,3.0,2.5,117.81,120.42,mfcc_regression/Ses04M_script03_2_M022.npy
Ses04M_script03_2_M023,Session4,fru,2.5,2.5,2.0,122.26,126.08,mfcc_regression/Ses04M_script03_2_M023.npy
Ses04M_script03_2_M024,Session4,ang,2.5,3.5,2.5,129.84,132.55,mfcc_regression/Ses04M_script03_2_M024.npy
Ses04M_script03_2_M025,Session4,ang,3.5,3.0,3.0,132.59,133.93,mfcc_regression/Ses04M_script03_2_M025.npy
Ses04M_script03_2_M026,Session4,neu,2.5,2.0,1.5,136.4393,138.02,mfcc_regression/Ses04M_script03_2_M026.npy
Ses04M_script03_2_M027,Session4,ang,2.5,3.5,3.5,140.93,145.08,mfcc_regression/Ses04M_script03_2_M027.npy
Ses04M_script03_2_M028,Session4,neu,2.5,2.0,2.0,149.64,151.79,mfcc_regression/Ses04M_script03_2_M028.npy
Ses04M_script03_2_M029,Session4,ang,2.5,3.5,3.0,151.83,155.36,mfcc_regression/Ses04M_script03_2_M029.npy
Ses04M_script03_2_M030,Session4,ang,2.5,3.5,3.5,157.03,161.43,mfcc_regression/Ses04M_script03_2_M030.npy
Ses04M_script03_2_M031,Session4,ang,2.0,4.0,3.5,161.49,162.75,mfcc_regression/Ses04M_script03_2_M031.npy
Ses04M_script03_2_M033,Session4,ang,2.0,2.5,3.5,173.44,176.83,mfcc_regression/Ses04M_script03_2_M033.npy
Ses04M_script03_2_M034,Session4,ang,2.5,3.0,3.0,180.04,184.2,mfcc_regression/Ses04M_script03_2_M034.npy
Ses04M_script03_2_M035,Session4,ang,2.5,3.0,3.5,186.05,191.63,mfcc_regression/Ses04M_script03_2_M035.npy
Ses04M_script03_2_M036,Session4,ang,2.0,4.0,3.5,194.73,196.53,mfcc_regression/Ses04M_script03_2_M036.npy
Ses04M_script03_2_M037,Session4,fru,2.5,3.5,3.0,197.36,207.1039,mfcc_regression/Ses04M_script03_2_M037.npy
Ses04M_script03_2_M038,Session4,ang,2.5,2.5,3.5,211.5664,217.03,mfcc_regression/Ses04M_script03_2_M038.npy
Ses04M_script03_2_M040,Session4,ang,2.5,3.5,3.5,227.36,229.96,mfcc_regression/Ses04M_script03_2_M040.npy
Ses04M_script03_2_M041,Session4,ang,2.5,3.5,3.5,230.5277,233.24,mfcc_regression/Ses04M_script03_2_M041.npy
Ses04M_script03_2_M043,Session4,ang,2.5,2.5,3.0,241.6583,244.74,mfcc_regression/Ses04M_script03_2_M043.npy
Ses04M_script03_2_M046,Session4,ang,1.5,4.0,3.5,256.91,259.11,mfcc_regression/Ses04M_script03_2_M046.npy
Ses04M_script03_2_M047,Session4,ang,2.0,4.5,4.0,261.3,263.54,mfcc_regression/Ses04M_script03_2_M047.npy
Ses04M_script03_2_M048,Session4,ang,2.5,3.5,3.0,270.8098,272.0237,mfcc_regression/Ses04M_script03_2_M048.npy
Ses04M_script03_2_M049,Session4,ang,1.5,3.0,3.0,276.14,278.8,mfcc_regression/Ses04M_script03_2_M049.npy
Ses04M_script03_2_M050,Session4,ang,1.5,4.5,4.0,278.84,284.04,mfcc_regression/Ses04M_script03_2_M050.npy
Ses04M_script03_2_M051,Session4,ang,2.0,3.5,4.0,287.38,289.16,mfcc_regression/Ses04M_script03_2_M051.npy
Ses04M_script03_2_M052,Session4,ang,2.5,4.5,4.0,289.27,290.35,mfcc_regression/Ses04M_script03_2_M052.npy
Ses04M_script03_2_M053,Session4,ang,1.5,4.0,4.0,291.15,293.05,mfcc_regression/Ses04M_script03_2_M053.npy
Ses04M_script03_2_M054,Session4,ang,1.5,4.0,4.0,293.08,295.43,mfcc_regression/Ses04M_script03_2_M054.npy
Ses04M_script03_2_M055,Session4,ang,1.5,4.0,4.0,295.6698,300.36,mfcc_regression/Ses04M_script03_2_M055.npy
Ses04M_script03_2_M056,Session4,ang,1.5,4.5,4.5,300.39,302.31,mfcc_regression/Ses04M_script03_2_M056.npy
Ses04M_script01_1_F000,Session4,neu,2.5,3.5,2.0,8.36,13.42,mfcc_regression/Ses04M_script01_1_F000.npy
Ses04M_script01_1_F002,Session4,sur,2.5,3.0,1.5,19.13,20.9592,mfcc_regression/Ses04M_script01_1_F002.npy
Ses04M_script01_1_F007,Session4,sad,2.0,3.0,2.5,60.71,65.52,mfcc_regression/Ses04M_script01_1_F007.npy
Ses04M_script01_1_F008,Session4,sur,2.5,3.0,1.5,71.46,73.2221,mfcc_regression/Ses04M_script01_1_F008.npy
Ses04M_script01_1_F009,Session4,fru,2.0,2.5,2.5,77.33,79.98,mfcc_regression/Ses04M_script01_1_F009.npy
Ses04M_script01_1_F010,Session4,fru,2.0,2.5,3.0,85.17,87.4,mfcc_regression/Ses04M_script01_1_F010.npy
Ses04M_script01_1_F011,Session4,ang,2.5,3.5,3.0,104.05,106.21,mfcc_regression/Ses04M_script01_1_F011.npy
Ses04M_script01_1_F012,Session4,ang,2.5,3.5,2.0,106.72,109.49,mfcc_regression/Ses04M_script01_1_F012.npy
Ses04M_script01_1_F013,Session4,ang,2.0,3.5,3.5,112.12,120.39,mfcc_regression/Ses04M_script01_1_F013.npy
Ses04M_script01_1_F015,Session4,neu,2.5,2.0,1.5,132.72,134.7331,mfcc_regression/Ses04M_script01_1_F015.npy
Ses04M_script01_1_F017,Session4,neu,2.5,2.5,2.5,141.75,144.61,mfcc_regression/Ses04M_script01_1_F017.npy
Ses04M_script01_1_F018,Session4,ang,2.0,3.0,3.0,146.7,149.74,mfcc_regression/Ses04M_script01_1_F018.npy
Ses04M_script01_1_F019,Session4,neu,3.0,2.5,2.5,151.3089,154.94,mfcc_regression/Ses04M_script01_1_F019.npy
Ses04M_script01_1_F020,Session4,fru,2.5,3.0,3.0,157.1,159.331,mfcc_regression/Ses04M_script01_1_F020.npy
Ses04M_script01_1_F021,Session4,ang,2.0,3.5,3.5,167.48,171.6,mfcc_regression/Ses04M_script01_1_F021.npy
Ses04M_script01_1_F022,Session4,ang,2.0,4.0,3.5,172.12,176.8251,mfcc_regression/Ses04M_script01_1_F022.npy
Ses04M_script01_1_F023,Session4,fru,2.0,3.5,3.0,176.9217,183.3008,mfcc_regression/Ses04M_script01_1_F023.npy
Ses04M_script01_1_F024,Session4,fru,2.5,2.0,2.5,183.37,185.8621,mfcc_regression/Ses04M_script01_1_F024.npy
Ses04M_script01_1_F027,Session4,neu,2.5,3.0,2.5,203.09,208.092,mfcc_regression/Ses04M_script01_1_F027.npy
Ses04M_script01_1_F028,Session4,neu,2.5,3.0,2.5,218.91,222.07,mfcc_regression/Ses04M_script01_1_F028.npy
Ses04M_script01_1_F029,Session4,ang,2.0,3.5,3.5,223.15,225.74,mfcc_regression/Ses04M_script01_1_F029.npy
Ses04M_script01_1_F031,Session4,fru,2.5,1.0,2.0,243.36,244.98,mfcc_regression/Ses04M_script01_1_F031.npy
Ses04M_script01_1_F032,Session4,neu,3.0,2.0,2.5,249.47,252.15,mfcc_regression/Ses04M_script01_1_F032.npy
Ses04M_script01_1_F033,Session4,neu,2.5,3.0,2.5,252.94,255.1616,mfcc_regression/Ses04M_script01_1_F033.npy
Ses04M_script01_1_F034,Session4,ang,2.0,2.5,3.0,272.66,274.7,mfcc_regression/Ses04M_script01_1_F034.npy
Ses04M_script01_1_F035,Session4,ang,2.0,4.5,3.5,281.73,283.819,mfcc_regression/Ses04M_script01_1_F035.npy
Ses04M_script01_1_F036,Session4,ang,2.0,4.5,3.5,286.6,289.59,mfcc_regression/Ses04M_script01_1_F036.npy
Ses04M_script01_1_F037,Session4,ang,2.0,4.5,3.5,291.24,293.33,mfcc_regression/Ses04M_script01_1_F037.npy
Ses04M_script01_1_F039,Session4,ang,2.5,3.0,3.0,316.6807,319.8702,mfcc_regression/Ses04M_script01_1_F039.npy
Ses04M_script01_1_F040,Session4,ang,2.0,3.5,3.5,321.78,331.07,mfcc_regression/Ses04M_script01_1_F040.npy
Ses04M_script01_1_F041,Session4,ang,2.0,3.5,3.5,333.17,335.75,mfcc_regression/Ses04M_script01_1_F041.npy
Ses04M_script01_1_M000,Session4,neu,2.5,2.0,3.0,12.62,14.95,mfcc_regression/Ses04M_script01_1_M000.npy
Ses04M_script01_1_M001,Session4,neu,2.5,2.0,2.5,17.45,19.4152,mfcc_regression/Ses04M_script01_1_M001.npy
Ses04M_script01_1_M007,Session4,fru,2.0,3.0,3.5,64.7,72.0641,mfcc_regression/Ses04M_script01_1_M007.npy
Ses04M_script01_1_M010,Session4,fru,2.0,3.5,3.0,86.69,92.1,mfcc_regression/Ses04M_script01_1_M010.npy
Ses04M_script01_1_M013,Session4,ang,2.5,3.0,3.5,105.19,106.9187,mfcc_regression/Ses04M_script01_1_M013.npy
Ses04M_script01_1_M014,Session4,ang,2.5,3.5,3.5,108.73,113.03,mfcc_regression/Ses04M_script01_1_M014.npy
Ses04M_script01_1_M016,Session4,fru,2.5,3.0,3.0,127.66,133.51,mfcc_regression/Ses04M_script01_1_M016.npy
Ses04M_script01_1_M017,Session4,fru,2.5,2.5,3.5,134.16,136.28,mfcc_regression/Ses04M_script01_1_M017.npy
Ses04M_script01_1_M018,Session4,neu,2.5,2.5,2.5,139.68,142.18,mfcc_regression/Ses04M_script01_1_M018.npy
Ses04M_script01_1_M019,Session4,fru,1.5,3.0,3.5,144.08,147.03,mfcc_regression/Ses04M_script01_1_M019.npy
Ses04M_script01_1_M021,Session4,ang,2.0,3.5,3.5,153.76,157.4947,mfcc_regression/Ses04M_script01_1_M021.npy
Ses04M_script01_1_M022,Session4,ang,1.5,3.5,3.5,158.98,168.5,mfcc_regression/Ses04M_script01_1_M022.npy
Ses04M_script01_1_M023,Session4,fru,2.0,3.0,4.0,170.25,172.6,mfcc_regression/Ses04M_script01_1_M023.npy
Ses04M_script01_1_M024,Session4,fru,2.0,2.0,3.0,185.4754,195.67,mfcc_regression/Ses04M_script01_1_M024.npy
Ses04M_script01_1_M025,Session4,fru,1.5,3.5,3.5,197.34,199.2484,mfcc_regression/Ses04M_script01_1_M025.npy
Ses04M_script01_1_M026,Session4,neu,2.0,2.5,3.0,201.1331,203.9,mfcc_regression/Ses04M_script01_1_M026.npy
Ses04M_script01_1_M029,Session4,fru,1.5,4.5,3.5,225.28,227.16,mfcc_regression/Ses04M_script01_1_M029.npy
Ses04M_script01_1_M030,Session4,fru,2.5,2.0,2.5,241.57,243.87,mfcc_regression/Ses04M_script01_1_M030.npy
Ses04M_script01_1_M031,Session4,neu,2.5,2.5,2.5,246.65,249.7974,mfcc_regression/Ses04M_script01_1_M031.npy
Ses04M_script01_1_M032,Session4,neu,3.0,2.0,2.0,251.69,253.48,mfcc_regression/Ses04M_script01_1_M032.npy
Ses04M_script01_1_M033,Session4,fru,2.0,3.5,3.5,255.1616,260.95,mfcc_regression/Ses04M_script01_1_M033.npy
Ses04M_script01_1_M034,Session4,sad,2.0,2.0,2.5,261.1541,273.2,mfcc_regression/Ses04M_script01_1_M034.npy
Ses04M_script01_1_M036,Session4,fru,2.0,2.5,3.5,283.3357,287.48,mfcc_regression/Ses04M_script01_1_M036.npy
Ses04M_script01_1_M037,Session4,ang,2.0,4.5,3.5,288.14,291.95,mfcc_regression/Ses04M_script01_1_M037.npy
Ses04M_script01_1_M038,Session4,ang,2.0,4.0,3.5,292.27,299.9599,mfcc_regression/Ses04M_script01_1_M038.npy
Ses04M_script01_1_M040,Session4,neu,2.5,2.5,2.5,314.48,317.34,mfcc_regression/Ses04M_script01_1_M040.npy
Ses04M_script01_1_M041,Session4,neu,2.5,2.5,3.0,319.3,322.1899,mfcc_regression/Ses04M_script01_1_M041.npy
Ses04M_script01_1_M042,Session4,fru,2.0,2.5,3.0,330.05,333.73,mfcc_regression/Ses04M_script01_1_M042.npy
Ses04M_script01_1_M044,Session4,fru,2.5,3.0,3.0,339.08,342.86,mfcc_regression/Ses04M_script01_1_M044.npy
Ses04F_script02_2_F002,Session4,ang,1.5,4.5,4.0,18.39,25.72,mfcc_regression/Ses04F_script02_2_F002.npy
Ses04F_script02_2_F005,Session4,ang,1.0,4.5,5.0,52.0059,60.192,mfcc_regression/Ses04F_script02_2_F005.npy
Ses04F_script02_2_F006,Session4,ang,2.0,4.5,4.0,61.5,66.0,mfcc_regression/Ses04F_script02_2_F006.npy
Ses04F_script02_2_F007,Session4,ang,1.5,4.5,4.5,75.01,78.83,mfcc_regression/Ses04F_script02_2_F007.npy
Ses04F_script02_2_F008,Session4,neu,2.5,2.0,2.0,83.7513,87.95,mfcc_regression/Ses04F_script02_2_F008.npy
Ses04F_script02_2_F009,Session4,ang,1.5,4.5,4.5,98.28,102.14,mfcc_regression/Ses04F_script02_2_F009.npy
Ses04F_script02_2_F010,Session4,ang,1.5,4.5,4.5,102.611,106.09,mfcc_regression/Ses04F_script02_2_F010.npy
Ses04F_script02_2_F011,Session4,ang,1.5,4.5,4.5,107.68,111.0597,mfcc_regression/Ses04F_script02_2_F011.npy
Ses04F_script02_2_F014,Session4,ang,1.0,4.5,5.0,127.3291,130.19,mfcc_regression/Ses04F_script02_2_F014.npy
Ses04F_script02_2_F015,Session4,fru,2.0,3.0,3.0,131.46,135.1803,mfcc_regression/Ses04F_script02_2_F015.npy
Ses04F_script02_2_F016,Session4,fru,2.0,4.5,4.5,136.34,144.9861,mfcc_regression/Ses04F_script02_2_F016.npy
Ses04F_script02_2_F019,Session4,sad,4.0,4.0,3.5,182.94,192.4831,mfcc_regression/Ses04F_script02_2_F019.npy
Ses04F_script02_2_F020,Session4,sad,4.0,3.5,4.0,192.52,200.3,mfcc_regression/Ses04F_script02_2_F020.npy
Ses04F_script02_2_F021,Session4,sad,4.0,4.0,4.0,200.34,206.0537,mfcc_regression/Ses04F_script02_2_F021.npy
Ses04F_script02_2_F022,Session4,sad,3.0,4.0,4.0,206.29,215.99,mfcc_regression/Ses04F_script02_2_F022.npy
Ses04F_script02_2_F023,Session4,sad,4.0,4.0,3.0,216.78,220.61,mfcc_regression/Ses04F_script02_2_F023.npy
Ses04F_script02_2_F024,Session4,sad,2.0,2.5,2.5,235.34,240.93,mfcc_regression/Ses04F_script02_2_F024.npy
Ses04F_script02_2_F025,Session4,neu,2.0,2.0,2.5,247.5533,249.1731,mfcc_regression/Ses04F_script02_2_F025.npy
Ses04F_script02_2_F026,Session4,sad,2.5,2.5,3.0,250.48,251.74,mfcc_regression/Ses04F_script02_2_F026.npy
Ses04F_script02_2_F027,Session4,fru,1.5,3.0,3.5,252.66,254.31,mfcc_regression/Ses04F_script02_2_F027.npy
Ses04F_script02_2_F028,Session4,fru,2.0,2.5,3.0,255.86,257.05,mfcc_regression/Ses04F_script02_2_F028.npy
Ses04F_script02_2_F029,Session4,fru,2.0,3.0,3.5,258.12,259.51,mfcc_regression/Ses04F_script02_2_F029.npy
Ses04F_script02_2_F030,Session4,fru,1.5,3.5,4.5,261.37,262.76,mfcc_regression/Ses04F_script02_2_F030.npy
Ses04F_script02_2_F031,Session4,ang,1.5,4.0,4.5,263.36,264.71,mfcc_regression/Ses04F_script02_2_F031.npy
Ses04F_script02_2_F033,Session4,ang,1.5,4.5,4.5,311.66,315.35,mfcc_regression/Ses04F_script02_2_F033.npy
Ses04F_script02_2_F034,Session4,ang,1.5,4.5,4.5,315.77,321.41,mfcc_regression/Ses04F_script02_2_F034.npy
Ses04F_script02_2_F037,Session4,sad,1.5,3.5,3.0,337.59,351.2149,mfcc_regression/Ses04F_script02_2_F037.npy
Ses04F_script02_2_F038,Session4,fru,2.0,2.5,4.0,352.68,355.3737,mfcc_regression/Ses04F_script02_2_F038.npy
Ses04F_script02_2_F039,Session4,fru,1.5,3.0,3.0,360.4079,365.12,mfcc_regression/Ses04F_script02_2_F039.npy
Ses04F_script02_2_F040,Session4,fru,2.0,3.5,3.0,365.7,372.79,mfcc_regression/Ses04F_script02_2_F040.npy
Ses04F_script02_2_F041,Session4,sad,2.0,4.0,3.0,372.8186,376.5,mfcc_regression/Ses04F_script02_2_F041.npy
Ses04F_script02_2_F043,Session4,hap,4.0,3.0,3.0,393.6777,401.52,mfcc_regression/Ses04F_script02_2_F043.npy
Ses04F_script02_2_F044,Session4,hap,4.5,3.0,3.0,405.09,408.3864,mfcc_regression/Ses04F_script02_2_F044.npy
Ses04F_script02_2_F045,Session4,hap,4.0,3.5,3.0,409.35,412.66,mfcc_regression/Ses04F_script02_2_F045.npy
Ses04F_script02_2_F046,Session4,hap,4.0,3.0,3.5,416.57,426.5972,mfcc_regression/Ses04F_script02_2_F046.npy
Ses04F_script02_2_M000,Session4,neu,3.0,3.0,3.0,8.4,11.35,mfcc_regression/Ses04F_script02_2_M000.npy
Ses04F_script02_2_M006,Session4,fru,2.0,3.5,4.0,59.1414,62.29,mfcc_regression/Ses04F_script02_2_M006.npy
Ses04F_script02_2_M007,Session4,fru,1.5,4.5,4.0,65.13,75.59,mfcc_regression/Ses04F_script02_2_M007.npy
Ses04F_script02_2_M008,Session4,fru,3.0,3.0,2.5,82.13,84.43,mfcc_regression/Ses04F_script02_2_M008.npy
Ses04F_script02_2_M010,Session4,fru,2.5,3.0,2.5,101.57,103.1801,mfcc_regression/Ses04F_script02_2_M010.npy
Ses04F_script02_2_M011,Session4,fru,2.0,3.5,3.0,105.61,108.34,mfcc_regression/Ses04F_script02_2_M011.npy
Ses04F_script02_2_M012,Session4,fru,3.0,3.0,3.5,110.4031,112.65,mfcc_regression/Ses04F_script02_2_M012.npy
Ses04F_script02_2_M013,Session4,fru,2.5,3.0,2.0,129.5332,132.13,mfcc_regression/Ses04F_script02_2_M013.npy
Ses04F_script02_2_M014,Session4,fru,2.5,3.5,3.5,134.6112,136.8876,mfcc_regression/Ses04F_script02_2_M014.npy
Ses04F_script02_2_M015,Session4,fru,2.5,2.5,3.0,144.2857,148.57,mfcc_regression/Ses04F_script02_2_M015.npy
Ses04F_script02_2_M016,Session4,fru,2.0,3.5,3.5,149.91,160.73,mfcc_regression/Ses04F_script02_2_M016.npy
Ses04F_script02_2_M019,Session4,neu,3.0,2.5,3.0,215.27,217.11,mfcc_regression/Ses04F_script02_2_M019.npy
Ses04F_script02_2_M020,Session4,neu,3.0,3.0,4.0,219.52,231.52,mfcc_regression/Ses04F_script02_2_M020.npy
Ses04F_script02_2_M021,Session4,exc,2.5,4.0,4.5,231.54,235.83,mfcc_regression/Ses04F_script02_2_M021.npy
Ses04F_script02_2_M023,Session4,neu,3.0,3.0,3.0,248.9104,250.84,mfcc_regression/Ses04F_script02_2_M023.npy
Ses04F_script02_2_M025,Session4,fru,2.0,3.5,3.5,254.1,256.0897,mfcc_regression/Ses04F_script02_2_M025.npy
Ses04F_script02_2_M026,Session4,fru,3.0,2.5,2.0,256.56,258.51,mfcc_regression/Ses04F_script02_2_M026.npy
Ses04F_script02_2_M027,Session4,fru,1.5,4.0,3.5,259.12,261.73,mfcc_regression/Ses04F_script02_2_M027.npy
Ses04F_script02_2_M028,Session4,fru,2.0,4.0,4.5,262.38,263.92,mfcc_regression/Ses04F_script02_2_M028.npy
Ses04F_script02_2_M029,Session4,fru,1.5,3.5,4.0,264.41,271.6,mfcc_regression/Ses04F_script02_2_M029.npy
Ses04F_script02_2_M031,Session4,fru,1.5,4.0,4.5,277.99,285.5509,mfcc_regression/Ses04F_script02_2_M031.npy
Ses04F_script02_2_M032,Session4,fru,1.0,4.0,5.0,285.5947,293.39,mfcc_regression/Ses04F_script02_2_M032.npy
Ses04F_script02_2_M033,Session4,fru,1.5,3.5,4.0,293.42,299.9532,mfcc_regression/Ses04F_script02_2_M033.npy
Ses04F_script02_2_M034,Session4,fru,1.5,4.0,4.0,299.997,309.47,mfcc_regression/Ses04F_script02_2_M034.npy
Ses04F_script02_2_M039,Session4,fru,2.5,3.5,2.0,336.32,338.1,mfcc_regression/Ses04F_script02_2_M039.npy
Ses04F_script02_2_M040,Session4,sad,2.5,2.5,2.5,350.1643,353.2,mfcc_regression/Ses04F_script02_2_M040.npy
Ses04F_script02_2_M041,Session4,sad,2.0,2.5,3.0,354.9359,360.7581,mfcc_regression/Ses04F_script02_2_M041.npy
Ses04F_script02_2_M042,Session4,sur,3.0,3.5,2.5,364.52,366.39,mfcc_regression/Ses04F_script02_2_M042.npy
Ses04F_script02_2_M043,Session4,neu,3.0,2.0,3.0,375.83,379.538,mfcc_regression/Ses04F_script02_2_M043.npy
Ses04F_script02_2_M044,Session4,neu,3.0,3.5,2.5,384.2221,389.9567,mfcc_regression/Ses04F_script02_2_M044.npy
Ses04F_script02_2_M046,Session4,exc,4.0,3.5,3.0,401.68,405.77,mfcc_regression/Ses04F_script02_2_M046.npy
Ses04F_script02_2_M047,Session4,neu,3.0,2.5,3.5,407.84,409.82,mfcc_regression/Ses04F_script02_2_M047.npy
Ses04M_script01_3_F012,Session4,hap,4.0,4.0,4.0,112.83,114.45,mfcc_regression/Ses04M_script01_3_F012.npy
Ses04M_script01_3_F013,Session4,hap,2.0,3.5,4.5,115.36,123.41,mfcc_regression/Ses04M_script01_3_F013.npy
Ses04M_script01_3_F014,Session4,hap,3.0,4.0,4.5,133.31,141.3504,mfcc_regression/Ses04M_script01_3_F014.npy
Ses04M_script01_3_F022,Session4,sad,2.0,3.0,3.0,198.5208,201.2968,mfcc_regression/Ses04M_script01_3_F022.npy
Ses04M_script01_3_F023,Session4,sad,2.0,3.0,3.5,203.1725,205.41,mfcc_regression/Ses04M_script01_3_F023.npy
Ses04M_script01_3_F027,Session4,hap,4.0,3.5,3.5,344.24,346.8002,mfcc_regression/Ses04M_script01_3_F027.npy
Ses04M_script01_3_M022,Session4,sad,2.0,2.0,3.0,169.81,174.8874,mfcc_regression/Ses04M_script01_3_M022.npy
Ses04M_script01_3_M023,Session4,sad,1.5,3.5,4.0,178.57,181.6,mfcc_regression/Ses04M_script01_3_M023.npy
Ses04M_script01_3_M024,Session4,sad,2.5,2.5,3.5,184.34,193.6441,mfcc_regression/Ses04M_script01_3_M024.npy
Ses04M_script01_3_M025,Session4,sad,2.0,2.5,3.5,194.8445,198.8959,mfcc_regression/Ses04M_script01_3_M025.npy
Ses04M_script01_3_M026,Session4,sad,2.0,3.0,3.0,200.7716,203.2475,mfcc_regression/Ses04M_script01_3_M026.npy
Ses04M_script01_3_M027,Session4,sad,2.0,2.5,4.0,206.72,212.4758,mfcc_regression/Ses04M_script01_3_M027.npy
Ses04M_script01_3_M028,Session4,sad,2.0,3.0,4.0,212.5508,227.36,mfcc_regression/Ses04M_script01_3_M028.npy
Ses04M_script01_3_M030,Session4,sad,2.0,3.0,4.0,239.05,250.93,mfcc_regression/Ses04M_script01_3_M030.npy
Ses04M_script01_3_M031,Session4,sad,2.0,3.0,4.0,250.99,262.58,mfcc_regression/Ses04M_script01_3_M031.npy
Ses04M_script01_3_M032,Session4,sad,2.0,3.0,4.5,262.93,279.64,mfcc_regression/Ses04M_script01_3_M032.npy
Ses04M_script01_3_M033,Session4,sad,2.0,2.5,4.5,279.77,290.27,mfcc_regression/Ses04M_script01_3_M033.npy
Ses04M_script01_3_M034,Session4,sad,2.0,3.5,4.5,291.06,305.63,mfcc_regression/Ses04M_script01_3_M034.npy
Ses04M_script01_3_M035,Session4,sad,2.0,3.0,4.0,306.56,321.91,mfcc_regression/Ses04M_script01_3_M035.npy
Ses04M_script01_3_M037,Session4,hap,3.5,3.5,4.0,341.04,344.6,mfcc_regression/Ses04M_script01_3_M037.npy
Ses04M_script03_1_F001,Session4,fea,2.0,4.0,4.0,10.58,13.54,mfcc_regression/Ses04M_script03_1_F001.npy
Ses04M_script03_1_F002,Session4,fea,2.0,4.0,4.0,14.29,16.28,mfcc_regression/Ses04M_script03_1_F002.npy
Ses04M_script03_1_F005,Session4,exc,4.0,4.5,4.5,28.57,31.82,mfcc_regression/Ses04M_script03_1_F005.npy
Ses04M_script03_1_F006,Session4,exc,4.0,3.5,3.5,33.54,35.39,mfcc_regression/Ses04M_script03_1_F006.npy
Ses04M_script03_1_F007,Session4,exc,5.0,4.0,3.5,37.12,40.04,mfcc_regression/Ses04M_script03_1_F007.npy
Ses04M_script03_1_F008,Session4,exc,3.0,3.5,3.5,43.75,47.0,mfcc_regression/Ses04M_script03_1_F008.npy
Ses04M_script03_1_F009,Session4,exc,2.5,3.5,4.0,47.95,50.95,mfcc_regression/Ses04M_script03_1_F009.npy
Ses04M_script03_1_F012,Session4,exc,4.0,3.0,2.5,69.42,70.74,mfcc_regression/Ses04M_script03_1_F012.npy
Ses04M_script03_1_F013,Session4,neu,4.0,3.5,4.0,83.89,87.42,mfcc_regression/Ses04M_script03_1_F013.npy
Ses04M_script03_1_F014,Session4,exc,4.0,4.0,4.0,90.2854,95.44,mfcc_regression/Ses04M_script03_1_F014.npy
Ses04M_script03_1_F015,Session4,exc,2.5,3.5,3.0,96.94,100.1596,mfcc_regression/Ses04M_script03_1_F015.npy
Ses04M_script03_1_F017,Session4,exc,3.0,4.0,4.0,107.49,111.34,mfcc_regression/Ses04M_script03_1_F017.npy
Ses04M_script03_1_F018,Session4,exc,2.5,3.5,3.0,113.0,115.28,mfcc_regression/Ses04M_script03_1_F018.npy
Ses04M_script03_1_F021,Session4,exc,4.0,4.0,4.5,162.9098,171.5798,mfcc_regression/Ses04M_script03_1_F021.npy
Ses04M_script03_1_F022,Session4,exc,4.0,3.5,3.0,173.64,175.61,mfcc_regression/Ses04M_script03_1_F022.npy
Ses04M_script03_1_F023,Session4,exc,5.0,4.5,4.0,178.7,183.8,mfcc_regression/Ses04M_script03_1_F023.npy
Ses04M_script03_1_F024,Session4,exc,3.0,4.0,4.0,184.54,190.15,mfcc_regression/Ses04M_script03_1_F024.npy
Ses04M_script03_1_F025,Session4,exc,4.0,3.5,3.0,191.06,193.6,mfcc_regression/Ses04M_script03_1_F025.npy
Ses04M_script03_1_F026,Session4,exc,4.0,4.0,3.5,197.53,201.52,mfcc_regression/Ses04M_script03_1_F026.npy
Ses04M_script03_1_F027,Session4,exc,3.5,3.5,3.5,204.99,207.75,mfcc_regression/Ses04M_script03_1_F027.npy
Ses04M_script03_1_F028,Session4,exc,4.5,4.5,4.0,208.6,215.23,mfcc_regression/Ses04M_script03_1_F028.npy
Ses04M_script03_1_F029,Session4,exc,4.5,4.5,4.5,218.31,222.65,mfcc_regression/Ses04M_script03_1_F029.npy
Ses04M_script03_1_F030,Session4,exc,4.0,3.5,3.5,225.08,227.4261,mfcc_regression/Ses04M_script03_1_F030.npy
Ses04M_script03_1_M000,Session4,fea,2.5,4.0,4.0,7.42,9.32,mfcc_regression/Ses04M_script03_1_M000.npy
Ses04M_script03_1_M001,Session4,fea,3.0,3.5,4.0,9.86,10.91,mfcc_regression/Ses04M_script03_1_M001.npy
Ses04M_script03_1_M002,Session4,fea,2.5,3.5,4.0,13.15,14.69,mfcc_regression/Ses04M_script03_1_M002.npy
Ses04M_script03_1_M003,Session4,neu,3.5,3.0,3.5,15.7076,19.15,mfcc_regression/Ses04M_script03_1_M003.npy
Ses04M_script03_1_M004,Session4,exc,3.0,3.0,3.5,20.7,22.87,mfcc_regression/Ses04M_script03_1_M004.npy
Ses04M_script03_1_M006,Session4,exc,3.0,3.5,4.0,31.27,34.02,mfcc_regression/Ses04M_script03_1_M006.npy
Ses04M_script03_1_M007,Session4,exc,3.0,3.5,3.5,34.97,37.45,mfcc_regression/Ses04M_script03_1_M007.npy
Ses04M_script03_1_M010,Session4,neu,3.0,3.0,3.5,50.43,54.1,mfcc_regression/Ses04M_script03_1_M010.npy
Ses04M_script03_1_M012,Session4,neu,2.5,3.0,3.5,66.55,69.83,mfcc_regression/Ses04M_script03_1_M012.npy
Ses04M_script03_1_M013,Session4,ang,2.5,4.0,4.5,70.26,84.45,mfcc_regression/Ses04M_script03_1_M013.npy
Ses04M_script03_1_M016,Session4,sad,2.0,3.0,3.0,99.5976,103.11,mfcc_regression/Ses04M_script03_1_M016.npy
Ses04M_script03_1_M021,Session4,exc,3.5,3.5,4.5,139.1744,147.1219,mfcc_regression/Ses04M_script03_1_M021.npy
Ses04M_script03_1_M025,Session4,ang,2.0,3.5,4.5,183.3,185.21,mfcc_regression/Ses04M_script03_1_M025.npy
Ses04M_script03_1_M028,Session4,neu,2.5,1.5,2.0,201.3627,203.34,mfcc_regression/Ses04M_script03_1_M028.npy
Ses04M_script03_1_M029,Session4,exc,3.0,3.5,3.5,203.4,205.5,mfcc_regression/Ses04M_script03_1_M029.npy
Ses04M_script03_1_M033,Session4,neu,3.0,3.5,4.0,226.9,231.71,mfcc_regression/Ses04M_script03_1_M033.npy
Ses04M_script01_2_F000,Session4,ang,2.3333,2.3333,3.3333,5.65,9.0,mfcc_regression/Ses04M_script01_2_F000.npy
Ses04M_script01_2_F001,Session4,neu,3.0,2.0,2.0,10.86,12.79,mfcc_regression/Ses04M_script01_2_F001.npy
Ses04M_script01_2_F002,Session4,ang,2.6667,3.0,3.6667,13.8201,17.62,mfcc_regression/Ses04M_script01_2_F002.npy
Ses04M_script01_2_F003,Session4,ang,2.3333,3.0,3.6667,19.04,22.91,mfcc_regression/Ses04M_script01_2_F003.npy
Ses04M_script01_2_F004,Session4,ang,2.6667,2.6667,3.0,33.82,36.66,mfcc_regression/Ses04M_script01_2_F004.npy
Ses04M_script01_2_F005,Session4,ang,2.0,2.6667,3.3333,37.72,40.1382,mfcc_regression/Ses04M_script01_2_F005.npy
Ses04M_script01_2_F006,Session4,ang,2.3333,3.0,3.3333,42.4333,45.35,mfcc_regression/Ses04M_script01_2_F006.npy
Ses04M_script01_2_F007,Session4,neu,3.0,1.6667,2.0,47.73,51.02,mfcc_regression/Ses04M_script01_2_F007.npy
Ses04M_script01_2_F008,Session4,ang,2.3333,3.0,3.6667,51.9627,55.67,mfcc_regression/Ses04M_script01_2_F008.npy
Ses04M_script01_2_F009,Session4,ang,2.0,3.0,3.6667,57.29,64.98,mfcc_regression/Ses04M_script01_2_F009.npy
Ses04M_script01_2_F010,Session4,ang,2.6667,3.3333,3.6667,65.83,73.8404,mfcc_regression/Ses04M_script01_2_F010.npy
Ses04M_script01_2_F011,Session4,ang,2.0,3.6667,3.6667,75.4,81.86,mfcc_regression/Ses04M_script01_2_F011.npy
Ses04M_script01_2_F012,Session4,ang,2.0,3.6667,4.3333,83.63,92.55,mfcc_regression/Ses04M_script01_2_F012.npy
Ses04M_script01_2_F013,Session4,ang,1.6667,4.0,4.0,93.5228,96.8656,mfcc_regression/Ses04M_script01_2_F013.npy
Ses04M_script01_2_F014,Session4,ang,2.0,3.6667,3.3333,96.8905,102.3537,mfcc_regression/Ses04M_script01_2_F014.npy
Ses04M_script01_2_F015,Session4,ang,1.6667,4.3333,4.0,102.3815,110.5,mfcc_regression/Ses04M_script01_2_F015.npy
Ses04M_script01_2_F016,Session4,ang,2.0,2.6667,2.6667,111.04,114.69,mfcc_regression/Ses04M_script01_2_F016.npy
Ses04M_script01_2_F018,Session4,ang,2.6667,3.3333,4.0,120.36,123.28,mfcc_regression/Ses04M_script01_2_F018.npy
Ses04M_script01_2_F020,Session4,sad,2.0,3.0,2.0,129.99,131.89,mfcc_regression/Ses04M_script01_2_F020.npy
Ses04M_script01_2_M000,Session4,neu,2.6667,2.3333,2.0,8.6133,11.46,mfcc_regression/Ses04M_script01_2_M000.npy
Ses04M_script01_2_M003,Session4,fru,2.3333,2.6667,3.3333,22.02,29.7357,mfcc_regression/Ses04M_script01_2_M003.npy
Ses04M_script01_2_M005,Session4,neu,3.0,2.6667,2.3333,35.96,38.4,mfcc_regression/Ses04M_script01_2_M005.npy
Ses04M_script01_2_M006,Session4,neu,3.0,2.3333,3.0,40.0135,42.8574,mfcc_regression/Ses04M_script01_2_M006.npy
Ses04M_script01_2_M007,Session4,neu,3.0,2.0,2.3333,46.9,48.05,mfcc_regression/Ses04M_script01_2_M007.npy
Ses04M_script01_2_M011,Session4,fru,2.3333,2.3333,2.6667,73.36,76.36,mfcc_regression/Ses04M_script01_2_M011.npy
Ses04M_script01_2_M012,Session4,fru,2.0,3.6667,3.6667,81.52,84.17,mfcc_regression/Ses04M_script01_2_M012.npy
Ses04M_script01_2_M013,Session4,fru,2.0,3.3333,3.0,92.07,94.11,mfcc_regression/Ses04M_script01_2_M013.npy
Ses04M_script01_2_M014,Session4,fru,2.6667,2.3333,3.0,110.03,111.6,mfcc_regression/Ses04M_script01_2_M014.npy
Ses04M_script01_2_M015,Session4,fru,3.3333,3.0,3.6667,113.63,115.5,mfcc_regression/Ses04M_script01_2_M015.npy
Ses04M_script01_2_M016,Session4,fru,3.0,3.3333,3.6667,118.44,120.89,mfcc_regression/Ses04M_script01_2_M016.npy
Ses04M_script01_2_M017,Session4,fru,2.0,3.0,3.0,122.55,124.47,mfcc_regression/Ses04M_script01_2_M017.npy
Ses04M_script01_2_M019,Session4,ang,2.0,3.3333,3.3333,132.41,138.2511,mfcc_regression/Ses04M_script01_2_M019.npy
Ses04F_impro04_F000,Session4,neu,4.0,2.5,3.0,11.81,15.6242,mfcc_regression/Ses04F_impro04_F000.npy
Ses04F_impro04_F001,Session4,fru,2.0,3.0,4.0,15.85,25.22,mfcc_regression/Ses04F_impro04_F001.npy
Ses04F_impro04_F002,Session4,fru,1.5,3.5,4.0,28.23,33.9952,mfcc_regression/Ses04F_impro04_F002.npy
Ses04F_impro04_F003,Session4,fru,1.5,4.0,4.5,34.02,46.01,mfcc_regression/Ses04F_impro04_F003.npy
Ses04F_impro04_F004,Session4,fru,1.5,5.0,4.5,58.36,67.8,mfcc_regression/Ses04F_impro04_F004.npy
Ses04F_impro04_F005,Session4,ang,1.0,4.0,4.5,69.61,74.77,mfcc_regression/Ses04F_impro04_F005.npy
Ses04F_impro04_F006,Session4,ang,1.5,4.5,4.0,77.27,80.93,mfcc_regression/Ses04F_impro04_F006.npy
Ses04F_impro04_F007,Session4,fru,2.0,3.0,4.0,84.05,87.53,mfcc_regression/Ses04F_impro04_F007.npy
Ses04F_impro04_F008,Session4,ang,2.0,4.0,5.0,90.04,103.04,mfcc_regression/Ses04F_impro04_F008.npy
Ses04F_impro04_F009,Session4,fru,1.5,4.5,4.5,107.04,110.77,mfcc_regression/Ses04F_impro04_F009.npy
Ses04F_impro04_F011,Session4,ang,1.5,4.0,4.5,114.6,117.48,mfcc_regression/Ses04F_impro04_F011.npy
Ses04F_impro04_F012,Session4,fru,1.5,4.0,4.0,120.4504,125.79,mfcc_regression/Ses04F_impro04_F012.npy
Ses04F_impro04_F013,Session4,ang,1.5,4.5,4.5,125.86,132.94,mfcc_regression/Ses04F_impro04_F013.npy
Ses04F_impro04_F014,Session4,ang,1.5,4.5,4.5,132.94,134.9,mfcc_regression/Ses04F_impro04_F014.npy
Ses04F_impro04_F015,Session4,ang,1.5,4.5,4.5,134.9,140.81,mfcc_regression/Ses04F_impro04_F015.npy
Ses04F_impro04_F016,Session4,ang,2.0,4.0,3.5,141.54,143.6,mfcc_regression/Ses04F_impro04_F016.npy
Ses04F_impro04_F017,Session4,ang,1.5,4.0,4.0,143.61,147.25,mfcc_regression/Ses04F_impro04_F017.npy
Ses04F_impro04_F018,Session4,ang,1.5,4.5,4.5,147.35,154.25,mfcc_regression/Ses04F_impro04_F018.npy
Ses04F_impro04_F019,Session4,fru,2.0,3.5,3.0,158.66,162.2,mfcc_regression/Ses04F_impro04_F019.npy
Ses04F_impro04_F020,Session4,fru,4.0,3.0,3.5,165.48,169.29,mfcc_regression/Ses04F_impro04_F020.npy
Ses04F_impro04_F021,Session4,fru,2.0,4.0,4.5,170.23,173.07,mfcc_regression/Ses04F_impro04_F021.npy
Ses04F_impro04_F022,Session4,fru,2.0,3.5,4.0,174.56,179.7,mfcc_regression/Ses04F_impro04_F022.npy
Ses04F_impro04_F023,Session4,fru,2.5,3.0,3.5,181.09,185.36,mfcc_regression/Ses04F_impro04_F023.npy
Ses04F_impro04_F024,Session4,fru,2.5,4.0,4.0,190.3,197.98,mfcc_regression/Ses04F_impro04_F024.npy
Ses04F_impro04_F025,Session4,ang,2.0,4.0,4.0,198.58,202.71,mfcc_regression/Ses04F_impro04_F025.npy
Ses04F_impro04_F026,Session4,fru,2.5,4.0,4.0,203.86,211.32,mfcc_regression/Ses04F_impro04_F026.npy
Ses04F_impro04_F027,Session4,fru,2.0,3.5,4.5,214.23,218.92,mfcc_regression/Ses04F_impro04_F027.npy
Ses04F_impro04_F028,Session4,fru,1.5,3.5,3.5,219.28,223.6,mfcc_regression/Ses04F_impro04_F028.npy
Ses04F_impro04_F029,Session4,fru,2.0,4.5,4.5,225.26,231.63,mfcc_regression/Ses04F_impro04_F029.npy
Ses04F_impro04_F030,Session4,ang,1.5,4.5,5.0,238.06,244.24,mfcc_regression/Ses04F_impro04_F030.npy
Ses04F_impro04_F031,Session4,ang,1.5,4.0,4.5,245.78,249.39,mfcc_regression/Ses04F_impro04_F031.npy
Ses04F_impro04_F032,Session4,fru,1.5,4.0,4.5,251.21,259.49,mfcc_regression/Ses04F_impro04_F032.npy
Ses04F_impro04_F033,Session4,fru,1.5,3.0,4.0,262.7,265.43,mfcc_regression/Ses04F_impro04_F033.npy
Ses04F_impro04_M001,Session4,neu,3.0,3.0,3.0,25.51,28.58,mfcc_regression/Ses04F_impro04_M001.npy
Ses04F_impro04_M002,Session4,neu,2.5,2.5,3.0,46.28,51.95,mfcc_regression/Ses04F_impro04_M002.npy
Ses04F_impro04_M003,Session4,neu,3.0,2.5,3.0,53.18,57.65,mfcc_regression/Ses04F_impro04_M003.npy
Ses04F_impro04_M004,Session4,neu,3.0,2.0,2.0,58.04,59.93,mfcc_regression/Ses04F_impro04_M004.npy
Ses04F_impro04_M005,Session4,neu,2.5,2.5,2.0,67.44,69.95,mfcc_regression/Ses04F_impro04_M005.npy
Ses04F_impro04_M006,Session4,neu,2.5,2.5,3.5,74.48,77.55,mfcc_regression/Ses04F_impro04_M006.npy
Ses04F_impro04_M007,Session4,neu,3.0,2.5,2.5,77.58,79.51,mfcc_regression/Ses04F_impro04_M007.npy
Ses04F_impro04_M008,Session4,neu,2.5,2.5,3.5,79.51,84.22,mfcc_regression/Ses04F_impro04_M008.npy
Ses04F_impro04_M009,Session4,neu,3.0,3.5,3.5,84.23,91.14,mfcc_regression/Ses04F_impro04_M009.npy
Ses04F_impro04_M010,Session4,fru,3.0,2.5,2.5,102.93,107.31,mfcc_regression/Ses04F_impro04_M010.npy
Ses04F_impro04_M013,Session4,neu,2.5,2.5,3.0,116.65,120.46,mfcc_regression/Ses04F_impro04_M013.npy
Ses04F_impro04_M014,Session4,neu,3.0,2.5,3.0,125.37,127.4,mfcc_regression/Ses04F_impro04_M014.npy
Ses04F_impro04_M015,Session4,neu,2.5,2.5,2.0,129.42,132.1,mfcc_regression/Ses04F_impro04_M015.npy
Ses04F_impro04_M016,Session4,neu,3.0,2.0,3.0,138.21,141.88,mfcc_regression/Ses04F_impro04_M016.npy
Ses04F_impro04_M017,Session4,neu,3.0,2.5,3.5,141.91,147.77,mfcc_regression/Ses04F_impro04_M017.npy
Ses04F_impro04_M018,Session4,neu,3.0,2.5,2.5,153.9,160.94,mfcc_regression/Ses04F_impro04_M018.npy
Ses04F_impro04_M019,Session4,neu,3.5,2.5,3.0,161.85,166.64,mfcc_regression/Ses04F_impro04_M019.npy
Ses04F_impro04_M020,Session4,neu,2.5,3.0,3.0,167.43,171.54,mfcc_regression/Ses04F_impro04_M020.npy
Ses04F_impro04_M021,Session4,neu,2.5,3.0,3.0,171.54,176.83,mfcc_regression/Ses04F_impro04_M021.npy
Ses04F_impro04_M022,Session4,neu,3.0,2.5,2.5,177.33,183.36,mfcc_regression/Ses04F_impro04_M022.npy
Ses04F_impro04_M023,Session4,neu,3.0,3.0,2.5,183.92,190.69,mfcc_regression/Ses04F_impro04_M023.npy
Ses04F_impro04_M025,Session4,fru,2.5,3.0,3.5,200.23,205.99,mfcc_regression/Ses04F_impro04_M025.npy
Ses04F_impro04_M026,Session4,neu,2.5,3.0,3.0,210.56,215.33,mfcc_regression/Ses04F_impro04_M026.npy
Ses04F_impro04_M027,Session4,fru,2.5,3.0,3.0,217.72,219.71,mfcc_regression/Ses04F_impro04_M027.npy
Ses04F_impro04_M028,Session4,neu,3.0,3.0,3.0,223.31,226.14,mfcc_regression/Ses04F_impro04_M028.npy
Ses04F_impro04_M029,Session4,fru,2.5,3.0,3.5,231.48,238.26,mfcc_regression/Ses04F_impro04_M029.npy
Ses04F_impro04_M030,Session4,neu,3.0,3.0,3.0,241.4,244.35,mfcc_regression/Ses04F_impro04_M030.npy
Ses04F_impro04_M031,Session4,neu,3.5,2.5,3.0,244.39,246.65,mfcc_regression/Ses04F_impro04_M031.npy
Ses04F_impro04_M033,Session4,neu,2.5,2.0,3.0,254.13,256.39,mfcc_regression/Ses04F_impro04_M033.npy
Ses04F_impro05_F000,Session4,fru,3.0,3.5,4.5,7.37,9.93,mfcc_regression/Ses04F_impro05_F000.npy
Ses04F_impro05_F001,Session4,fru,3.0,4.0,3.5,12.39,14.4236,mfcc_regression/Ses04F_impro05_F001.npy
Ses04F_impro05_F002,Session4,fru,2.0,4.0,4.5,18.21,30.22,mfcc_regression/Ses04F_impro05_F002.npy
Ses04F_impro05_F003,Session4,fru,2.0,4.5,4.5,35.66,43.16,mfcc_regression/Ses04F_impro05_F003.npy
Ses04F_impro05_F004,Session4,ang,2.0,4.5,4.0,43.22,45.43,mfcc_regression/Ses04F_impro05_F004.npy
Ses04F_impro05_F005,Session4,ang,1.5,4.5,4.5,45.43,48.83,mfcc_regression/Ses04F_impro05_F005.npy
Ses04F_impro05_F006,Session4,ang,1.5,4.5,4.5,48.83,57.25,mfcc_regression/Ses04F_impro05_F006.npy
Ses04F_impro05_F007,Session4,sur,1.5,3.5,4.0,67.73,69.72,mfcc_regression/Ses04F_impro05_F007.npy
Ses04F_impro05_F008,Session4,ang,2.0,4.5,4.5,72.26,75.58,mfcc_regression/Ses04F_impro05_F008.npy
Ses04F_impro05_F009,Session4,ang,1.5,4.5,5.0,75.78,98.92,mfcc_regression/Ses04F_impro05_F009.npy
Ses04F_impro05_F010,Session4,ang,1.5,4.5,4.5,99.85,104.21,mfcc_regression/Ses04F_impro05_F010.npy
Ses04F_impro05_F011,Session4,ang,1.5,4.5,5.0,107.98,124.59,mfcc_regression/Ses04F_impro05_F011.npy
Ses04F_impro05_F012,Session4,ang,1.5,4.5,4.5,127.15,136.81,mfcc_regression/Ses04F_impro05_F012.npy
Ses04F_impro05_F013,Session4,ang,1.5,4.5,4.5,143.49,149.06,mfcc_regression/Ses04F_impro05_F013.npy
Ses04F_impro05_F014,Session4,ang,1.5,4.5,4.5,149.11,154.98,mfcc_regression/Ses04F_impro05_F014.npy
Ses04F_impro05_F015,Session4,ang,1.5,4.5,5.0,160.51,170.18,mfcc_regression/Ses04F_impro05_F015.npy
Ses04F_impro05_F016,Session4,ang,2.0,4.0,4.0,170.65,172.64,mfcc_regression/Ses04F_impro05_F016.npy
Ses04F_impro05_F017,Session4,ang,1.5,4.5,4.5,172.71,178.27,mfcc_regression/Ses04F_impro05_F017.npy
Ses04F_impro05_F018,Session4,ang,1.0,4.5,4.5,178.7,181.74,mfcc_regression/Ses04F_impro05_F018.npy
Ses04F_impro05_F019,Session4,ang,1.5,4.5,5.0,183.0,192.24,mfcc_regression/Ses04F_impro05_F019.npy
Ses04F_impro05_M000,Session4,fru,3.0,2.0,3.5,3.76,7.99,mfcc_regression/Ses04F_impro05_M000.npy
Ses04F_impro05_M001,Session4,fru,2.5,2.0,3.5,10.24,13.1,mfcc_regression/Ses04F_impro05_M001.npy
Ses04F_impro05_M002,Session4,fru,3.0,2.0,3.0,14.25,20.22,mfcc_regression/Ses04F_impro05_M002.npy
Ses04F_impro05_M003,Session4,fru,3.0,2.5,3.0,30.4451,36.73,mfcc_regression/Ses04F_impro05_M003.npy
Ses04F_impro05_M005,Session4,fru,3.0,2.0,3.0,47.1689,49.93,mfcc_regression/Ses04F_impro05_M005.npy
Ses04F_impro05_M006,Session4,fru,2.5,1.5,3.0,56.82,68.13,mfcc_regression/Ses04F_impro05_M006.npy
Ses04F_impro05_M007,Session4,fru,3.0,2.0,3.0,70.46,74.59,mfcc_regression/Ses04F_impro05_M007.npy
Ses04F_impro05_M008,Session4,fru,3.0,2.0,3.0,98.67,101.65,mfcc_regression/Ses04F_impro05_M008.npy
Ses04F_impro05_M009,Session4,fru,2.5,2.0,3.0,104.07,108.43,mfcc_regression/Ses04F_impro05_M009.npy
Ses04F_impro05_M010,Session4,fru,3.0,2.5,2.5,108.45,115.72,mfcc_regression/Ses04F_impro05_M010.npy
Ses04F_impro05_M011,Session4,fru,2.5,3.0,3.5,115.76,119.54,mfcc_regression/Ses04F_impro05_M011.npy
Ses04F_impro05_M012,Session4,fru,3.0,2.0,3.0,122.76,124.49,mfcc_regression/Ses04F_impro05_M012.npy
Ses04F_impro05_M013,Session4,fru,3.0,2.5,3.0,124.49,127.04,mfcc_regression/Ses04F_impro05_M013.npy
Ses04F_impro05_M014,Session4,fru,2.5,3.0,3.5,136.07,142.1,mfcc_regression/Ses04F_impro05_M014.npy
Ses04F_impro05_M015,Session4,fru,3.0,2.5,2.5,142.1,145.81,mfcc_regression/Ses04F_impro05_M015.npy
Ses04F_impro05_M016,Session4,fru,3.0,2.0,3.0,145.91,153.85,mfcc_regression/Ses04F_impro05_M016.npy
Ses04F_impro05_M017,Session4,fru,2.5,3.0,4.0,153.89,159.76,mfcc_regression/Ses04F_impro05_M017.npy
Ses04F_impro05_M018,Session4,fru,3.0,2.0,3.5,159.76,166.27,mfcc_regression/Ses04F_impro05_M018.npy
Ses04F_impro05_M019,Session4,fru,3.0,2.0,3.0,166.6,169.38,mfcc_regression/Ses04F_impro05_M019.npy
Ses04F_impro05_M020,Session4,fru,2.5,2.5,3.0,169.73,171.03,mfcc_regression/Ses04F_impro05_M020.npy
Ses04F_impro05_M021,Session4,fru,3.0,2.0,3.0,172.31,176.51,mfcc_regression/Ses04F_impro05_M021.npy
Ses04F_impro05_M022,Session4,fru,2.5,3.0,3.5,176.53,178.92,mfcc_regression/Ses04F_impro05_M022.npy
Ses04F_impro05_M023,Session4,fru,3.0,2.5,3.0,180.83,183.79,mfcc_regression/Ses04F_impro05_M023.npy
Ses04F_impro05_M024,Session4,fru,3.0,2.5,3.5,190.99,195.15,mfcc_regression/Ses04F_impro05_M024.npy
Ses04F_impro07_F000,Session4,exc,4.5,3.5,3.5,4.84,6.97,mfcc_regression/Ses04F_impro07_F000.npy
Ses04F_impro07_F001,Session4,exc,4.5,3.5,3.5,7.62,9.68,mfcc_regression/Ses04F_impro07_F001.npy
Ses04F_impro07_F002,Session4,exc,4.5,4.5,4.5,10.05,11.67,mfcc_regression/Ses04F_impro07_F002.npy
Ses04F_impro07_F003,Session4,exc,5.0,4.5,4.5,12.18,13.62,mfcc_regression/Ses04F_impro07_F003.npy
Ses04F_impro07_F004,Session4,exc,4.5,4.5,4.0,16.1639,18.956,mfcc_regression/Ses04F_impro07_F004.npy
Ses04F_impro07_F005,Session4,exc,4.5,4.0,4.0,19.74,24.33,mfcc_regression/Ses04F_impro07_F005.npy
Ses04F_impro07_F006,Session4,exc,4.5,4.5,4.0,24.38,26.82,mfcc_regression/Ses04F_impro07_F006.npy
Ses04F_impro07_F007,Session4,exc,4.5,4.5,4.5,32.37,35.3588,mfcc_regression/Ses04F_impro07_F007.npy
Ses04F_impro07_F008,Session4,exc,4.5,4.5,4.0,35.37,37.66,mfcc_regression/Ses04F_impro07_F008.npy
Ses04F_impro07_F009,Session4,exc,4.5,4.5,4.5,39.12,41.5,mfcc_regression/Ses04F_impro07_F009.npy
Ses04F_impro07_F010,Session4,exc,3.5,3.5,3.5,43.43,47.8,mfcc_regression/Ses04F_impro07_F010.npy
Ses04F_impro07_F011,Session4,exc,4.5,3.5,3.5,48.05,49.87,mfcc_regression/Ses04F_impro07_F011.npy
Ses04F_impro07_F012,Session4,exc,4.5,4.0,3.5,50.52,54.47,mfcc_regression/Ses04F_impro07_F012.npy
Ses04F_impro07_F013,Session4,exc,3.5,3.5,3.5,54.54,57.0,mfcc_regression/Ses04F_impro07_F013.npy
Ses04F_impro07_F014,Session4,exc,4.0,4.0,4.0,58.68,64.35,mfcc_regression/Ses04F_impro07_F014.npy
Ses04F_impro07_F015,Session4,exc,4.5,3.5,3.5,66.29,68.79,mfcc_regression/Ses04F_impro07_F015.npy
Ses04F_impro07_F016,Session4,exc,4.5,4.0,3.5,68.81,73.37,mfcc_regression/Ses04F_impro07_F016.npy
Ses04F_impro07_F017,Session4,exc,3.5,2.5,3.0,74.73,77.57,mfcc_regression/Ses04F_impro07_F017.npy
Ses04F_impro07_F018,Session4,exc,4.0,4.0,3.5,78.4253,82.64,mfcc_regression/Ses04F_impro07_F018.npy
Ses04F_impro07_F021,Session4,exc,4.5,4.5,4.5,97.9,102.1,mfcc_regression/Ses04F_impro07_F021.npy
Ses04F_impro07_F022,Session4,exc,4.5,4.0,4.0,102.58,106.0339,mfcc_regression/Ses04F_impro07_F022.npy
Ses04F_impro07_F024,Session4,exc,3.5,4.0,3.5,110.39,117.04,mfcc_regression/Ses04F_impro07_F024.npy
Ses04F_impro07_F027,Session4,exc,4.0,4.0,4.0,122.9,124.99,mfcc_regression/Ses04F_impro07_F027.npy
Ses04F_impro07_F028,Session4,exc,4.5,3.5,3.5,125.02,127.32,mfcc_regression/Ses04F_impro07_F028.npy
Ses04F_impro07_F029,Session4,exc,4.0,3.5,3.5,127.8,130.42,mfcc_regression/Ses04F_impro07_F029.npy
Ses04F_impro07_F030,Session4,exc,4.5,4.5,4.5,133.28,137.9,mfcc_regression/Ses04F_impro07_F030.npy
Ses04F_impro07_F031,Session4,exc,3.5,4.0,3.5,139.15,141.46,mfcc_regression/Ses04F_impro07_F031.npy
Ses04F_impro07_F032,Session4,exc,3.5,4.0,3.0,141.51,143.61,mfcc_regression/Ses04F_impro07_F032.npy
Ses04F_impro07_F033,Session4,exc,4.5,4.0,3.0,144.92,146.39,mfcc_regression/Ses04F_impro07_F033.npy
Ses04F_impro07_F035,Session4,exc,4.0,3.5,3.5,164.26,166.54,mfcc_regression/Ses04F_impro07_F035.npy
Ses04F_impro07_F036,Session4,exc,4.5,4.5,3.5,181.07,182.12,mfcc_regression/Ses04F_impro07_F036.npy
Ses04F_impro07_F038,Session4,exc,3.5,3.0,3.0,186.95,189.66,mfcc_regression/Ses04F_impro07_F038.npy
Ses04F_impro07_F039,Session4,exc,4.5,4.0,4.0,192.16,195.31,mfcc_regression/Ses04F_impro07_F039.npy
Ses04F_impro07_F040,Session4,exc,4.0,3.5,3.5,199.68,202.65,mfcc_regression/Ses04F_impro07_F040.npy
Ses04F_impro07_F041,Session4,exc,3.5,4.5,3.5,204.54,207.21,mfcc_regression/Ses04F_impro07_F041.npy
Ses04F_impro07_F042,Session4,exc,4.0,3.0,2.5,208.53,210.02,mfcc_regression/Ses04F_impro07_F042.npy
Ses04F_impro07_F044,Session4,exc,4.5,4.0,3.5,220.68,222.13,mfcc_regression/Ses04F_impro07_F044.npy
Ses04F_impro07_F047,Session4,exc,3.5,3.0,3.0,239.87,241.32,mfcc_regression/Ses04F_impro07_F047.npy
Ses04F_impro07_F048,Session4,exc,4.0,3.0,3.5,242.95,247.06,mfcc_regression/Ses04F_impro07_F048.npy
Ses04F_impro07_F049,Session4,exc,4.0,3.0,3.0,249.83,255.87,mfcc_regression/Ses04F_impro07_F049.npy
Ses04F_impro07_F050,Session4,exc,3.5,3.0,3.0,255.93,258.38,mfcc_regression/Ses04F_impro07_F050.npy
Ses04F_impro07_F051,Session4,exc,4.0,3.0,3.0,259.31,262.95,mfcc_regression/Ses04F_impro07_F051.npy
Ses04F_impro07_F052,Session4,exc,4.5,4.0,3.5,264.12,266.75,mfcc_regression/Ses04F_impro07_F052.npy
Ses04F_impro07_F058,Session4,exc,4.5,3.5,3.5,295.88,301.19,mfcc_regression/Ses04F_impro07_F058.npy
Ses04F_impro07_F059,Session4,exc,3.5,2.0,3.0,302.82,304.6,mfcc_regression/Ses04F_impro07_F059.npy
Ses04F_impro07_F060,Session4,exc,4.0,3.0,4.0,305.36,306.6,mfcc_regression/Ses04F_impro07_F060.npy
Ses04F_impro07_F061,Session4,exc,4.0,4.0,3.5,307.32,309.12,mfcc_regression/Ses04F_impro07_F061.npy
Ses04F_impro07_F062,Session4,exc,4.0,3.0,3.0,309.43,310.83,mfcc_regression/Ses04F_impro07_F062.npy
Ses04F_impro07_F063,Session4,exc,4.0,3.5,4.0,311.66,314.29,mfcc_regression/Ses04F_impro07_F063.npy
Ses04F_impro07_F064,Session4,exc,4.0,3.5,3.0,314.4017,316.2543,mfcc_regression/Ses04F_impro07_F064.npy
Ses04F_impro07_F065,Session4,exc,4.5,4.5,3.5,316.58,317.72,mfcc_regression/Ses04F_impro07_F065.npy
Ses04F_impro07_F066,Session4,exc,3.5,3.5,3.5,318.74,328.39,mfcc_regression/Ses04F_impro07_F066.npy
Ses04F_impro07_F070,Session4,exc,4.5,4.0,3.5,337.43,340.94,mfcc_regression/Ses04F_impro07_F070.npy
Ses04F_impro07_F074,Session4,exc,4.5,4.0,4.5,366.87,377.05,mfcc_regression/Ses04F_impro07_F074.npy
Ses04F_impro07_F078,Session4,exc,4.5,4.0,4.0,399.61,402.67,mfcc_regression/Ses04F_impro07_F078.npy
Ses04F_impro07_F079,Session4,exc,4.0,4.0,3.5,403.41,404.54,mfcc_regression/Ses04F_impro07_F079.npy
Ses04F_impro07_M000,Session4,neu,3.5,3.0,3.0,2.41,5.28,mfcc_regression/Ses04F_impro07_M000.npy
Ses04F_impro07_M001,Session4,exc,3.5,3.5,3.0,6.62,7.98,mfcc_regression/Ses04F_impro07_M001.npy
Ses04F_impro07_M002,Session4,sur,4.0,3.0,3.5,9.31,10.45,mfcc_regression/Ses04F_impro07_M002.npy
Ses04F_impro07_M003,Session4,sur,5.0,3.5,4.0,11.24,12.49,mfcc_regression/Ses04F_impro07_M003.npy
Ses04F_impro07_M005,Session4,exc,4.5,4.5,4.0,18.69,21.4,mfcc_regression/Ses04F_impro07_M005.npy
Ses04F_impro07_M006,Session4,exc,4.5,4.5,4.5,22.99,25.84,mfcc_regression/Ses04F_impro07_M006.npy
Ses04F_impro07_M009,Session4,neu,3.5,3.0,3.5,40.85,45.6,mfcc_regression/Ses04F_impro07_M009.npy
Ses04F_impro07_M013,Session4,neu,4.0,2.5,3.5,55.83,59.18,mfcc_regression/Ses04F_impro07_M013.npy
Ses04F_impro07_M016,Session4,neu,4.0,2.5,2.0,69.21,71.32,mfcc_regression/Ses04F_impro07_M016.npy
Ses04F_impro07_M017,Session4,neu,4.0,2.5,3.5,71.67,75.2,mfcc_regression/Ses04F_impro07_M017.npy
Ses04F_impro07_M018,Session4,neu,3.0,2.0,2.5,76.52,78.27,mfcc_regression/Ses04F_impro07_M018.npy
Ses04F_impro07_M019,Session4,neu,3.5,3.0,3.0,82.22,83.86,mfcc_regression/Ses04F_impro07_M019.npy
Ses04F_impro07_M020,Session4,neu,3.5,2.5,2.5,83.89,85.33,mfcc_regression/Ses04F_impro07_M020.npy
Ses04F_impro07_M021,Session4,neu,3.5,3.0,4.0,90.36,98.61,mfcc_regression/Ses04F_impro07_M021.npy
Ses04F_impro07_M022,Session4,neu,3.0,3.0,2.5,101.47,103.24,mfcc_regression/Ses04F_impro07_M022.npy
Ses04F_impro07_M023,Session4,neu,3.5,3.5,2.5,103.27,104.84,mfcc_regression/Ses04F_impro07_M023.npy
Ses04F_impro07_M026,Session4,neu,4.0,3.0,3.0,114.53,120.72,mfcc_regression/Ses04F_impro07_M026.npy
Ses04F_impro07_M028,Session4,exc,4.0,3.5,3.5,124.31,125.35,mfcc_regression/Ses04F_impro07_M028.npy
Ses04F_impro07_M031,Session4,neu,4.0,3.5,2.5,135.05,137.84,mfcc_regression/Ses04F_impro07_M031.npy
Ses04F_impro07_M032,Session4,neu,4.0,3.0,3.0,137.8732,140.69,mfcc_regression/Ses04F_impro07_M032.npy
Ses04F_impro07_M033,Session4,neu,3.0,3.0,2.5,140.75,141.79,mfcc_regression/Ses04F_impro07_M033.npy
Ses04F_impro07_M034,Session4,exc,3.5,3.5,3.5,141.81,146.29,mfcc_regression/Ses04F_impro07_M034.npy
Ses04F_impro07_M035,Session4,neu,3.5,3.0,2.5,146.38,150.89,mfcc_regression/Ses04F_impro07_M035.npy
Ses04F_impro07_M036,Session4,exc,4.0,3.0,4.0,153.25,157.6043,mfcc_regression/Ses04F_impro07_M036.npy
Ses04F_impro07_M037,Session4,exc,3.5,3.5,3.0,157.62,165.92,mfcc_regression/Ses04F_impro07_M037.npy
Ses04F_impro07_M038,Session4,exc,3.0,3.0,3.0,166.43,172.88,mfcc_regression/Ses04F_impro07_M038.npy
Ses04F_impro07_M039,Session4,exc,4.0,3.5,4.0,172.93,181.78,mfcc_regression/Ses04F_impro07_M039.npy
Ses04F_impro07_M040,Session4,exc,4.0,2.5,2.5,181.83,183.22,mfcc_regression/Ses04F_impro07_M040.npy
Ses04F_impro07_M041,Session4,exc,3.5,3.5,2.5,185.33,187.45,mfcc_regression/Ses04F_impro07_M041.npy
Ses04F_impro07_M042,Session4,exc,3.5,3.5,4.0,189.36,192.42,mfcc_regression/Ses04F_impro07_M042.npy
Ses04F_impro07_M043,Session4,exc,3.5,3.0,4.0,193.56,200.9,mfcc_regression/Ses04F_impro07_M043.npy
Ses04F_impro07_M044,Session4,neu,3.5,3.0,3.0,202.25,204.97,mfcc_regression/Ses04F_impro07_M044.npy
Ses04F_impro07_M045,Session4,exc,4.0,3.0,3.5,205.55,208.69,mfcc_regression/Ses04F_impro07_M045.npy
Ses04F_impro07_M046,Session4,exc,3.5,3.0,3.0,208.98,211.34,mfcc_regression/Ses04F_impro07_M046.npy
Ses04F_impro07_M049,Session4,exc,4.0,4.5,4.0,227.61,232.27,mfcc_regression/Ses04F_impro07_M049.npy
Ses04F_impro07_M050,Session4,exc,3.0,3.0,3.0,233.38,240.37,mfcc_regression/Ses04F_impro07_M050.npy
Ses04F_impro07_M051,Session4,neu,3.5,3.0,2.5,240.46,243.75,mfcc_regression/Ses04F_impro07_M051.npy
Ses04F_impro07_M057,Session4,neu,3.0,2.5,2.5,277.76,279.3,mfcc_regression/Ses04F_impro07_M057.npy
Ses04F_impro07_M058,Session4,neu,3.0,3.5,3.0,280.32,284.39,mfcc_regression/Ses04F_impro07_M058.npy
Ses04F_impro07_M059,Session4,neu,3.0,3.0,3.5,284.92,287.7,mfcc_regression/Ses04F_impro07_M059.npy
Ses04F_impro07_M060,Session4,neu,3.5,3.0,3.0,288.75,290.95,mfcc_regression/Ses04F_impro07_M060.npy
Ses04F_impro07_M061,Session4,neu,3.5,2.5,3.0,291.0026,296.67,mfcc_regression/Ses04F_impro07_M061.npy
Ses04F_impro07_M062,Session4,neu,3.5,2.5,3.0,300.36,303.13,mfcc_regression/Ses04F_impro07_M062.npy
Ses04F_impro07_M063,Session4,neu,2.5,2.0,2.5,304.32,305.55,mfcc_regression/Ses04F_impro07_M063.npy
Ses04F_impro07_M064,Session4,neu,4.0,3.5,3.5,306.23,307.72,mfcc_regression/Ses04F_impro07_M064.npy
Ses04F_impro07_M066,Session4,neu,4.0,2.5,2.5,310.45,312.05,mfcc_regression/Ses04F_impro07_M066.npy
Ses04F_impro07_M067,Session4,neu,4.0,3.0,3.0,312.4,314.44,mfcc_regression/Ses04F_impro07_M067.npy
Ses04F_impro07_M070,Session4,exc,3.5,2.5,2.5,317.6239,318.9403,mfcc_regression/Ses04F_impro07_M070.npy
Ses04F_impro07_M071,Session4,neu,3.0,3.0,3.5,326.23,331.65,mfcc_regression/Ses04F_impro07_M071.npy
Ses04F_impro07_M072,Session4,neu,3.0,2.0,3.5,331.92,334.76,mfcc_regression/Ses04F_impro07_M072.npy
Ses04F_impro07_M073,Session4,neu,4.0,2.5,3.0,336.42,337.64,mfcc_regression/Ses04F_impro07_M073.npy
Ses04F_impro07_M076,Session4,neu,3.5,3.0,2.5,346.81,350.66,mfcc_regression/Ses04F_impro07_M076.npy
Ses04F_impro07_M077,Session4,neu,3.5,2.5,3.5,350.73,355.54,mfcc_regression/Ses04F_impro07_M077.npy
Ses04F_impro07_M079,Session4,neu,3.5,3.0,3.5,362.7,367.6,mfcc_regression/Ses04F_impro07_M079.npy
Ses04F_impro07_M080,Session4,neu,3.5,3.0,3.5,375.6,384.01,mfcc_regression/Ses04F_impro07_M080.npy
Ses04F_impro07_M082,Session4,neu,3.0,3.0,2.5,390.56,393.11,mfcc_regression/Ses04F_impro07_M082.npy
Ses04F_impro06_F000,Session4,sad,2.5,2.0,2.5,23.3151,25.33,mfcc_regression/Ses04F_impro06_F000.npy
Ses04F_impro06_F001,Session4,sad,2.0,3.5,3.0,55.07,67.07,mfcc_regression/Ses04F_impro06_F001.npy
Ses04F_impro06_F002,Session4,sad,1.5,3.5,2.5,77.8679,100.05,mfcc_regression/Ses04F_impro06_F002.npy
Ses04F_impro06_F003,Session4,sad,2.0,3.0,2.5,111.44,113.39,mfcc_regression/Ses04F_impro06_F003.npy
Ses04F_impro06_F004,Session4,sad,1.5,3.0,3.5,122.86,138.77,mfcc_regression/Ses04F_impro06_F004.npy
Ses04F_impro06_F005,Session4,sad,1.5,3.5,3.5,138.9,154.19,mfcc_regression/Ses04F_impro06_F005.npy
Ses04F_impro06_F006,Session4,sad,2.0,2.5,3.0,156.99,159.94,mfcc_regression/Ses04F_impro06_F006.npy
Ses04F_impro06_F007,Session4,sad,2.0,2.5,2.5,184.47,187.3903,mfcc_regression/Ses04F_impro06_F007.npy
Ses04F_impro06_F008,Session4,hap,4.0,3.5,3.0,197.94,206.12,mfcc_regression/Ses04F_impro06_F008.npy
Ses04F_impro06_F009,Session4,hap,4.5,4.0,3.5,206.75,209.8,mfcc_regression/Ses04F_impro06_F009.npy
Ses04F_impro06_F010,Session4,sad,2.5,2.0,2.5,223.63,225.49,mfcc_regression/Ses04F_impro06_F010.npy
Ses04F_impro06_M000,Session4,sad,2.5,2.0,2.5,11.483,23.4953,mfcc_regression/Ses04F_impro06_M000.npy
Ses04F_impro06_M001,Session4,sad,2.0,3.0,3.0,30.9,55.26,mfcc_regression/Ses04F_impro06_M001.npy
Ses04F_impro06_M002,Session4,sad,2.5,2.5,2.5,66.92,75.8044,mfcc_regression/Ses04F_impro06_M002.npy
Ses04F_impro06_M003,Session4,sad,3.0,2.0,2.5,100.43,102.08,mfcc_regression/Ses04F_impro06_M003.npy
Ses04F_impro06_M004,Session4,neu,2.5,3.0,3.0,102.67,109.43,mfcc_regression/Ses04F_impro06_M004.npy
Ses04F_impro06_M005,Session4,sad,2.5,3.5,3.0,109.43,113.45,mfcc_regression/Ses04F_impro06_M005.npy
Ses04F_impro06_M006,Session4,neu,2.5,2.5,3.0,113.45,117.61,mfcc_regression/Ses04F_impro06_M006.npy
Ses04F_impro06_M007,Session4,neu,2.5,2.5,3.5,117.71,124.66,mfcc_regression/Ses04F_impro06_M007.npy
Ses04F_impro06_M008,Session4,sad,2.5,2.0,2.5,154.57,156.89,mfcc_regression/Ses04F_impro06_M008.npy
Ses04F_impro06_M009,Session4,sad,3.0,2.5,3.0,160.264,172.44,mfcc_regression/Ses04F_impro06_M009.npy
Ses04F_impro06_M010,Session4,sad,3.0,2.5,2.5,176.04,178.36,mfcc_regression/Ses04F_impro06_M010.npy
Ses04F_impro06_M011,Session4,sad,2.5,3.0,3.0,191.14,198.38,mfcc_regression/Ses04F_impro06_M011.npy
Ses04F_impro06_M012,Session4,neu,3.5,3.0,2.5,205.69,206.93,mfcc_regression/Ses04F_impro06_M012.npy
Ses04F_impro06_M013,Session4,sad,4.0,3.0,3.0,208.27,223.45,mfcc_regression/Ses04F_impro06_M013.npy
Ses04F_impro06_M014,Session4,sad,3.0,2.5,2.5,225.31,227.08,mfcc_regression/Ses04F_impro06_M014.npy
Ses04M_script02_1_F000,Session4,neu,2.5,1.5,2.0,21.14,22.91,mfcc_regression/Ses04M_script02_1_F000.npy
Ses04M_script02_1_F002,Session4,ang,2.0,2.5,3.5,46.65,48.58,mfcc_regression/Ses04M_script02_1_F002.npy
Ses04M_script02_1_F003,Session4,ang,2.0,3.5,3.0,49.52,52.27,mfcc_regression/Ses04M_script02_1_F003.npy
Ses04M_script02_1_F004,Session4,ang,2.0,4.0,3.0,52.89,58.0,mfcc_regression/Ses04M_script02_1_F004.npy
Ses04M_script02_1_F005,Session4,ang,2.5,2.5,3.0,72.68,74.05,mfcc_regression/Ses04M_script02_1_F005.npy
Ses04M_script02_1_F007,Session4,ang,2.0,3.0,2.5,108.19,110.4921,mfcc_regression/Ses04M_script02_1_F007.npy
Ses04M_script02_1_F008,Session4,ang,2.5,3.0,3.5,115.21,117.38,mfcc_regression/Ses04M_script02_1_F008.npy
Ses04M_script02_1_F009,Session4,fru,2.5,2.0,3.0,117.51,118.9223,mfcc_regression/Ses04M_script02_1_F009.npy
Ses04M_script02_1_F010,Session4,ang,2.5,2.5,2.5,120.07,121.8587,mfcc_regression/Ses04M_script02_1_F010.npy
Ses04M_script02_1_F011,Session4,fru,2.0,3.5,2.5,129.01,131.7097,mfcc_regression/Ses04M_script02_1_F011.npy
Ses04M_script02_1_F012,Session4,ang,2.0,3.5,2.5,132.7516,135.55,mfcc_regression/Ses04M_script02_1_F012.npy
Ses04M_script02_1_F013,Session4,ang,2.0,4.0,3.0,149.07,156.28,mfcc_regression/Ses04M_script02_1_F013.npy
Ses04M_script02_1_F014,Session4,neu,2.0,3.0,3.0,176.82,179.02,mfcc_regression/Ses04M_script02_1_F014.npy
Ses04M_script02_1_F015,Session4,fru,2.0,3.5,3.0,179.05,183.72,mfcc_regression/Ses04M_script02_1_F015.npy
Ses04M_script02_1_F016,Session4,fru,2.5,2.5,2.5,200.81,203.1767,mfcc_regression/Ses04M_script02_1_F016.npy
Ses04M_script02_1_F017,Session4,ang,2.5,3.5,3.0,204.0766,205.5448,mfcc_regression/Ses04M_script02_1_F017.npy
Ses04M_script02_1_F018,Session4,ang,2.5,3.5,3.5,218.74,228.8935,mfcc_regression/Ses04M_script02_1_F018.npy
Ses04M_script02_1_F019,Session4,fru,2.0,3.0,3.0,230.99,233.96,mfcc_regression/Ses04M_script02_1_F019.npy
Ses04M_script02_1_F020,Session4,fru,2.5,2.5,2.5,309.3591,311.8692,mfcc_regression/Ses04M_script02_1_F020.npy
Ses04M_script02_1_F021,Session4,fru,2.0,3.0,2.5,313.7,315.45,mfcc_regression/Ses04M_script02_1_F021.npy
Ses04M_script02_1_M001,Session4,exc,3.5,2.5,2.5,15.29,21.59,mfcc_regression/Ses04M_script02_1_M001.npy
Ses04M_script02_1_M002,Session4,exc,4.0,4.0,2.5,22.8751,34.92,mfcc_regression/Ses04M_script02_1_M002.npy
Ses04M_script02_1_M003,Session4,exc,3.0,3.0,2.5,35.11,43.57,mfcc_regression/Ses04M_script02_1_M003.npy
Ses04M_script02_1_M005,Session4,neu,2.5,2.0,2.0,48.3551,50.0,mfcc_regression/Ses04M_script02_1_M005.npy
Ses04M_script02_1_M006,Session4,fru,2.5,2.5,2.0,51.84,53.328,mfcc_regression/Ses04M_script02_1_M006.npy
Ses04M_script02_1_M008,Session4,exc,3.5,2.5,2.0,68.72,73.4,mfcc_regression/Ses04M_script02_1_M008.npy
Ses04M_script02_1_M009,Session4,neu,3.0,2.5,2.5,73.7877,82.36,mfcc_regression/Ses04M_script02_1_M009.npy
Ses04M_script02_1_M012,Session4,neu,3.0,2.5,2.0,106.83,108.69,mfcc_regression/Ses04M_script02_1_M012.npy
Ses04M_script02_1_M013,Session4,fru,2.0,3.5,2.5,110.2,115.5,mfcc_regression/Ses04M_script02_1_M013.npy
Ses04M_script02_1_M014,Session4,neu,3.0,3.0,2.5,117.11,118.01,mfcc_regression/Ses04M_script02_1_M014.npy
Ses04M_script02_1_M015,Session4,neu,2.5,2.5,2.0,118.55,120.82,mfcc_regression/Ses04M_script02_1_M015.npy
Ses04M_script02_1_M016,Session4,fru,2.5,3.0,2.5,121.6219,129.4,mfcc_regression/Ses04M_script02_1_M016.npy
Ses04M_script02_1_M018,Session4,exc,2.5,3.5,2.5,135.3091,149.4,mfcc_regression/Ses04M_script02_1_M018.npy
Ses04M_script02_1_M019,Session4,fru,3.0,3.0,2.5,155.73,167.088,mfcc_regression/Ses04M_script02_1_M019.npy
Ses04M_script02_1_M020,Session4,exc,3.0,2.5,2.5,167.6,170.99,mfcc_regression/Ses04M_script02_1_M020.npy
Ses04M_script02_1_M021,Session4,exc,3.5,2.5,2.5,173.0554,177.2232,mfcc_regression/Ses04M_script02_1_M021.npy
Ses04M_script02_1_M022,Session4,exc,3.0,3.0,2.5,183.12,193.33,mfcc_regression/Ses04M_script02_1_M022.npy
Ses04M_script02_1_M023,Session4,exc,2.5,3.0,2.5,193.39,201.32,mfcc_regression/Ses04M_script02_1_M023.npy
Ses04M_script02_1_M024,Session4,sur,2.5,3.0,2.0,202.4663,204.3134,mfcc_regression/Ses04M_script02_1_M024.npy
Ses04M_script02_1_M028,Session4,exc,3.5,3.0,2.5,244.32,258.6359,mfcc_regression/Ses04M_script02_1_M028.npy
Ses04M_script02_1_M029,Session4,exc,3.0,3.0,2.5,258.7307,271.7548,mfcc_regression/Ses04M_script02_1_M029.npy
Ses04M_script02_1_M030,Session4,exc,3.0,3.0,2.5,271.7969,281.7952,mfcc_regression/Ses04M_script02_1_M030.npy
Ses04M_script02_1_M031,Session4,exc,3.5,3.5,2.5,281.85,291.49,mfcc_regression/Ses04M_script02_1_M031.npy
Ses04M_script02_1_M032,Session4,exc,3.5,4.0,2.5,291.57,309.6906,mfcc_regression/Ses04M_script02_1_M032.npy
Ses04M_script02_1_M033,Session4,exc,3.0,2.5,1.5,311.3956,314.0951,mfcc_regression/Ses04M_script02_1_M033.npy
Ses04F_impro02_F000,Session4,sad,1.5,1.0,2.0,11.95,15.56,mfcc_regression/Ses04F_impro02_F000.npy
Ses04F_impro02_F001,Session4,sad,1.5,1.5,2.0,22.16,24.92,mfcc_regression/Ses04F_impro02_F001.npy
Ses04F_impro02_F002,Session4,sad,1.5,2.0,2.0,31.85,42.08,mfcc_regression/Ses04F_impro02_F002.npy
Ses04F_impro02_F003,Session4,sad,2.0,2.5,2.5,67.03,72.51,mfcc_regression/Ses04F_impro02_F003.npy
Ses04F_impro02_F005,Session4,sad,1.5,2.0,2.5,84.48,88.45,mfcc_regression/Ses04F_impro02_F005.npy
Ses04F_impro02_F006,Session4,sad,1.5,3.0,3.0,91.04,94.17,mfcc_regression/Ses04F_impro02_F006.npy
Ses04F_impro02_F007,Session4,sad,2.0,3.0,3.5,97.0497,104.34,mfcc_regression/Ses04F_impro02_F007.npy
Ses04F_impro02_F008,Session4,fru,1.5,2.5,2.5,117.9363,122.29,mfcc_regression/Ses04F_impro02_F008.npy
Ses04F_impro02_F009,Session4,sad,1.5,2.5,2.5,123.06,132.5883,mfcc_regression/Ses04F_impro02_F009.npy
Ses04F_impro02_F010,Session4,fru,1.5,3.0,2.5,133.3402,140.2,mfcc_regression/Ses04F_impro02_F010.npy
Ses04F_impro02_F011,Session4,sad,1.5,2.5,2.0,146.81,149.37,mfcc_regression/Ses04F_impro02_F011.npy
Ses04F_impro02_F012,Session4,ang,2.0,3.0,3.5,156.4304,161.4,mfcc_regression/Ses04F_impro02_F012.npy
Ses04F_impro02_F013,Session4,fru,1.5,3.0,2.0,177.53,179.68,mfcc_regression/Ses04F_impro02_F013.npy
Ses04F_impro02_F014,Session4,fru,1.5,2.0,2.5,187.15,191.75,mfcc_regression/Ses04F_impro02_F014.npy
Ses04F_impro02_F015,Session4,fru,1.5,4.0,2.5,195.78,201.48,mfcc_regression/Ses04F_impro02_F015.npy
Ses04F_impro02_F016,Session4,fru,1.5,3.5,3.5,205.09,211.28,mfcc_regression/Ses04F_impro02_F016.npy
Ses04F_impro02_F017,Session4,ang,1.5,2.0,2.0,216.67,219.37,mfcc_regression/Ses04F_impro02_F017.npy
Ses04F_impro02_F018,Session4,ang,1.5,3.0,2.5,219.5,221.87,mfcc_regression/Ses04F_impro02_F018.npy
Ses04F_impro02_F019,Session4,fru,1.5,3.0,3.0,228.31,233.89,mfcc_regression/Ses04F_impro02_F019.npy
Ses04F_impro02_F020,Session4,fru,1.5,3.5,3.0,240.01,242.99,mfcc_regression/Ses04F_impro02_F020.npy
Ses04F_impro02_F022,Session4,ang,1.5,2.5,2.5,263.39,266.033,mfcc_regression/Ses04F_impro02_F022.npy
Ses04F_impro02_F023,Session4,sad,1.5,3.5,2.0,278.62,288.12,mfcc_regression/Ses04F_impro02_F023.npy
Ses04F_impro02_F024,Session4,sad,1.5,3.0,1.0,299.14,300.67,mfcc_regression/Ses04F_impro02_F024.npy
Ses04F_impro02_M000,Session4,sad,2.5,1.5,2.0,7.3037,11.59,mfcc_regression/Ses04F_impro02_M000.npy
Ses04F_impro02_M001,Session4,sad,2.0,2.5,2.0,18.23,22.35,mfcc_regression/Ses04F_impro02_M001.npy
Ses04F_impro02_M002,Session4,fru,2.0,2.0,2.0,25.8,29.94,mfcc_regression/Ses04F_impro02_M002.npy
Ses04F_impro02_M003,Session4,fru,2.0,2.5,2.5,41.64,56.12,mfcc_regression/Ses04F_impro02_M003.npy
Ses04F_impro02_M004,Session4,sad,1.5,2.0,2.0,57.14,65.7929,mfcc_regression/Ses04F_impro02_M004.npy
Ses04F_impro02_M005,Session4,fru,2.0,3.0,3.5,70.75,72.4035,mfcc_regression/Ses04F_impro02_M005.npy
Ses04F_impro02_M006,Session4,fru,2.0,3.0,2.5,76.62,82.39,mfcc_regression/Ses04F_impro02_M006.npy
Ses04F_impro02_M008,Session4,fru,2.5,3.0,3.0,93.93,96.21,mfcc_regression/Ses04F_impro02_M008.npy
Ses04F_impro02_M009,Session4,fru,2.0,3.5,2.5,105.17,111.7,mfcc_regression/Ses04F_impro02_M009.npy
Ses04F_impro02_M010,Session4,fru,2.5,2.0,2.5,112.82,116.83,mfcc_regression/Ses04F_impro02_M010.npy
Ses04F_impro02_M012,Session4,sad,1.5,2.0,2.5,149.32,156.26,mfcc_regression/Ses04F_impro02_M012.npy
Ses04F_impro02_M013,Session4,fru,2.0,2.0,2.5,161.0,174.84,mfcc_regression/Ses04F_impro02_M013.npy
Ses04F_impro02_M014,Session4,fru,1.5,2.0,2.5,174.87,177.96,mfcc_regression/Ses04F_impro02_M014.npy
Ses04F_impro02_M015,Session4,fru,2.5,2.0,2.5,180.21,186.45,mfcc_regression/Ses04F_impro02_M015.npy
Ses04F_impro02_M016,Session4,fru,2.5,2.5,3.5,190.8,196.18,mfcc_regression/Ses04F_impro02_M016.npy
Ses04F_impro02_M017,Session4,fru,2.5,2.5,3.5,201.37,204.59,mfcc_regression/Ses04F_impro02_M017.npy
Ses04F_impro02_M018,Session4,ang,2.5,3.5,3.0,204.62,207.54,mfcc_regression/Ses04F_impro02_M018.npy
Ses04F_impro02_M019,Session4,fru,2.0,2.5,2.5,211.16,216.31,mfcc_regression/Ses04F_impro02_M019.npy
Ses04F_impro02_M020,Session4,ang,2.0,3.0,2.5,221.47,230.28,mfcc_regression/Ses04F_impro02_M020.npy
Ses04F_impro02_M021,Session4,ang,2.0,3.5,3.0,233.78,240.49,mfcc_regression/Ses04F_impro02_M021.npy
Ses04F_impro02_M023,Session4,fru,2.5,3.0,2.5,257.33,263.68,mfcc_regression/Ses04F_impro02_M023.npy
Ses04F_impro02_M024,Session4,sad,1.5,2.0,2.0,267.35,274.19,mfcc_regression/Ses04F_impro02_M024.npy
Ses04F_impro02_M025,Session4,sad,2.0,2.0,2.5,275.1187,278.9096,mfcc_regression/Ses04F_impro02_M025.npy
Ses04F_impro02_M026,Session4,sad,2.0,2.0,2.5,289.87,299.6,mfcc_regression/Ses04F_impro02_M026.npy
Ses04M_impro08_F000,Session4,fru,3.5,3.5,4.0,12.11,25.27,mfcc_regression/Ses04M_impro08_F000.npy
Ses04M_impro08_F001,Session4,fru,3.0,3.5,3.0,27.42,32.17,mfcc_regression/Ses04M_impro08_F001.npy
Ses04M_impro08_F002,Session4,fru,2.5,3.5,3.5,34.0959,39.73,mfcc_regression/Ses04M_impro08_F002.npy
Ses04M_impro08_F003,Session4,fru,2.5,3.5,3.5,41.61,45.53,mfcc_regression/Ses04M_impro08_F003.npy
Ses04M_impro08_F006,Session4,fru,2.0,4.0,4.0,54.55,63.89,mfcc_regression/Ses04M_impro08_F006.npy
Ses04M_impro08_F007,Session4,fru,2.0,4.5,3.5,63.93,70.36,mfcc_regression/Ses04M_impro08_F007.npy
Ses04M_impro08_F008,Session4,fru,2.0,3.5,4.0,70.53,75.63,mfcc_regression/Ses04M_impro08_F008.npy
Ses04M_impro08_F009,Session4,fru,2.0,3.5,4.0,76.47,81.49,mfcc_regression/Ses04M_impro08_F009.npy
Ses04M_impro08_F010,Session4,fru,2.5,3.5,4.0,85.65,88.53,mfcc_regression/Ses04M_impro08_F010.npy
Ses04M_impro08_F011,Session4,fru,2.0,3.5,4.0,93.22,95.83,mfcc_regression/Ses04M_impro08_F011.npy
Ses04M_impro08_F012,Session4,fru,1.5,3.5,4.5,95.83,100.7668,mfcc_regression/Ses04M_impro08_F012.npy
Ses04M_impro08_F013,Session4,fru,2.0,3.5,3.0,111.18,118.4,mfcc_regression/Ses04M_impro08_F013.npy
Ses04M_impro08_F014,Session4,fru,2.0,4.0,4.0,118.41,125.23,mfcc_regression/Ses04M_impro08_F014.npy
Ses04M_impro08_F016,Session4,fru,3.5,3.5,3.5,147.67,149.79,mfcc_regression/Ses04M_impro08_F016.npy
Ses04M_impro08_F017,Session4,fru,2.5,3.0,2.5,150.59,152.86,mfcc_regression/Ses04M_impro08_F017.npy
Ses04M_impro08_F018,Session4,fru,1.5,4.0,3.5,157.4243,163.4661,mfcc_regression/Ses04M_impro08_F018.npy
Ses04M_impro08_F019,Session4,sur,3.5,3.0,2.5,169.6,170.97,mfcc_regression/Ses04M_impro08_F019.npy
Ses04M_impro08_F020,Session4,neu,3.0,2.0,2.5,172.48,174.86,mfcc_regression/Ses04M_impro08_F020.npy
Ses04M_impro08_F021,Session4,sur,4.0,3.0,2.5,183.13,185.35,mfcc_regression/Ses04M_impro08_F021.npy
Ses04M_impro08_F022,Session4,hap,4.0,3.0,4.0,185.6,187.77,mfcc_regression/Ses04M_impro08_F022.npy
Ses04M_impro08_F023,Session4,hap,3.5,3.0,4.0,187.78,192.74,mfcc_regression/Ses04M_impro08_F023.npy
Ses04M_impro08_F024,Session4,hap,4.0,4.0,3.5,193.17,195.66,mfcc_regression/Ses04M_impro08_F024.npy
Ses04M_impro08_F025,Session4,sur,4.5,4.0,3.0,197.46,200.57,mfcc_regression/Ses04M_impro08_F025.npy
Ses04M_impro08_F027,Session4,neu,3.5,3.5,2.0,217.2506,218.87,mfcc_regression/Ses04M_impro08_F027.npy
Ses04M_impro08_F028,Session4,neu,3.5,2.0,2.5,219.0,223.21,mfcc_regression/Ses04M_impro08_F028.npy
Ses04M_impro08_F030,Session4,neu,3.0,2.5,2.5,228.24,229.1073,mfcc_regression/Ses04M_impro08_F030.npy
Ses04M_impro08_M000,Session4,fru,2.5,3.0,3.5,6.02,12.65,mfcc_regression/Ses04M_impro08_M000.npy
Ses04M_impro08_M001,Session4,neu,2.5,3.0,2.5,25.35,28.22,mfcc_regression/Ses04M_impro08_M001.npy
Ses04M_impro08_M002,Session4,fru,2.5,2.5,3.0,31.6032,34.8142,mfcc_regression/Ses04M_impro08_M002.npy
Ses04M_impro08_M003,Session4,fru,2.0,3.0,3.5,38.08,43.64,mfcc_regression/Ses04M_impro08_M003.npy
Ses04M_impro08_M004,Session4,neu,3.0,2.5,3.0,44.94,46.1,mfcc_regression/Ses04M_impro08_M004.npy
Ses04M_impro08_M005,Session4,neu,3.0,3.0,3.5,46.13,50.03,mfcc_regression/Ses04M_impro08_M005.npy
Ses04M_impro08_M006,Session4,neu,2.5,3.0,3.0,50.5313,55.79,mfcc_regression/Ses04M_impro08_M006.npy
Ses04M_impro08_M007,Session4,fru,3.0,2.5,3.0,68.99,73.43,mfcc_regression/Ses04M_impro08_M007.npy
Ses04M_impro08_M008,Session4,neu,3.0,3.0,3.5,74.73,78.06,mfcc_regression/Ses04M_impro08_M008.npy
Ses04M_impro08_M009,Session4,fru,3.0,2.5,3.5,80.93,86.9,mfcc_regression/Ses04M_impro08_M009.npy
Ses04M_impro08_M010,Session4,neu,2.5,3.0,3.5,88.03,93.41,mfcc_regression/Ses04M_impro08_M010.npy
Ses04M_impro08_M011,Session4,neu,3.5,2.5,2.5,97.69,99.38,mfcc_regression/Ses04M_impro08_M011.npy
Ses04M_impro08_M012,Session4,neu,3.0,3.0,3.0,100.42,109.07,mfcc_regression/Ses04M_impro08_M012.npy
Ses04M_impro08_M013,Session4,neu,3.0,2.5,3.0,109.0954,114.44,mfcc_regression/Ses04M_impro08_M013.npy
Ses04M_impro08_M014,Session4,fru,3.0,2.5,2.5,125.73,128.0,mfcc_regression/Ses04M_impro08_M014.npy
Ses04M_impro08_M015,Session4,fru,2.5,3.0,3.5,130.8,147.77,mfcc_regression/Ses04M_impro08_M015.npy
Ses04M_impro08_M016,Session4,fru,3.0,3.0,3.0,147.79,151.03,mfcc_regression/Ses04M_impro08_M016.npy
Ses04M_impro08_M017,Session4,neu,3.0,3.0,3.0,152.97,157.9313,mfcc_regression/Ses04M_impro08_M017.npy
Ses04M_impro08_M018,Session4,fru,2.0,3.5,3.0,162.8746,169.73,mfcc_regression/Ses04M_impro08_M018.npy
Ses04M_impro08_M019,Session4,neu,3.0,3.5,3.5,170.54,177.46,mfcc_regression/Ses04M_impro08_M019.npy
Ses04M_impro08_M020,Session4,neu,3.0,3.5,3.0,177.46,183.79,mfcc_regression/Ses04M_impro08_M020.npy
Ses04M_impro08_M021,Session4,neu,3.0,2.5,2.5,184.84,186.29,mfcc_regression/Ses04M_impro08_M021.npy
Ses04M_impro08_M022,Session4,neu,3.5,2.5,3.0,187.48,188.71,mfcc_regression/Ses04M_impro08_M022.npy
Ses04M_impro08_M023,Session4,neu,3.0,3.5,3.0,191.57,194.53,mfcc_regression/Ses04M_impro08_M023.npy
Ses04M_impro08_M024,Session4,neu,3.5,3.0,2.5,194.72,198.3,mfcc_regression/Ses04M_impro08_M024.npy
Ses04M_impro08_M025,Session4,neu,3.5,4.0,3.0,199.83,209.82,mfcc_regression/Ses04M_impro08_M025.npy
Ses04M_impro08_M026,Session4,neu,3.0,4.0,2.5,210.18,214.32,mfcc_regression/Ses04M_impro08_M026.npy
Ses04M_impro08_M027,Session4,neu,3.5,3.0,3.0,214.3353,223.28,mfcc_regression/Ses04M_impro08_M027.npy
Ses04M_impro08_M028,Session4,neu,3.5,2.5,3.0,227.22,228.54,mfcc_regression/Ses04M_impro08_M028.npy
Ses04F_script03_2_F005,Session4,ang,2.0,3.0,4.0,37.41,39.26,mfcc_regression/Ses04F_script03_2_F005.npy
Ses04F_script03_2_F008,Session4,fru,1.5,3.5,4.0,49.92,53.07,mfcc_regression/Ses04F_script03_2_F008.npy
Ses04F_script03_2_F009,Session4,fru,3.0,3.0,2.5,56.34,57.7713,mfcc_regression/Ses04F_script03_2_F009.npy
Ses04F_script03_2_F012,Session4,ang,2.5,3.0,3.5,72.67,75.1006,mfcc_regression/Ses04F_script03_2_F012.npy
Ses04F_script03_2_F013,Session4,ang,1.5,3.0,4.5,77.82,79.66,mfcc_regression/Ses04F_script03_2_F013.npy
Ses04F_script03_2_F014,Session4,ang,1.5,3.5,4.5,80.04,81.18,mfcc_regression/Ses04F_script03_2_F014.npy
Ses04F_script03_2_F015,Session4,fru,4.0,3.0,3.5,86.09,89.44,mfcc_regression/Ses04F_script03_2_F015.npy
Ses04F_script03_2_F016,Session4,fru,2.0,3.5,3.5,90.92,95.7438,mfcc_regression/Ses04F_script03_2_F016.npy
Ses04F_script03_2_F017,Session4,fru,1.5,3.0,3.5,97.4,99.04,mfcc_regression/Ses04F_script03_2_F017.npy
Ses04F_script03_2_F019,Session4,ang,2.0,3.0,4.0,106.49,109.96,mfcc_regression/Ses04F_script03_2_F019.npy
Ses04F_script03_2_F020,Session4,ang,2.0,3.0,4.5,111.03,113.33,mfcc_regression/Ses04F_script03_2_F020.npy
Ses04F_script03_2_F021,Session4,ang,2.5,3.0,3.5,116.45,117.77,mfcc_regression/Ses04F_script03_2_F021.npy
Ses04F_script03_2_F022,Session4,ang,1.5,4.5,4.5,117.8,124.26,mfcc_regression/Ses04F_script03_2_F022.npy
Ses04F_script03_2_F023,Session4,ang,4.0,3.5,4.0,126.15,128.79,mfcc_regression/Ses04F_script03_2_F023.npy
Ses04F_script03_2_F024,Session4,ang,3.0,2.5,3.5,130.86,132.8086,mfcc_regression/Ses04F_script03_2_F024.npy
Ses04F_script03_2_F025,Session4,ang,1.5,3.5,4.5,141.4838,145.43,mfcc_regression/Ses04F_script03_2_F025.npy
Ses04F_script03_2_F026,Session4,ang,3.0,3.0,3.5,145.84,148.8925,mfcc_regression/Ses04F_script03_2_F026.npy
Ses04F_script03_2_F027,Session4,ang,1.5,4.0,4.0,158.36,163.54,mfcc_regression/Ses04F_script03_2_F027.npy
Ses04F_script03_2_F028,Session4,ang,2.5,3.0,3.5,166.6,168.77,mfcc_regression/Ses04F_script03_2_F028.npy
Ses04F_script03_2_F029,Session4,ang,2.5,3.5,4.5,173.73,177.61,mfcc_regression/Ses04F_script03_2_F029.npy
Ses04F_script03_2_F030,Session4,ang,2.5,2.5,3.0,184.79,187.52,mfcc_regression/Ses04F_script03_2_F030.npy
Ses04F_script03_2_F031,Session4,ang,3.5,4.0,3.0,190.16,193.44,mfcc_regression/Ses04F_script03_2_F031.npy
Ses04F_script03_2_F034,Session4,ang,1.5,4.5,4.5,202.03,205.54,mfcc_regression/Ses04F_script03_2_F034.npy
Ses04F_script03_2_F035,Session4,ang,2.0,4.0,4.5,206.93,210.42,mfcc_regression/Ses04F_script03_2_F035.npy
Ses04F_script03_2_F036,Session4,ang,1.5,4.0,4.0,211.1598,214.37,mfcc_regression/Ses04F_script03_2_F036.npy
Ses04F_script03_2_F037,Session4,ang,1.5,4.5,4.5,214.92,220.6,mfcc_regression/Ses04F_script03_2_F037.npy
Ses04F_script03_2_F038,Session4,ang,2.0,4.0,3.5,220.6,221.99,mfcc_regression/Ses04F_script03_2_F038.npy
Ses04F_script03_2_F039,Session4,ang,1.0,4.5,5.0,221.99,228.09,mfcc_regression/Ses04F_script03_2_F039.npy
Ses04F_script03_2_F040,Session4,ang,1.5,4.5,4.5,228.3202,231.0,mfcc_regression/Ses04F_script03_2_F040.npy
Ses04F_script03_2_F041,Session4,ang,1.5,4.5,4.5,231.0,232.98,mfcc_regression/Ses04F_script03_2_F041.npy
Ses04F_script03_2_F042,Session4,ang,1.0,4.0,4.5,233.1,235.9611,mfcc_regression/Ses04F_script03_2_F042.npy
Ses04F_script03_2_F043,Session4,ang,1.0,5.0,5.0,235.98,242.57,mfcc_regression/Ses04F_script03_2_F043.npy
Ses04F_script03_2_F044,Session4,ang,1.0,5.0,5.0,242.62,248.33,mfcc_regression/Ses04F_script03_2_F044.npy
Ses04F_script03_2_M000,Session4,neu,3.0,3.0,3.5,5.27,9.44,mfcc_regression/Ses04F_script03_2_M000.npy
Ses04F_script03_2_M001,Session4,ang,2.5,3.0,4.0,11.7147,15.89,mfcc_regression/Ses04F_script03_2_M001.npy
Ses04F_script03_2_M003,Session4,ang,1.5,3.0,4.5,25.29,28.59,mfcc_regression/Ses04F_script03_2_M003.npy
Ses04F_script03_2_M005,Session4,ang,2.0,3.5,4.5,35.7,37.98,mfcc_regression/Ses04F_script03_2_M005.npy
Ses04F_script03_2_M006,Session4,ang,1.5,4.0,4.5,38.6,40.57,mfcc_regression/Ses04F_script03_2_M006.npy
Ses04F_script03_2_M007,Session4,ang,1.5,3.5,4.5,43.27,44.95,mfcc_regression/Ses04F_script03_2_M007.npy
Ses04F_script03_2_M008,Session4,ang,2.0,3.0,3.5,48.22,50.63,mfcc_regression/Ses04F_script03_2_M008.npy
Ses04F_script03_2_M010,Session4,neu,3.0,3.0,2.5,57.23,59.56,mfcc_regression/Ses04F_script03_2_M010.npy
Ses04F_script03_2_M012,Session4,fru,2.0,3.0,4.0,68.24,73.19,mfcc_regression/Ses04F_script03_2_M012.npy
Ses04F_script03_2_M014,Session4,ang,2.0,2.5,4.0,79.12,80.76,mfcc_regression/Ses04F_script03_2_M014.npy
Ses04F_script03_2_M015,Session4,ang,1.5,3.0,4.0,80.81,82.636,mfcc_regression/Ses04F_script03_2_M015.npy
Ses04F_script03_2_M016,Session4,ang,3.0,2.5,3.0,83.037,86.52,mfcc_regression/Ses04F_script03_2_M016.npy
Ses04F_script03_2_M021,Session4,fru,2.5,3.0,3.5,109.08,111.73,mfcc_regression/Ses04F_script03_2_M021.npy
Ses04F_script03_2_M024,Session4,neu,2.5,3.0,3.5,123.7,126.62,mfcc_regression/Ses04F_script03_2_M024.npy
Ses04F_script03_2_M027,Session4,ang,1.5,3.0,4.5,144.64,147.04,mfcc_regression/Ses04F_script03_2_M027.npy
Ses04F_script03_2_M028,Session4,fru,2.5,3.0,4.5,148.4282,158.89,mfcc_regression/Ses04F_script03_2_M028.npy
Ses04F_script03_2_M031,Session4,ang,1.5,3.0,4.5,176.98,180.51,mfcc_regression/Ses04F_script03_2_M031.npy
Ses04F_script03_2_M034,Session4,ang,2.5,3.0,3.0,192.77,195.18,mfcc_regression/Ses04F_script03_2_M034.npy
Ses04F_script03_2_M035,Session4,ang,2.5,3.0,3.5,195.65,198.7696,mfcc_regression/Ses04F_script03_2_M035.npy
Ses04F_script03_2_M037,Session4,ang,2.0,3.5,4.5,205.1,207.39,mfcc_regression/Ses04F_script03_2_M037.npy
Ses04F_script03_2_M039,Session4,ang,2.5,3.0,4.0,213.93,215.28,mfcc_regression/Ses04F_script03_2_M039.npy
Ses04F_script03_2_M040,Session4,ang,2.0,2.5,4.0,218.54,220.8481,mfcc_regression/Ses04F_script03_2_M040.npy
Ses04F_script03_2_M041,Session4,ang,2.0,3.5,4.0,221.94,228.5735,mfcc_regression/Ses04F_script03_2_M041.npy
Ses04F_script03_2_M042,Session4,ang,1.5,3.0,4.0,231.23,234.01,mfcc_regression/Ses04F_script03_2_M042.npy
Ses04F_script03_2_M043,Session4,ang,2.0,3.5,4.0,234.61,235.93,mfcc_regression/Ses04F_script03_2_M043.npy
Ses04F_script03_2_M044,Session4,ang,2.0,4.0,4.5,235.95,240.83,mfcc_regression/Ses04F_script03_2_M044.npy
Ses04F_script03_2_M045,Session4,ang,1.5,3.5,4.5,240.86,248.26,mfcc_regression/Ses04F_script03_2_M045.npy
Ses04F_script01_1_F001,Session4,sur,2.0,3.5,3.5,13.7264,18.0317,mfcc_regression/Ses04F_script01_1_F001.npy
Ses04F_script01_1_F004,Session4,sad,2.5,2.5,3.0,37.1,39.46,mfcc_regression/Ses04F_script01_1_F004.npy
Ses04F_script01_1_F006,Session4,fru,1.5,2.5,4.5,49.58,58.4511,mfcc_regression/Ses04F_script01_1_F006.npy
Ses04F_script01_1_F009,Session4,sur,2.0,2.5,2.5,71.5696,73.3931,mfcc_regression/Ses04F_script01_1_F009.npy
Ses04F_script01_1_F011,Session4,ang,2.0,2.5,4.5,85.28,87.62,mfcc_regression/Ses04F_script01_1_F011.npy
Ses04F_script01_1_F012,Session4,ang,2.0,3.5,4.5,103.24,105.01,mfcc_regression/Ses04F_script01_1_F012.npy
Ses04F_script01_1_F013,Session4,ang,1.5,3.5,4.0,105.64,108.7,mfcc_regression/Ses04F_script01_1_F013.npy
Ses04F_script01_1_F014,Session4,ang,1.5,4.5,4.5,112.69,120.94,mfcc_regression/Ses04F_script01_1_F014.npy
Ses04F_script01_1_F015,Session4,ang,1.5,4.0,4.5,122.19,128.67,mfcc_regression/Ses04F_script01_1_F015.npy
Ses04F_script01_1_F018,Session4,neu,3.0,2.0,2.5,144.1523,146.85,mfcc_regression/Ses04F_script01_1_F018.npy
Ses04F_script01_1_F019,Session4,ang,2.0,4.0,4.0,148.37,152.02,mfcc_regression/Ses04F_script01_1_F019.npy
Ses04F_script01_1_F021,Session4,fru,2.0,4.0,4.0,157.9293,160.36,mfcc_regression/Ses04F_script01_1_F021.npy
Ses04F_script01_1_F022,Session4,ang,2.0,3.0,4.5,170.02,174.4921,mfcc_regression/Ses04F_script01_1_F022.npy
Ses04F_script01_1_F023,Session4,ang,1.5,3.5,4.5,176.05,181.5832,mfcc_regression/Ses04F_script01_1_F023.npy
Ses04F_script01_1_F024,Session4,ang,1.5,3.5,5.0,181.6339,190.35,mfcc_regression/Ses04F_script01_1_F024.npy
Ses04F_script01_1_F025,Session4,neu,3.5,2.5,3.5,200.73,204.26,mfcc_regression/Ses04F_script01_1_F025.npy
Ses04F_script01_1_F027,Session4,fru,2.0,4.0,4.5,209.76,214.54,mfcc_regression/Ses04F_script01_1_F027.npy
Ses04F_script01_1_F028,Session4,fru,2.5,3.5,3.5,224.36,227.35,mfcc_regression/Ses04F_script01_1_F028.npy
Ses04F_script01_1_F029,Session4,ang,2.0,3.0,4.0,228.13,230.8,mfcc_regression/Ses04F_script01_1_F029.npy
Ses04F_script01_1_F030,Session4,ang,1.0,4.5,4.5,231.6,239.8824,mfcc_regression/Ses04F_script01_1_F030.npy
Ses04F_script01_1_F031,Session4,fru,2.0,4.0,4.0,254.02,260.91,mfcc_regression/Ses04F_script01_1_F031.npy
Ses04F_script01_1_F032,Session4,ang,1.5,3.5,4.5,261.0038,268.95,mfcc_regression/Ses04F_script01_1_F032.npy
Ses04F_script01_1_F035,Session4,ang,2.0,3.5,3.5,290.77,293.319,mfcc_regression/Ses04F_script01_1_F035.npy
Ses04F_script01_1_F036,Session4,ang,1.5,4.0,4.5,296.46,299.89,mfcc_regression/Ses04F_script01_1_F036.npy
Ses04F_script01_1_F037,Session4,ang,1.5,4.0,4.0,300.77,303.21,mfcc_regression/Ses04F_script01_1_F037.npy
Ses04F_script01_1_F038,Session4,fru,2.0,3.5,4.0,318.5431,324.84,mfcc_regression/Ses04F_script01_1_F038.npy
Ses04F_script01_1_F040,Session4,ang,2.5,3.0,4.0,334.11,338.52,mfcc_regression/Ses04F_script01_1_F040.npy
Ses04F_script01_1_F041,Session4,ang,2.0,4.5,4.0,338.62,343.99,mfcc_regression/Ses04F_script01_1_F041.npy
Ses04F_script01_1_F042,Session4,ang,2.0,3.5,4.5,346.2998,350.0,mfcc_regression/Ses04F_script01_1_F042.npy
Ses04F_script01_1_F044,Session4,ang,3.0,3.5,3.5,357.7975,361.37,mfcc_regression/Ses04F_script01_1_F044.npy
Ses04F_script01_1_M000,Session4,neu,3.0,2.5,3.5,12.2738,14.0809,mfcc_regression/Ses04F_script01_1_M000.npy
Ses04F_script01_1_M004,Session4,sad,3.0,2.5,3.0,38.89,43.43,mfcc_regression/Ses04F_script01_1_M004.npy
Ses04F_script01_1_M005,Session4,sad,2.0,3.0,3.0,46.46,49.9924,mfcc_regression/Ses04F_script01_1_M005.npy
Ses04F_script01_1_M007,Session4,fru,2.5,3.5,4.0,65.04,71.8735,mfcc_regression/Ses04F_script01_1_M007.npy
Ses04F_script01_1_M008,Session4,fru,2.0,3.5,3.5,72.8866,77.7997,mfcc_regression/Ses04F_script01_1_M008.npy
Ses04F_script01_1_M009,Session4,ang,1.5,3.5,4.0,79.17,85.64,mfcc_regression/Ses04F_script01_1_M009.npy
Ses04F_script01_1_M010,Session4,ang,2.5,3.5,4.0,87.22,92.54,mfcc_regression/Ses04F_script01_1_M010.npy
Ses04F_script01_1_M012,Session4,ang,2.5,3.5,4.5,104.31,106.2,mfcc_regression/Ses04F_script01_1_M012.npy
Ses04F_script01_1_M013,Session4,ang,1.5,4.0,4.5,108.09,113.48,mfcc_regression/Ses04F_script01_1_M013.npy
Ses04F_script01_1_M014,Session4,fru,2.5,3.0,3.5,120.24,122.81,mfcc_regression/Ses04F_script01_1_M014.npy
Ses04F_script01_1_M015,Session4,fru,2.0,4.0,4.0,127.56,133.83,mfcc_regression/Ses04F_script01_1_M015.npy
Ses04F_script01_1_M016,Session4,neu,3.0,3.5,4.0,134.85,136.9599,mfcc_regression/Ses04F_script01_1_M016.npy
Ses04F_script01_1_M017,Session4,neu,3.0,2.5,3.5,141.3158,144.5575,mfcc_regression/Ses04F_script01_1_M017.npy
Ses04F_script01_1_M018,Session4,fru,1.5,3.0,4.5,146.26,148.93,mfcc_regression/Ses04F_script01_1_M018.npy
Ses04F_script01_1_M019,Session4,fru,2.0,3.5,3.5,151.33,154.0798,mfcc_regression/Ses04F_script01_1_M019.npy
Ses04F_script01_1_M020,Session4,ang,2.0,3.5,4.5,155.29,158.4,mfcc_regression/Ses04F_script01_1_M020.npy
Ses04F_script01_1_M021,Session4,ang,1.5,4.0,4.0,160.08,166.388,mfcc_regression/Ses04F_script01_1_M021.npy
Ses04F_script01_1_M022,Session4,ang,2.0,3.0,3.5,166.43,170.47,mfcc_regression/Ses04F_script01_1_M022.npy
Ses04F_script01_1_M023,Session4,fru,2.0,2.5,4.5,174.0363,176.6195,mfcc_regression/Ses04F_script01_1_M023.npy
Ses04F_script01_1_M024,Session4,fru,2.0,2.0,4.5,190.29,201.51,mfcc_regression/Ses04F_script01_1_M024.npy
Ses04F_script01_1_M025,Session4,ang,1.5,3.5,4.0,203.2,205.693,mfcc_regression/Ses04F_script01_1_M025.npy
Ses04F_script01_1_M026,Session4,sad,2.5,2.0,3.0,207.42,210.3529,mfcc_regression/Ses04F_script01_1_M026.npy
Ses04F_script01_1_M027,Session4,fru,1.5,3.0,4.5,214.18,220.13,mfcc_regression/Ses04F_script01_1_M027.npy
Ses04F_script01_1_M028,Session4,ang,2.0,4.0,4.0,220.1792,224.57,mfcc_regression/Ses04F_script01_1_M028.npy
Ses04F_script01_1_M029,Session4,ang,2.0,4.0,4.0,226.66,228.92,mfcc_regression/Ses04F_script01_1_M029.npy
Ses04F_script01_1_M030,Session4,ang,1.5,3.5,4.5,230.3,232.02,mfcc_regression/Ses04F_script01_1_M030.npy
Ses04F_script01_1_M032,Session4,sad,2.5,2.5,3.5,247.3787,254.64,mfcc_regression/Ses04F_script01_1_M032.npy
Ses04F_script01_1_M034,Session4,ang,1.5,3.5,4.0,271.93,278.0668,mfcc_regression/Ses04F_script01_1_M034.npy
Ses04F_script01_1_M035,Session4,fru,2.5,3.0,4.5,278.1,285.8733,mfcc_regression/Ses04F_script01_1_M035.npy
Ses04F_script01_1_M038,Session4,ang,2.5,4.0,4.0,298.91,301.54,mfcc_regression/Ses04F_script01_1_M038.npy
Ses04F_script01_1_M039,Session4,fru,1.5,3.0,4.5,302.19,308.86,mfcc_regression/Ses04F_script01_1_M039.npy
Ses04F_script01_1_M040,Session4,fru,2.0,3.0,5.0,308.89,319.3535,mfcc_regression/Ses04F_script01_1_M040.npy
Ses04F_script01_1_M042,Session4,fru,2.5,2.5,3.5,330.1928,333.84,mfcc_regression/Ses04F_script01_1_M042.npy
Ses04F_script01_1_M043,Session4,fru,1.5,3.5,4.5,343.4633,347.1102,mfcc_regression/Ses04F_script01_1_M043.npy
Ses04F_impro03_F000,Session4,exc,5.0,4.0,4.5,4.6373,7.54,mfcc_regression/Ses04F_impro03_F000.npy
Ses04F_impro03_F001,Session4,exc,5.0,4.5,4.5,9.43,13.62,mfcc_regression/Ses04F_impro03_F001.npy
Ses04F_impro03_F002,Session4,exc,4.5,4.5,4.5,18.53,20.05,mfcc_regression/Ses04F_impro03_F002.npy
Ses04F_impro03_F003,Session4,exc,5.0,5.0,5.0,21.49,25.02,mfcc_regression/Ses04F_impro03_F003.npy
Ses04F_impro03_F004,Session4,exc,5.0,4.5,4.0,25.83,27.6331,mfcc_regression/Ses04F_impro03_F004.npy
Ses04F_impro03_F005,Session4,exc,4.5,4.0,4.0,27.65,29.283,mfcc_regression/Ses04F_impro03_F005.npy
Ses04F_impro03_F006,Session4,exc,4.5,3.5,4.0,30.57,32.97,mfcc_regression/Ses04F_impro03_F006.npy
Ses04F_impro03_F007,Session4,exc,4.0,4.0,4.0,39.54,50.47,mfcc_regression/Ses04F_impro03_F007.npy
Ses04F_impro03_F009,Session4,exc,5.0,4.0,4.5,53.3,56.48,mfcc_regression/Ses04F_impro03_F009.npy
Ses04F_impro03_F010,Session4,hap,4.0,4.0,4.0,56.48,65.98,mfcc_regression/Ses04F_impro03_F010.npy
Ses04F_impro03_F011,Session4,exc,4.5,3.5,3.5,65.98,67.427,mfcc_regression/Ses04F_impro03_F011.npy
Ses04F_impro03_F012,Session4,hap,3.5,3.5,4.0,67.9,69.83,mfcc_regression/Ses04F_impro03_F012.npy
Ses04F_impro03_F013,Session4,exc,4.0,3.5,4.0,74.64,79.94,mfcc_regression/Ses04F_impro03_F013.npy
Ses04F_impro03_F014,Session4,exc,3.5,3.5,3.5,82.13,85.73,mfcc_regression/Ses04F_impro03_F014.npy
Ses04F_impro03_F015,Session4,exc,4.0,3.0,4.0,85.73,90.89,mfcc_regression/Ses04F_impro03_F015.npy
Ses04F_impro03_F016,Session4,exc,4.5,4.0,3.5,92.77,94.43,mfcc_regression/Ses04F_impro03_F016.npy
Ses04F_impro03_F017,Session4,exc,4.5,3.5,4.0,94.83,96.08,mfcc_regression/Ses04F_impro03_F017.npy
Ses04F_impro03_F018,Session4,exc,4.0,4.0,3.5,96.51,103.33,mfcc_regression/Ses04F_impro03_F018.npy
Ses04F_impro03_F034,Session4,exc,4.0,3.5,4.0,165.7,171.0,mfcc_regression/Ses04F_impro03_F034.npy
Ses04F_impro03_F036,Session4,exc,4.0,3.5,4.0,191.06,192.12,mfcc_regression/Ses04F_impro03_F036.npy
Ses04F_impro03_F038,Session4,exc,4.0,4.0,4.5,193.99,197.96,mfcc_regression/Ses04F_impro03_F038.npy
Ses04F_impro03_F040,Session4,exc,4.5,3.5,3.0,205.46,206.91,mfcc_regression/Ses04F_impro03_F040.npy
Ses04F_impro03_F041,Session4,exc,4.5,3.5,3.0,208.97,210.59,mfcc_regression/Ses04F_impro03_F041.npy
Ses04F_impro03_F042,Session4,exc,5.0,4.0,4.0,210.64,214.63,mfcc_regression/Ses04F_impro03_F042.npy
Ses04F_impro03_F043,Session4,exc,4.5,4.0,4.5,216.2,220.83,mfcc_regression/Ses04F_impro03_F043.npy
Ses04F_impro03_F044,Session4,exc,5.0,3.5,3.5,223.91,226.66,mfcc_regression/Ses04F_impro03_F044.npy
Ses04F_impro03_F045,Session4,exc,4.0,3.0,3.5,230.65,233.8048,mfcc_regression/Ses04F_impro03_F045.npy
Ses04F_impro03_F047,Session4,exc,4.5,3.0,4.0,249.15,251.22,mfcc_regression/Ses04F_impro03_F047.npy
Ses04F_impro03_F048,Session4,exc,3.0,3.5,3.5,258.59,260.65,mfcc_regression/Ses04F_impro03_F048.npy
Ses04F_impro03_F050,Session4,exc,4.0,3.5,4.0,267.59,273.67,mfcc_regression/Ses04F_impro03_F050.npy
Ses04F_impro03_F051,Session4,exc,4.5,4.0,4.0,273.6982,277.3952,mfcc_regression/Ses04F_impro03_F051.npy
Ses04F_impro03_F052,Session4,exc,4.5,4.0,3.5,279.54,280.91,mfcc_regression/Ses04F_impro03_F052.npy
Ses04F_impro03_M000,Session4,neu,3.5,3.0,3.5,7.06,9.98,mfcc_regression/Ses04F_impro03_M000.npy
Ses04F_impro03_M001,Session4,neu,4.0,2.5,3.0,12.89,19.57,mfcc_regression/Ses04F_impro03_M001.npy
Ses04F_impro03_M002,Session4,sur,4.0,3.0,3.0,20.01,22.6,mfcc_regression/Ses04F_impro03_M002.npy
Ses04F_impro03_M003,Session4,exc,4.0,3.0,4.5,23.75,26.27,mfcc_regression/Ses04F_impro03_M003.npy
Ses04F_impro03_M004,Session4,exc,4.5,3.5,4.0,26.31,27.99,mfcc_regression/Ses04F_impro03_M004.npy
Ses04F_impro03_M005,Session4,exc,4.0,3.5,4.0,29.03,30.77,mfcc_regression/Ses04F_impro03_M005.npy
Ses04F_impro03_M014,Session4,exc,4.0,3.0,3.5,90.6,93.17,mfcc_regression/Ses04F_impro03_M014.npy
Ses04F_impro03_M018,Session4,neu,2.0,2.5,3.0,109.89,111.35,mfcc_regression/Ses04F_impro03_M018.npy
Ses04F_impro03_M019,Session4,neu,2.5,3.0,3.5,111.45,114.12,mfcc_regression/Ses04F_impro03_M019.npy
Ses04F_impro03_M020,Session4,neu,2.5,3.0,3.5,116.7,125.48,mfcc_regression/Ses04F_impro03_M020.npy
Ses04F_impro03_M021,Session4,neu,2.5,4.0,4.0,125.73,128.52,mfcc_regression/Ses04F_impro03_M021.npy
Ses04F_impro03_M023,Session4,fru,4.0,2.5,4.0,135.75,140.31,mfcc_regression/Ses04F_impro03_M023.npy
Ses04F_impro03_M027,Session4,neu,4.0,2.5,3.0,153.86,156.64,mfcc_regression/Ses04F_impro03_M027.npy
Ses04F_impro03_M028,Session4,neu,3.0,3.0,3.5,157.47,158.68,mfcc_regression/Ses04F_impro03_M028.npy
Ses04F_impro03_M029,Session4,neu,3.5,2.5,2.5,159.24,161.43,mfcc_regression/Ses04F_impro03_M029.npy
Ses04F_impro03_M030,Session4,neu,3.5,2.5,2.5,161.5058,164.66,mfcc_regression/Ses04F_impro03_M030.npy
Ses04F_impro03_M031,Session4,neu,3.5,2.5,2.0,165.14,166.12,mfcc_regression/Ses04F_impro03_M031.npy
Ses04F_impro03_M032,Session4,neu,3.5,3.0,3.5,170.53,179.16,mfcc_regression/Ses04F_impro03_M032.npy
Ses04F_impro03_M033,Session4,neu,4.0,3.0,4.0,180.78,191.42,mfcc_regression/Ses04F_impro03_M033.npy
Ses04F_impro03_M034,Session4,neu,3.5,2.5,3.5,191.79,195.42,mfcc_regression/Ses04F_impro03_M034.npy
Ses04F_impro03_M035,Session4,neu,2.0,3.0,4.0,197.64,200.8,mfcc_regression/Ses04F_impro03_M035.npy
Ses04F_impro03_M036,Session4,exc,4.5,3.5,4.5,201.56,205.78,mfcc_regression/Ses04F_impro03_M036.npy
Ses04F_impro03_M037,Session4,exc,4.5,4.0,4.5,205.78,209.29,mfcc_regression/Ses04F_impro03_M037.npy
Ses04F_impro03_M038,Session4,exc,4.5,4.0,4.5,210.13,213.44,mfcc_regression/Ses04F_impro03_M038.npy
Ses04F_impro03_M039,Session4,exc,4.0,3.5,4.5,213.47,217.89,mfcc_regression/Ses04F_impro03_M039.npy
Ses04F_impro03_M040,Session4,exc,4.0,2.5,4.0,219.17,224.08,mfcc_regression/Ses04F_impro03_M040.npy
Ses04F_impro03_M041,Session4,exc,4.0,3.0,4.0,224.1,226.5218,mfcc_regression/Ses04F_impro03_M041.npy
Ses04F_impro03_M042,Session4,exc,4.0,3.5,4.0,226.5218,231.4599,mfcc_regression/Ses04F_impro03_M042.npy
Ses04F_impro03_M043,Session4,exc,4.0,3.0,3.0,231.4599,233.47,mfcc_regression/Ses04F_impro03_M043.npy
Ses04F_impro03_M047,Session4,neu,2.5,3.5,4.5,256.61,262.59,mfcc_regression/Ses04F_impro03_M047.npy
Ses04M_script02_2_F000,Session4,neu,3.0,1.5,2.5,5.9327,9.3542,mfcc_regression/Ses04M_script02_2_F000.npy
Ses04M_script02_2_F006,Session4,ang,1.5,4.5,4.5,51.7,58.18,mfcc_regression/Ses04M_script02_2_F006.npy
Ses04M_script02_2_F007,Session4,ang,1.5,3.0,4.5,58.76,63.1633,mfcc_regression/Ses04M_script02_2_F007.npy
Ses04M_script02_2_F009,Session4,ang,1.5,3.5,4.5,75.29,78.7091,mfcc_regression/Ses04M_script02_2_F009.npy
Ses04M_script02_2_F010,Session4,fru,1.5,4.0,4.5,83.64,87.29,mfcc_regression/Ses04M_script02_2_F010.npy
Ses04M_script02_2_F012,Session4,fru,2.0,3.0,4.0,104.12,106.43,mfcc_regression/Ses04M_script02_2_F012.npy
Ses04M_script02_2_F013,Session4,ang,1.5,4.0,4.5,107.02,114.81,mfcc_regression/Ses04M_script02_2_F013.npy
Ses04M_script02_2_F016,Session4,sad,4.0,3.5,3.5,146.8614,161.1154,mfcc_regression/Ses04M_script02_2_F016.npy
Ses04M_script02_2_F018,Session4,sad,4.0,3.0,3.0,179.82,184.02,mfcc_regression/Ses04M_script02_2_F018.npy
Ses04M_script02_2_F019,Session4,sad,2.0,2.5,3.5,195.62,200.95,mfcc_regression/Ses04M_script02_2_F019.npy
Ses04M_script02_2_F020,Session4,sad,2.0,2.0,2.5,206.06,208.26,mfcc_regression/Ses04M_script02_2_F020.npy
Ses04M_script02_2_F021,Session4,sad,2.0,2.0,3.0,210.05,212.3855,mfcc_regression/Ses04M_script02_2_F021.npy
Ses04M_script02_2_F022,Session4,fru,2.0,2.5,3.5,214.98,216.5281,mfcc_regression/Ses04M_script02_2_F022.npy
Ses04M_script02_2_F023,Session4,fru,2.0,3.0,3.5,217.4,218.63,mfcc_regression/Ses04M_script02_2_F023.npy
Ses04M_script02_2_F024,Session4,fru,1.0,3.5,4.0,219.34,220.7152,mfcc_regression/Ses04M_script02_2_F024.npy
Ses04M_script02_2_F025,Session4,ang,2.0,3.5,4.5,221.47,222.86,mfcc_regression/Ses04M_script02_2_F025.npy
Ses04M_script02_2_F026,Session4,ang,1.5,3.5,4.0,230.01,233.08,mfcc_regression/Ses04M_script02_2_F026.npy
Ses04M_script02_2_F027,Session4,ang,1.5,4.0,4.5,259.96,263.42,mfcc_regression/Ses04M_script02_2_F027.npy
Ses04M_script02_2_F028,Session4,ang,1.5,4.5,4.5,263.45,267.82,mfcc_regression/Ses04M_script02_2_F028.npy
Ses04M_script02_2_F029,Session4,ang,1.5,3.5,4.5,268.08,271.73,mfcc_regression/Ses04M_script02_2_F029.npy
Ses04M_script02_2_F031,Session4,fru,2.0,3.5,4.5,283.28,296.77,mfcc_regression/Ses04M_script02_2_F031.npy
Ses04M_script02_2_F032,Session4,sad,2.0,2.5,4.0,298.74,300.4934,mfcc_regression/Ses04M_script02_2_F032.npy
Ses04M_script02_2_F035,Session4,hap,3.5,2.5,3.5,324.29,329.99,mfcc_regression/Ses04M_script02_2_F035.npy
Ses04M_script02_2_F036,Session4,hap,4.0,3.0,4.0,335.7722,346.1,mfcc_regression/Ses04M_script02_2_F036.npy
Ses04M_script02_2_M000,Session4,neu,3.0,3.5,3.0,8.9929,11.2696,mfcc_regression/Ses04M_script02_2_M000.npy
Ses04M_script02_2_M001,Session4,neu,3.0,3.0,3.0,12.36,14.25,mfcc_regression/Ses04M_script02_2_M001.npy
Ses04M_script02_2_M002,Session4,fru,2.5,2.5,3.5,15.2,19.09,mfcc_regression/Ses04M_script02_2_M002.npy
Ses04M_script02_2_M005,Session4,fru,2.5,2.5,3.5,45.123,52.14,mfcc_regression/Ses04M_script02_2_M005.npy
Ses04M_script02_2_M006,Session4,ang,2.0,3.0,3.5,57.53,59.26,mfcc_regression/Ses04M_script02_2_M006.npy
Ses04M_script02_2_M007,Session4,ang,2.5,3.0,4.5,62.61,72.26,mfcc_regression/Ses04M_script02_2_M007.npy
Ses04M_script02_2_M011,Session4,fru,2.0,3.5,3.5,86.69,88.72,mfcc_regression/Ses04M_script02_2_M011.npy
Ses04M_script02_2_M013,Session4,fru,1.5,2.5,3.5,105.8,107.46,mfcc_regression/Ses04M_script02_2_M013.npy
Ses04M_script02_2_M014,Session4,fru,2.5,2.5,3.0,113.97,117.95,mfcc_regression/Ses04M_script02_2_M014.npy
Ses04M_script02_2_M015,Session4,fru,2.0,3.5,4.0,119.17,124.55,mfcc_regression/Ses04M_script02_2_M015.npy
Ses04M_script02_2_M016,Session4,fru,2.0,4.0,4.0,124.63,137.22,mfcc_regression/Ses04M_script02_2_M016.npy
Ses04M_script02_2_M017,Session4,fru,2.5,3.0,3.5,137.2423,141.2,mfcc_regression/Ses04M_script02_2_M017.npy
Ses04M_script02_2_M018,Session4,fru,2.5,3.0,3.5,141.2,144.8084,mfcc_regression/Ses04M_script02_2_M018.npy
Ses04M_script02_2_M019,Session4,fru,3.0,2.0,2.5,145.47,147.1286,mfcc_regression/Ses04M_script02_2_M019.npy
Ses04M_script02_2_M020,Session4,neu,3.0,3.0,3.5,178.443,180.8,mfcc_regression/Ses04M_script02_2_M020.npy
Ses04M_script02_2_M021,Session4,neu,2.5,3.0,4.0,183.18,196.18,mfcc_regression/Ses04M_script02_2_M021.npy
Ses04M_script02_2_M024,Session4,fru,2.5,2.5,3.0,212.38,215.31,mfcc_regression/Ses04M_script02_2_M024.npy
Ses04M_script02_2_M025,Session4,fru,2.5,3.5,3.0,215.82,218.06,mfcc_regression/Ses04M_script02_2_M025.npy
Ses04M_script02_2_M026,Session4,fru,2.0,3.5,4.0,218.23,220.03,mfcc_regression/Ses04M_script02_2_M026.npy
Ses04M_script02_2_M027,Session4,fru,2.0,3.5,3.5,220.35,221.87,mfcc_regression/Ses04M_script02_2_M027.npy
Ses04M_script02_2_M029,Session4,ang,1.5,4.0,4.5,232.19,243.7403,mfcc_regression/Ses04M_script02_2_M029.npy
Ses04M_script02_2_M031,Session4,ang,1.5,4.5,4.5,252.41,260.35,mfcc_regression/Ses04M_script02_2_M031.npy
Ses04M_script02_2_M032,Session4,fru,2.5,3.0,4.0,262.62,264.26,mfcc_regression/Ses04M_script02_2_M032.npy
Ses04M_script02_2_M033,Session4,fru,2.5,2.5,4.0,267.31,268.58,mfcc_regression/Ses04M_script02_2_M033.npy
Ses04M_script02_2_M034,Session4,ang,2.5,3.5,3.5,271.0,272.95,mfcc_regression/Ses04M_script02_2_M034.npy
Ses04M_script02_2_M035,Session4,fru,2.0,3.0,4.0,281.44,283.72,mfcc_regression/Ses04M_script02_2_M035.npy
Ses04M_script02_2_M037,Session4,sad,2.0,3.0,3.0,300.1816,304.146,mfcc_regression/Ses04M_script02_2_M037.npy
Ses04M_script02_2_M038,Session4,sur,3.0,3.0,2.0,308.3331,310.3,mfcc_regression/Ses04M_script02_2_M038.npy
Ses04M_script02_2_M039,Session4,hap,2.5,3.0,3.5,320.0036,324.83,mfcc_regression/Ses04M_script02_2_M039.npy
Ses04M_script02_2_M040,Session4,hap,2.5,3.0,3.5,329.51,336.3,mfcc_regression/Ses04M_script02_2_M040.npy
Ses04M_script02_2_M041,Session4,hap,4.0,3.0,3.5,346.66,353.3225,mfcc_regression/Ses04M_script02_2_M041.npy
Ses04F_impro01_F001,Session4,fru,2.5,4.0,4.0,19.78,25.7,mfcc_regression/Ses04F_impro01_F001.npy
Ses04F_impro01_F002,Session4,fru,2.0,4.5,4.5,26.89,29.82,mfcc_regression/Ses04F_impro01_F002.npy
Ses04F_impro01_F003,Session4,fru,2.5,4.0,4.5,35.98,39.35,mfcc_regression/Ses04F_impro01_F003.npy
Ses04F_impro01_F004,Session4,ang,2.0,4.0,4.5,40.27,43.28,mfcc_regression/Ses04F_impro01_F004.npy
Ses04F_impro01_F005,Session4,fru,1.5,4.0,4.5,43.28,50.7,mfcc_regression/Ses04F_impro01_F005.npy
Ses04F_impro01_F006,Session4,fru,1.5,4.5,4.5,51.1,56.83,mfcc_regression/Ses04F_impro01_F006.npy
Ses04F_impro01_F007,Session4,fru,2.0,4.0,4.5,59.75,70.76,mfcc_regression/Ses04F_impro01_F007.npy
Ses04F_impro01_F008,Session4,ang,1.5,4.0,4.5,74.62,78.72,mfcc_regression/Ses04F_impro01_F008.npy
Ses04F_impro01_F009,Session4,ang,1.5,4.0,4.5,80.0666,87.08,mfcc_regression/Ses04F_impro01_F009.npy
Ses04F_impro01_F010,Session4,ang,2.0,4.5,4.5,89.87,96.65,mfcc_regression/Ses04F_impro01_F010.npy
Ses04F_impro01_F011,Session4,fru,2.5,3.5,4.0,97.97,100.35,mfcc_regression/Ses04F_impro01_F011.npy
Ses04F_impro01_F012,Session4,ang,2.0,4.5,5.0,112.91,118.69,mfcc_regression/Ses04F_impro01_F012.npy
Ses04F_impro01_F013,Session4,fru,1.5,3.5,4.5,119.95,122.02,mfcc_regression/Ses04F_impro01_F013.npy
Ses04F_impro01_F014,Session4,ang,1.5,4.0,5.0,122.04,132.07,mfcc_regression/Ses04F_impro01_F014.npy
Ses04F_impro01_F016,Session4,ang,2.0,4.5,4.5,139.03,143.48,mfcc_regression/Ses04F_impro01_F016.npy
Ses04F_impro01_F019,Session4,ang,2.0,3.0,4.0,150.5,152.54,mfcc_regression/Ses04F_impro01_F019.npy
Ses04F_impro01_F021,Session4,ang,1.5,4.5,4.5,154.54,158.14,mfcc_regression/Ses04F_impro01_F021.npy
Ses04F_impro01_F022,Session4,ang,1.5,4.5,5.0,158.16,165.13,mfcc_regression/Ses04F_impro01_F022.npy
Ses04F_impro01_M000,Session4,fru,3.0,3.5,3.0,15.66,20.55,mfcc_regression/Ses04F_impro01_M000.npy
Ses04F_impro01_M001,Session4,fru,3.0,3.0,3.0,25.28,27.66,mfcc_regression/Ses04F_impro01_M001.npy
Ses04F_impro01_M002,Session4,fru,2.0,3.5,4.0,28.13,35.84,mfcc_regression/Ses04F_impro01_M002.npy
Ses04F_impro01_M003,Session4,fru,2.0,3.0,4.0,37.9,42.94,mfcc_regression/Ses04F_impro01_M003.npy
Ses04F_impro01_M004,Session4,fru,2.5,2.5,3.5,50.33,52.96,mfcc_regression/Ses04F_impro01_M004.npy
Ses04F_impro01_M005,Session4,ang,2.5,3.0,3.5,54.46,56.17,mfcc_regression/Ses04F_impro01_M005.npy
Ses04F_impro01_M006,Session4,fru,2.5,3.5,4.0,56.1881,60.02,mfcc_regression/Ses04F_impro01_M006.npy
Ses04F_impro01_M007,Session4,fru,2.0,3.0,4.0,60.04,65.64,mfcc_regression/Ses04F_impro01_M007.npy
Ses04F_impro01_M008,Session4,ang,2.5,3.0,3.5,68.03,71.43,mfcc_regression/Ses04F_impro01_M008.npy
Ses04F_impro01_M009,Session4,fru,2.0,3.5,4.0,71.45,74.7,mfcc_regression/Ses04F_impro01_M009.npy
Ses04F_impro01_M010,Session4,fru,3.0,3.0,3.5,74.7,76.49,mfcc_regression/Ses04F_impro01_M010.npy
Ses04F_impro01_M011,Session4,ang,1.5,4.5,4.5,76.52,79.08,mfcc_regression/Ses04F_impro01_M011.npy
Ses04F_impro01_M013,Session4,fru,2.5,2.5,2.5,89.89,91.28,mfcc_regression/Ses04F_impro01_M013.npy
Ses04F_impro01_M014,Session4,ang,2.5,3.0,4.0,93.32,98.3,mfcc_regression/Ses04F_impro01_M014.npy
Ses04F_impro01_M015,Session4,fru,2.0,3.0,4.0,100.06,106.53,mfcc_regression/Ses04F_impro01_M015.npy
Ses04F_impro01_M016,Session4,fru,2.5,3.0,3.5,106.55,111.48,mfcc_regression/Ses04F_impro01_M016.npy
Ses04F_impro01_M017,Session4,fru,3.0,3.0,3.5,111.5,115.62,mfcc_regression/Ses04F_impro01_M017.npy
Ses04F_impro01_M018,Session4,fru,1.5,3.5,4.0,118.31,121.89,mfcc_regression/Ses04F_impro01_M018.npy
Ses04F_impro01_M021,Session4,ang,2.0,4.0,4.5,139.08,141.8,mfcc_regression/Ses04F_impro01_M021.npy
Ses04F_impro01_M022,Session4,fru,1.5,4.0,4.5,145.26,148.57,mfcc_regression/Ses04F_impro01_M022.npy
Ses04F_impro01_M023,Session4,ang,1.5,4.5,5.0,148.69,151.21,mfcc_regression/Ses04F_impro01_M023.npy
Ses04F_impro01_M024,Session4,ang,1.0,4.5,5.0,151.22,155.47,mfcc_regression/Ses04F_impro01_M024.npy
Ses04F_script03_1_F005,Session4,exc,4.0,4.0,4.0,25.9111,30.4663,mfcc_regression/Ses04F_script03_1_F005.npy
Ses04F_script03_1_F006,Session4,exc,4.0,3.5,3.5,32.88,34.92,mfcc_regression/Ses04F_script03_1_F006.npy
Ses04F_script03_1_F007,Session4,exc,3.5,3.5,3.5,35.26,37.8,mfcc_regression/Ses04F_script03_1_F007.npy
Ses04F_script03_1_F009,Session4,exc,2.0,3.5,4.5,44.53,47.21,mfcc_regression/Ses04F_script03_1_F009.npy
Ses04F_script03_1_F011,Session4,exc,2.0,3.0,4.5,58.02,60.91,mfcc_regression/Ses04F_script03_1_F011.npy
Ses04F_script03_1_F012,Session4,neu,3.5,3.0,3.5,63.61,65.06,mfcc_regression/Ses04F_script03_1_F012.npy
Ses04F_script03_1_F014,Session4,exc,4.5,3.5,4.5,80.96,86.2504,mfcc_regression/Ses04F_script03_1_F014.npy
Ses04F_script03_1_F017,Session4,neu,2.5,4.5,4.0,97.64,102.07,mfcc_regression/Ses04F_script03_1_F017.npy
Ses04F_script03_1_F021,Session4,exc,4.0,3.5,4.5,148.12,155.4881,mfcc_regression/Ses04F_script03_1_F021.npy
Ses04F_script03_1_F022,Session4,exc,3.5,3.0,3.0,157.07,158.99,mfcc_regression/Ses04F_script03_1_F022.npy
Ses04F_script03_1_F023,Session4,exc,4.5,4.0,4.5,162.8,167.98,mfcc_regression/Ses04F_script03_1_F023.npy
Ses04F_script03_1_F024,Session4,exc,2.0,4.0,4.0,168.27,173.7,mfcc_regression/Ses04F_script03_1_F024.npy
Ses04F_script03_1_F026,Session4,exc,4.0,3.5,4.5,181.63,185.61,mfcc_regression/Ses04F_script03_1_F026.npy
Ses04F_script03_1_F028,Session4,exc,4.0,4.5,4.5,192.97,198.61,mfcc_regression/Ses04F_script03_1_F028.npy
Ses04F_script03_1_F029,Session4,exc,4.5,4.0,4.5,199.47,203.26,mfcc_regression/Ses04F_script03_1_F029.npy
Ses04F_script03_1_F030,Session4,exc,4.0,4.0,3.5,203.35,205.39,mfcc_regression/Ses04F_script03_1_F030.npy
Ses04F_script03_1_M001,Session4,fea,3.0,3.0,3.5,8.63,9.67,mfcc_regression/Ses04F_script03_1_M001.npy
Ses04F_script03_1_M002,Session4,fea,2.5,3.0,3.5,11.43,12.79,mfcc_regression/Ses04F_script03_1_M002.npy
Ses04F_script03_1_M006,Session4,exc,2.0,3.5,3.5,29.8095,33.1781,mfcc_regression/Ses04F_script03_1_M006.npy
Ses04F_script03_1_M007,Session4,exc,3.0,3.5,3.5,34.12,35.86,mfcc_regression/Ses04F_script03_1_M007.npy
Ses04F_script03_1_M008,Session4,exc,3.5,3.0,3.0,36.89,40.96,mfcc_regression/Ses04F_script03_1_M008.npy
Ses04F_script03_1_M009,Session4,neu,2.5,3.0,4.0,43.06,45.14,mfcc_regression/Ses04F_script03_1_M009.npy
Ses04F_script03_1_M017,Session4,neu,2.5,3.5,3.5,85.7631,89.6191,mfcc_regression/Ses04F_script03_1_M017.npy
Ses04F_script03_1_M027,Session4,neu,3.0,3.0,3.5,154.9584,157.44,mfcc_regression/Ses04F_script03_1_M027.npy
Ses04F_script03_1_M028,Session4,neu,2.5,3.0,4.0,158.68,163.71,mfcc_regression/Ses04F_script03_1_M028.npy
Ses04F_script03_1_M029,Session4,neu,2.0,3.5,4.5,167.14,169.03,mfcc_regression/Ses04F_script03_1_M029.npy
Ses04F_script03_1_M030,Session4,neu,3.0,3.0,3.0,173.32,175.19,mfcc_regression/Ses04F_script03_1_M030.npy
Ses04F_script03_1_M031,Session4,neu,2.0,3.5,4.0,176.96,182.28,mfcc_regression/Ses04F_script03_1_M031.npy
Ses04F_script01_3_F009,Session4,hap,4.0,2.5,3.5,59.67,62.6615,mfcc_regression/Ses04F_script01_3_F009.npy
Ses04F_script01_3_F010,Session4,hap,3.5,3.5,4.0,99.83,103.94,mfcc_regression/Ses04F_script01_3_F010.npy
Ses04F_script01_3_F012,Session4,hap,3.5,3.5,2.5,110.8202,113.47,mfcc_regression/Ses04F_script01_3_F012.npy
Ses04F_script01_3_F013,Session4,hap,4.0,3.0,3.5,114.71,117.27,mfcc_regression/Ses04F_script01_3_F013.npy
Ses04F_script01_3_F014,Session4,hap,4.5,4.0,4.0,119.98,128.594,mfcc_regression/Ses04F_script01_3_F014.npy
Ses04F_script01_3_F015,Session4,hap,4.5,4.0,4.5,138.33,145.84,mfcc_regression/Ses04F_script01_3_F015.npy
Ses04F_script01_3_F023,Session4,neu,3.0,3.0,3.0,196.82,199.2162,mfcc_regression/Ses04F_script01_3_F023.npy
Ses04F_script01_3_F024,Session4,sad,2.0,2.0,2.5,201.5808,203.7483,mfcc_regression/Ses04F_script01_3_F024.npy
Ses04F_script01_3_F030,Session4,hap,4.5,3.5,4.0,347.39,350.28,mfcc_regression/Ses04F_script01_3_F030.npy
Ses04F_script01_3_M004,Session4,ang,2.0,3.0,3.0,32.72,33.89,mfcc_regression/Ses04F_script01_3_M004.npy
Ses04F_script01_3_M008,Session4,neu,3.0,2.5,3.5,55.0554,59.75,mfcc_regression/Ses04F_script01_3_M008.npy
Ses04F_script01_3_M009,Session4,hap,3.5,3.0,4.5,62.25,70.7011,mfcc_regression/Ses04F_script01_3_M009.npy
Ses04F_script01_3_M010,Session4,hap,3.0,3.0,4.0,71.62,79.3318,mfcc_regression/Ses04F_script01_3_M010.npy
Ses04F_script01_3_M011,Session4,hap,2.5,3.5,3.0,79.5288,84.3762,mfcc_regression/Ses04F_script01_3_M011.npy
Ses04F_script01_3_M014,Session4,neu,2.5,2.5,3.5,103.8052,107.0763,mfcc_regression/Ses04F_script01_3_M014.npy
Ses04F_script01_3_M018,Session4,hap,3.5,3.0,4.0,127.99,133.15,mfcc_regression/Ses04F_script01_3_M018.npy
Ses04F_script01_3_M019,Session4,hap,4.5,3.0,4.0,133.21,138.7617,mfcc_regression/Ses04F_script01_3_M019.npy
Ses04F_script01_3_M020,Session4,hap,3.5,2.5,4.0,145.23,149.0082,mfcc_regression/Ses04F_script01_3_M020.npy
Ses04F_script01_3_M023,Session4,sad,2.5,2.5,3.0,165.8756,169.2648,mfcc_regression/Ses04F_script01_3_M023.npy
Ses04F_script01_3_M024,Session4,sad,2.5,2.0,2.5,173.59,181.1666,mfcc_regression/Ses04F_script01_3_M024.npy
Ses04F_script01_3_M025,Session4,fru,2.0,2.5,3.5,183.0188,185.69,mfcc_regression/Ses04F_script01_3_M025.npy
Ses04F_script01_3_M026,Session4,sad,2.5,2.5,3.0,188.31,193.6989,mfcc_regression/Ses04F_script01_3_M026.npy
Ses04F_script01_3_M027,Session4,sad,3.0,3.0,3.0,193.7383,197.39,mfcc_regression/Ses04F_script01_3_M027.npy
Ses04F_script01_3_M028,Session4,sad,2.5,2.0,3.0,198.4674,202.13,mfcc_regression/Ses04F_script01_3_M028.npy
Ses04F_script01_3_M029,Session4,sad,2.5,3.0,3.5,203.19,205.54,mfcc_regression/Ses04F_script01_3_M029.npy
Ses04F_script01_3_M030,Session4,sad,3.0,2.0,3.5,207.2558,214.7042,mfcc_regression/Ses04F_script01_3_M030.npy
Ses04F_script01_3_M031,Session4,sad,2.5,2.5,4.0,214.7831,224.9508,mfcc_regression/Ses04F_script01_3_M031.npy
Ses04F_script01_3_M032,Session4,sad,3.0,3.0,4.0,225.069,233.59,mfcc_regression/Ses04F_script01_3_M032.npy
Ses04F_script01_3_M033,Session4,sad,2.0,3.0,4.5,236.33,244.9709,mfcc_regression/Ses04F_script01_3_M033.npy
Ses04F_script01_3_M034,Session4,sad,2.5,3.0,4.0,245.33,255.15,mfcc_regression/Ses04F_script01_3_M034.npy
Ses04F_script01_3_M035,Session4,sad,3.0,3.0,4.0,255.22,260.8925,mfcc_regression/Ses04F_script01_3_M035.npy
Ses04F_script01_3_M036,Session4,sad,2.5,3.0,4.0,261.0501,265.2,mfcc_regression/Ses04F_script01_3_M036.npy
Ses04F_script01_3_M039,Session4,sad,2.0,3.0,4.0,277.9963,282.38,mfcc_regression/Ses04F_script01_3_M039.npy
Ses04F_script01_3_M040,Session4,sad,2.0,2.5,4.0,282.7649,291.1985,mfcc_regression/Ses04F_script01_3_M040.npy
Ses04F_script01_3_M041,Session4,sad,2.5,2.5,4.0,291.238,299.0411,mfcc_regression/Ses04F_script01_3_M041.npy
Ses04F_script01_3_M043,Session4,sad,2.5,3.0,4.0,302.6274,311.8492,mfcc_regression/Ses04F_script01_3_M043.npy
Ses04F_script01_3_M044,Session4,sad,2.5,3.0,4.5,311.8887,319.15,mfcc_regression/Ses04F_script01_3_M044.npy
Ses04F_script01_3_M045,Session4,sad,2.5,2.0,3.5,319.6,323.1204,mfcc_regression/Ses04F_script01_3_M045.npy
Ses04F_script01_3_M047,Session4,hap,4.0,2.5,3.5,343.6529,347.7909,mfcc_regression/Ses04F_script01_3_M047.npy
Ses04F_script01_2_F000,Session4,ang,2.5,3.0,3.5,7.3127,9.8942,mfcc_regression/Ses04F_script01_2_F000.npy
Ses04F_script01_2_F001,Session4,ang,2.5,3.5,3.5,10.92,13.962,mfcc_regression/Ses04F_script01_2_F001.npy
Ses04F_script01_2_F002,Session4,fru,2.5,3.5,3.5,16.94,20.93,mfcc_regression/Ses04F_script01_2_F002.npy
Ses04F_script01_2_F005,Session4,ang,2.0,3.5,4.5,40.5402,43.71,mfcc_regression/Ses04F_script01_2_F005.npy
Ses04F_script01_2_F006,Session4,ang,2.0,3.5,3.0,45.2,48.39,mfcc_regression/Ses04F_script01_2_F006.npy
Ses04F_script01_2_F007,Session4,ang,2.0,3.5,4.5,56.95,60.66,mfcc_regression/Ses04F_script01_2_F007.npy
Ses04F_script01_2_F008,Session4,ang,2.0,4.0,4.0,61.5,66.782,mfcc_regression/Ses04F_script01_2_F008.npy
Ses04F_script01_2_F009,Session4,ang,2.5,3.5,3.5,66.7973,71.45,mfcc_regression/Ses04F_script01_2_F009.npy
Ses04F_script01_2_F010,Session4,ang,2.5,3.5,4.0,72.13,77.7008,mfcc_regression/Ses04F_script01_2_F010.npy
Ses04F_script01_2_F011,Session4,fru,2.5,3.5,4.0,77.7161,82.9155,mfcc_regression/Ses04F_script01_2_F011.npy
Ses04F_script01_2_F012,Session4,fru,2.0,3.5,4.5,85.43,92.96,mfcc_regression/Ses04F_script01_2_F012.npy
Ses04F_script01_2_F014,Session4,fru,1.0,4.5,4.5,102.5357,105.85,mfcc_regression/Ses04F_script01_2_F014.npy
Ses04F_script01_2_F016,Session4,ang,1.0,4.5,5.0,111.8487,120.61,mfcc_regression/Ses04F_script01_2_F016.npy
Ses04F_script01_2_F017,Session4,fru,1.5,3.5,4.0,121.4371,124.68,mfcc_regression/Ses04F_script01_2_F017.npy
Ses04F_script01_2_F018,Session4,fru,2.0,4.5,4.0,125.56,130.55,mfcc_regression/Ses04F_script01_2_F018.npy
Ses04F_script01_2_F019,Session4,fru,1.5,3.5,4.0,132.18,135.02,mfcc_regression/Ses04F_script01_2_F019.npy
Ses04F_script01_2_F020,Session4,fru,1.5,3.5,4.0,135.73,138.16,mfcc_regression/Ses04F_script01_2_F020.npy
Ses04F_script01_2_F021,Session4,fru,1.5,3.5,2.0,141.9,145.1403,mfcc_regression/Ses04F_script01_2_F021.npy
Ses04F_script01_2_M000,Session4,neu,3.0,3.0,2.5,9.49,11.5305,mfcc_regression/Ses04F_script01_2_M000.npy
Ses04F_script01_2_M001,Session4,neu,3.0,2.5,2.5,13.69,17.56,mfcc_regression/Ses04F_script01_2_M001.npy
Ses04F_script01_2_M004,Session4,neu,2.5,2.5,2.5,33.51,36.29,mfcc_regression/Ses04F_script01_2_M004.npy
Ses04F_script01_2_M006,Session4,fru,2.5,3.5,2.5,43.36,45.32,mfcc_regression/Ses04F_script01_2_M006.npy
Ses04F_script01_2_M007,Session4,neu,3.0,3.0,1.5,47.6359,57.5912,mfcc_regression/Ses04F_script01_2_M007.npy
Ses04F_script01_2_M008,Session4,neu,2.5,3.0,3.0,59.85,62.19,mfcc_regression/Ses04F_script01_2_M008.npy
Ses04F_script01_2_M009,Session4,fru,2.0,3.5,3.0,71.01,72.56,mfcc_regression/Ses04F_script01_2_M009.npy
Ses04F_script01_2_M010,Session4,fru,2.5,2.5,3.0,82.42,85.88,mfcc_regression/Ses04F_script01_2_M010.npy
Ses04F_script01_2_M011,Session4,fru,2.0,3.5,2.5,92.23,93.9,mfcc_regression/Ses04F_script01_2_M011.npy
Ses04F_script01_2_M012,Session4,fru,2.0,3.5,3.5,101.4,103.1779,mfcc_regression/Ses04F_script01_2_M012.npy
Ses04F_script01_2_M013,Session4,fru,3.0,3.0,3.0,120.27,121.81,mfcc_regression/Ses04F_script01_2_M013.npy
Ses04F_script01_2_M014,Session4,fru,3.0,3.0,3.5,124.07,126.0248,mfcc_regression/Ses04F_script01_2_M014.npy
Ses04F_script01_2_M015,Session4,fru,2.5,3.0,4.5,129.82,132.62,mfcc_regression/Ses04F_script01_2_M015.npy
Ses04F_script01_2_M016,Session4,fru,2.0,3.5,3.0,134.07,136.17,mfcc_regression/Ses04F_script01_2_M016.npy
Ses04F_script01_2_M017,Session4,ang,1.5,4.0,4.0,136.86,142.5,mfcc_regression/Ses04F_script01_2_M017.npy
Ses04F_script01_2_M018,Session4,fru,1.5,3.5,3.5,143.8711,151.6842,mfcc_regression/Ses04F_script01_2_M018.npy
Ses04M_impro07_F000,Session4,sur,5.0,4.5,4.5,19.87,21.37,mfcc_regression/Ses04M_impro07_F000.npy
Ses04M_impro07_F001,Session4,sur,5.0,4.5,4.5,21.39,22.52,mfcc_regression/Ses04M_impro07_F001.npy
Ses04M_impro07_F002,Session4,exc,5.0,4.5,4.0,23.05,24.93,mfcc_regression/Ses04M_impro07_F002.npy
Ses04M_impro07_F003,Session4,exc,5.0,4.5,4.5,24.93,27.31,mfcc_regression/Ses04M_impro07_F003.npy
Ses04M_impro07_F004,Session4,exc,4.5,3.5,4.5,43.84,53.07,mfcc_regression/Ses04M_impro07_F004.npy
Ses04M_impro07_F006,Session4,exc,4.0,3.0,3.5,66.84,68.01,mfcc_regression/Ses04M_impro07_F006.npy
Ses04M_impro07_F007,Session4,exc,4.0,3.0,3.5,68.19,69.29,mfcc_regression/Ses04M_impro07_F007.npy
Ses04M_impro07_F008,Session4,exc,4.0,3.0,3.5,69.44,72.57,mfcc_regression/Ses04M_impro07_F008.npy
Ses04M_impro07_F009,Session4,exc,4.0,4.0,4.0,78.32,81.5371,mfcc_regression/Ses04M_impro07_F009.npy
Ses04M_impro07_F010,Session4,exc,3.5,3.0,3.5,81.54,83.31,mfcc_regression/Ses04M_impro07_F010.npy
Ses04M_impro07_F011,Session4,hap,4.5,4.0,4.5,92.66,95.3147,mfcc_regression/Ses04M_impro07_F011.npy
Ses04M_impro07_F012,Session4,exc,4.5,3.5,4.0,98.86,101.29,mfcc_regression/Ses04M_impro07_F012.npy
Ses04M_impro07_F013,Session4,exc,4.5,4.5,4.0,108.84,111.38,mfcc_regression/Ses04M_impro07_F013.npy
Ses04M_impro07_F014,Session4,exc,4.5,4.0,4.5,112.09,116.92,mfcc_regression/Ses04M_impro07_F014.npy
Ses04M_impro07_F015,Session4,exc,4.0,4.0,4.0,120.56,123.941,mfcc_regression/Ses04M_impro07_F015.npy
Ses04M_impro07_F016,Session4,exc,4.5,4.0,4.0,126.12,129.19,mfcc_regression/Ses04M_impro07_F016.npy
Ses04M_impro07_F017,Session4,exc,4.5,4.0,4.0,130.25,132.55,mfcc_regression/Ses04M_impro07_F017.npy
Ses04M_impro07_F018,Session4,exc,4.5,4.0,4.0,144.62,146.05,mfcc_regression/Ses04M_impro07_F018.npy
Ses04M_impro07_F022,Session4,exc,4.5,4.5,4.5,171.1,173.99,mfcc_regression/Ses04M_impro07_F022.npy
Ses04M_impro07_F023,Session4,neu,4.0,3.5,3.5,178.48,181.55,mfcc_regression/Ses04M_impro07_F023.npy
Ses04M_impro07_F026,Session4,neu,3.5,2.5,3.0,199.1,201.62,mfcc_regression/Ses04M_impro07_F026.npy
Ses04M_impro07_F027,Session4,exc,4.5,4.0,4.5,202.73,206.6762,mfcc_regression/Ses04M_impro07_F027.npy
Ses04M_impro07_F036,Session4,neu,2.5,3.0,3.0,251.0,252.81,mfcc_regression/Ses04M_impro07_F036.npy
Ses04M_impro07_F037,Session4,neu,3.5,4.0,3.5,259.66,261.08,mfcc_regression/Ses04M_impro07_F037.npy
Ses04M_impro07_M000,Session4,exc,4.0,3.5,4.0,7.29,18.97,mfcc_regression/Ses04M_impro07_M000.npy
Ses04M_impro07_M001,Session4,exc,4.0,3.5,3.5,18.99,21.72,mfcc_regression/Ses04M_impro07_M001.npy
Ses04M_impro07_M002,Session4,exc,4.5,3.5,3.5,21.77,23.5899,mfcc_regression/Ses04M_impro07_M002.npy
Ses04M_impro07_M003,Session4,exc,4.0,3.5,4.0,25.33,30.1,mfcc_regression/Ses04M_impro07_M003.npy
Ses04M_impro07_M004,Session4,exc,4.0,3.0,3.5,30.1,32.57,mfcc_regression/Ses04M_impro07_M004.npy
Ses04M_impro07_M007,Session4,hap,3.5,4.0,4.0,60.33,67.38,mfcc_regression/Ses04M_impro07_M007.npy
Ses04M_impro07_M008,Session4,hap,4.0,2.5,3.0,67.53,68.72,mfcc_regression/Ses04M_impro07_M008.npy
Ses04M_impro07_M009,Session4,hap,3.5,2.5,2.5,68.9,70.33,mfcc_regression/Ses04M_impro07_M009.npy
Ses04M_impro07_M010,Session4,hap,3.5,3.0,4.0,71.77,78.31,mfcc_regression/Ses04M_impro07_M010.npy
Ses04M_impro07_M011,Session4,hap,3.5,3.5,3.5,78.31,81.5131,mfcc_regression/Ses04M_impro07_M011.npy
Ses04M_impro07_M012,Session4,hap,3.5,3.0,3.5,81.52,87.5,mfcc_regression/Ses04M_impro07_M012.npy
Ses04M_impro07_M013,Session4,hap,4.5,4.0,4.5,87.5,93.28,mfcc_regression/Ses04M_impro07_M013.npy
Ses04M_impro07_M014,Session4,exc,4.5,4.5,4.5,93.31,102.26,mfcc_regression/Ses04M_impro07_M014.npy
Ses04M_impro07_M015,Session4,exc,5.0,5.0,4.0,102.27,110.74,mfcc_regression/Ses04M_impro07_M015.npy
Ses04M_impro07_M020,Session4,exc,3.5,3.5,4.0,134.28,139.97,mfcc_regression/Ses04M_impro07_M020.npy
Ses04M_impro07_M021,Session4,exc,4.0,3.0,4.0,139.9763,145.08,mfcc_regression/Ses04M_impro07_M021.npy
Ses04M_impro07_M025,Session4,neu,3.0,2.5,3.5,167.4159,171.6,mfcc_regression/Ses04M_impro07_M025.npy
Ses04M_impro07_M026,Session4,neu,3.0,3.0,3.5,173.15,179.01,mfcc_regression/Ses04M_impro07_M026.npy
Ses04M_impro07_M029,Session4,neu,3.0,2.5,3.5,197.68,199.64,mfcc_regression/Ses04M_impro07_M029.npy
Ses04M_impro07_M030,Session4,neu,4.0,2.5,3.0,200.81,203.14,mfcc_regression/Ses04M_impro07_M030.npy
Ses04M_impro07_M032,Session4,neu,3.0,3.0,3.5,206.3175,209.69,mfcc_regression/Ses04M_impro07_M032.npy
Ses04M_impro07_M035,Session4,neu,2.5,3.0,3.0,223.64,225.59,mfcc_regression/Ses04M_impro07_M035.npy
Ses04M_impro07_M036,Session4,neu,2.0,3.0,3.0,226.44,231.46,mfcc_regression/Ses04M_impro07_M036.npy
Ses04M_impro07_M037,Session4,neu,3.0,3.5,3.0,233.98,235.82,mfcc_regression/Ses04M_impro07_M037.npy
Ses04M_impro07_M040,Session4,neu,3.0,3.0,4.0,245.71,252.16,mfcc_regression/Ses04M_impro07_M040.npy
Ses04M_impro07_M041,Session4,neu,3.0,3.5,4.0,252.3,258.53,mfcc_regression/Ses04M_impro07_M041.npy
Ses04M_impro07_M042,Session4,neu,3.5,3.5,3.5,258.56,262.75,mfcc_regression/Ses04M_impro07_M042.npy
Ses04M_impro07_M043,Session4,neu,2.5,2.5,3.5,266.23,270.09,mfcc_regression/Ses04M_impro07_M043.npy
Ses04M_impro06_F000,Session4,sad,3.0,2.0,1.5,9.0835,12.26,mfcc_regression/Ses04M_impro06_F000.npy
Ses04M_impro06_F001,Session4,sad,2.5,2.0,1.5,14.66,17.13,mfcc_regression/Ses04M_impro06_F001.npy
Ses04M_impro06_F002,Session4,sad,2.0,2.0,2.0,17.23,22.51,mfcc_regression/Ses04M_impro06_F002.npy
Ses04M_impro06_F003,Session4,sad,2.5,2.0,2.5,44.56,49.5,mfcc_regression/Ses04M_impro06_F003.npy
Ses04M_impro06_F004,Session4,sad,3.0,3.0,3.0,51.48,56.8564,mfcc_regression/Ses04M_impro06_F004.npy
Ses04M_impro06_F005,Session4,sad,3.0,2.5,2.0,57.33,60.57,mfcc_regression/Ses04M_impro06_F005.npy
Ses04M_impro06_F006,Session4,sad,2.0,2.5,2.5,72.03,76.62,mfcc_regression/Ses04M_impro06_F006.npy
Ses04M_impro06_F007,Session4,sad,2.0,2.0,2.0,80.9,86.48,mfcc_regression/Ses04M_impro06_F007.npy
Ses04M_impro06_F008,Session4,sad,2.0,3.0,3.0,111.02,118.87,mfcc_regression/Ses04M_impro06_F008.npy
Ses04M_impro06_F009,Session4,sad,2.0,3.0,2.5,132.72,144.7998,mfcc_regression/Ses04M_impro06_F009.npy
Ses04M_impro06_F010,Session4,sad,2.5,2.5,3.0,147.18,150.34,mfcc_regression/Ses04M_impro06_F010.npy
Ses04M_impro06_F011,Session4,sad,3.0,2.5,3.0,160.97,166.16,mfcc_regression/Ses04M_impro06_F011.npy
Ses04M_impro06_F012,Session4,sad,2.5,3.5,3.5,175.68,190.69,mfcc_regression/Ses04M_impro06_F012.npy
Ses04M_impro06_F014,Session4,sad,3.0,2.5,2.5,220.51,225.94,mfcc_regression/Ses04M_impro06_F014.npy
Ses04M_impro06_F015,Session4,sad,3.0,2.5,2.5,241.02,246.67,mfcc_regression/Ses04M_impro06_F015.npy
Ses04M_impro06_F016,Session4,sad,3.0,2.5,2.5,265.54,270.3748,mfcc_regression/Ses04M_impro06_F016.npy
Ses04M_impro06_F017,Session4,sad,2.5,2.0,1.5,289.17,291.1846,mfcc_regression/Ses04M_impro06_F017.npy
Ses04M_impro06_F018,Session4,sad,2.5,2.5,2.5,304.47,311.0742,mfcc_regression/Ses04M_impro06_F018.npy
Ses04M_impro06_F019,Session4,sad,3.5,2.5,3.0,311.12,319.52,mfcc_regression/Ses04M_impro06_F019.npy
Ses04M_impro06_M000,Session4,sad,2.5,2.0,2.0,17.02,19.1226,mfcc_regression/Ses04M_impro06_M000.npy
Ses04M_impro06_M001,Session4,sad,2.0,2.5,3.0,22.12,33.71,mfcc_regression/Ses04M_impro06_M001.npy
Ses04M_impro06_M002,Session4,sad,2.0,2.5,2.5,34.11,44.56,mfcc_regression/Ses04M_impro06_M002.npy
Ses04M_impro06_M003,Session4,sad,2.5,1.5,1.5,49.0336,50.63,mfcc_regression/Ses04M_impro06_M003.npy
Ses04M_impro06_M004,Session4,sad,2.5,1.5,1.5,56.52,57.87,mfcc_regression/Ses04M_impro06_M004.npy
Ses04M_impro06_M005,Session4,sad,2.0,2.0,2.5,63.94,69.04,mfcc_regression/Ses04M_impro06_M005.npy
Ses04M_impro06_M006,Session4,sad,2.0,2.5,2.0,91.11,97.43,mfcc_regression/Ses04M_impro06_M006.npy
Ses04M_impro06_M007,Session4,sad,2.5,2.0,2.5,100.67,105.46,mfcc_regression/Ses04M_impro06_M007.npy
Ses04M_impro06_M008,Session4,sad,2.0,1.5,2.5,118.6,130.71,mfcc_regression/Ses04M_impro06_M008.npy
Ses04M_impro06_M009,Session4,sad,3.0,2.0,2.0,145.39,148.16,mfcc_regression/Ses04M_impro06_M009.npy
Ses04M_impro06_M010,Session4,sad,2.0,2.0,2.5,150.58,163.45,mfcc_regression/Ses04M_impro06_M010.npy
Ses04M_impro06_M011,Session4,sad,1.5,2.0,2.0,191.48,198.52,mfcc_regression/Ses04M_impro06_M011.npy
Ses04M_impro06_M012,Session4,sad,2.0,2.0,2.5,202.14,210.21,mfcc_regression/Ses04M_impro06_M012.npy
Ses04M_impro06_M013,Session4,sad,2.0,2.0,3.0,211.46,220.33,mfcc_regression/Ses04M_impro06_M013.npy
Ses04M_impro06_M014,Session4,sad,2.0,2.0,2.0,235.92,239.49,mfcc_regression/Ses04M_impro06_M014.npy
Ses04M_impro06_M015,Session4,sad,2.0,2.0,2.0,246.13,252.78,mfcc_regression/Ses04M_impro06_M015.npy
Ses04M_impro06_M016,Session4,sad,2.0,2.0,2.5,255.55,263.25,mfcc_regression/Ses04M_impro06_M016.npy
Ses04M_impro06_M017,Session4,sad,2.5,2.0,1.5,270.36,273.18,mfcc_regression/Ses04M_impro06_M017.npy
Ses04M_impro06_M018,Session4,sad,2.0,2.5,3.0,281.0,288.37,mfcc_regression/Ses04M_impro06_M018.npy
Ses04M_impro06_M019,Session4,sad,2.5,3.0,3.0,290.54,300.1,mfcc_regression/Ses04M_impro06_M019.npy
Ses04M_impro06_M020,Session4,sad,2.0,2.5,1.0,320.61,323.13,mfcc_regression/Ses04M_impro06_M020.npy
Ses04M_impro04_F000,Session4,neu,3.0,1.6667,2.3333,35.3735,38.55,mfcc_regression/Ses04M_impro04_F000.npy
Ses04M_impro04_F001,Session4,neu,3.0,2.6667,2.6667,55.8,58.01,mfcc_regression/Ses04M_impro04_F001.npy
Ses04M_impro04_F002,Session4,neu,3.0,2.3333,2.6667,58.01,61.47,mfcc_regression/Ses04M_impro04_F002.npy
Ses04M_impro04_F003,Session4,neu,3.0,3.0,3.0,69.0,74.24,mfcc_regression/Ses04M_impro04_F003.npy
Ses04M_impro04_F004,Session4,neu,3.0,2.6667,2.6667,74.24,76.81,mfcc_regression/Ses04M_impro04_F004.npy
Ses04M_impro04_F005,Session4,neu,3.3333,2.6667,3.0,89.52,99.51,mfcc_regression/Ses04M_impro04_F005.npy
Ses04M_impro04_F006,Session4,neu,3.0,2.0,3.3333,109.09,111.63,mfcc_regression/Ses04M_impro04_F006.npy
Ses04M_impro04_F007,Session4,neu,3.0,2.6667,3.6667,111.63,118.5,mfcc_regression/Ses04M_impro04_F007.npy
Ses04M_impro04_F008,Session4,neu,3.3333,2.3333,3.3333,131.95,141.64,mfcc_regression/Ses04M_impro04_F008.npy
Ses04M_impro04_F009,Session4,neu,3.3333,2.6667,2.3333,144.61,147.65,mfcc_regression/Ses04M_impro04_F009.npy
Ses04M_impro04_F010,Session4,sur,2.6667,3.3333,3.0,149.09,150.41,mfcc_regression/Ses04M_impro04_F010.npy
Ses04M_impro04_F011,Session4,neu,3.0,2.6667,3.0,160.11,162.83,mfcc_regression/Ses04M_impro04_F011.npy
Ses04M_impro04_F012,Session4,neu,3.0,2.0,3.0,163.05,164.83,mfcc_regression/Ses04M_impro04_F012.npy
Ses04M_impro04_F013,Session4,neu,4.0,3.0,3.0,165.39,168.72,mfcc_regression/Ses04M_impro04_F013.npy
Ses04M_impro04_F015,Session4,neu,3.3333,2.6667,3.3333,190.59,195.43,mfcc_regression/Ses04M_impro04_F015.npy
Ses04M_impro04_F016,Session4,neu,3.3333,2.6667,3.6667,198.9,201.9,mfcc_regression/Ses04M_impro04_F016.npy
Ses04M_impro04_F017,Session4,neu,4.6667,3.6667,2.0,203.47,204.9301,mfcc_regression/Ses04M_impro04_F017.npy
Ses04M_impro04_M000,Session4,fru,2.0,3.3333,2.6667,7.3,18.43,mfcc_regression/Ses04M_impro04_M000.npy
Ses04M_impro04_M001,Session4,fru,2.0,3.3333,2.6667,18.48,35.21,mfcc_regression/Ses04M_impro04_M001.npy
Ses04M_impro04_M002,Session4,fru,2.0,3.3333,3.0,38.34,46.5,mfcc_regression/Ses04M_impro04_M002.npy
Ses04M_impro04_M003,Session4,fru,2.3333,3.3333,2.3333,46.55,52.89,mfcc_regression/Ses04M_impro04_M003.npy
Ses04M_impro04_M004,Session4,neu,2.6667,3.0,2.6667,52.91,57.0,mfcc_regression/Ses04M_impro04_M004.npy
Ses04M_impro04_M005,Session4,fru,2.6667,3.0,2.6667,59.75,69.33,mfcc_regression/Ses04M_impro04_M005.npy
Ses04M_impro04_M006,Session4,fru,2.3333,3.6667,3.0,73.74,75.94,mfcc_regression/Ses04M_impro04_M006.npy
Ses04M_impro04_M007,Session4,fru,2.0,3.3333,3.0,75.94,82.2055,mfcc_regression/Ses04M_impro04_M007.npy
Ses04M_impro04_M008,Session4,fru,2.0,3.3333,2.6667,82.2472,90.87,mfcc_regression/Ses04M_impro04_M008.npy
Ses04M_impro04_M009,Session4,fru,2.6667,3.3333,3.0,98.52,109.42,mfcc_regression/Ses04M_impro04_M009.npy
Ses04M_impro04_M010,Session4,fru,2.0,4.0,3.3333,113.38,115.61,mfcc_regression/Ses04M_impro04_M010.npy
Ses04M_impro04_M011,Session4,fru,2.3333,4.0,2.3333,116.21,122.44,mfcc_regression/Ses04M_impro04_M011.npy
Ses04M_impro04_M012,Session4,fru,2.3333,3.6667,3.0,122.44,133.2,mfcc_regression/Ses04M_impro04_M012.npy
Ses04M_impro04_M013,Session4,fru,1.6667,3.3333,2.3333,141.18,143.78,mfcc_regression/Ses04M_impro04_M013.npy
Ses04M_impro04_M014,Session4,fru,2.3333,3.0,3.6667,147.34,149.5,mfcc_regression/Ses04M_impro04_M014.npy
Ses04M_impro04_M015,Session4,fru,4.0,3.0,3.3333,150.03,161.47,mfcc_regression/Ses04M_impro04_M015.npy
Ses04M_impro04_M016,Session4,fru,4.0,3.3333,3.3333,161.82,163.49,mfcc_regression/Ses04M_impro04_M016.npy
Ses04M_impro04_M017,Session4,fru,3.0,3.0,3.0,164.27,165.55,mfcc_regression/Ses04M_impro04_M017.npy
Ses04M_impro04_M018,Session4,fru,4.0,3.0,2.6667,168.38,177.76,mfcc_regression/Ses04M_impro04_M018.npy
Ses04M_impro04_M019,Session4,fru,4.0,3.3333,3.0,177.79,185.78,mfcc_regression/Ses04M_impro04_M019.npy
Ses04M_impro04_M020,Session4,neu,3.6667,3.0,2.3333,188.77,191.83,mfcc_regression/Ses04M_impro04_M020.npy
Ses04M_impro04_M021,Session4,neu,2.6667,2.6667,2.3333,195.3,199.72,mfcc_regression/Ses04M_impro04_M021.npy
Ses04M_impro04_M022,Session4,neu,4.0,2.0,2.6667,202.2,205.9,mfcc_regression/Ses04M_impro04_M022.npy
Ses04M_impro04_M023,Session4,oth,4.6667,2.6667,1.6667,208.3393,216.51,mfcc_regression/Ses04M_impro04_M023.npy
Ses04M_impro05_F000,Session4,neu,4.0,2.0,2.5,6.17,8.24,mfcc_regression/Ses04M_impro05_F000.npy
Ses04M_impro05_F001,Session4,neu,3.5,2.0,1.5,12.71,14.7,mfcc_regression/Ses04M_impro05_F001.npy
Ses04M_impro05_F002,Session4,neu,2.5,2.0,2.0,16.78,18.57,mfcc_regression/Ses04M_impro05_F002.npy
Ses04M_impro05_F003,Session4,neu,3.0,1.5,1.5,18.64,19.49,mfcc_regression/Ses04M_impro05_F003.npy
Ses04M_impro05_F006,Session4,neu,3.0,2.0,2.5,64.405,69.28,mfcc_regression/Ses04M_impro05_F006.npy
Ses04M_impro05_F007,Session4,neu,2.5,2.5,2.5,69.3126,73.04,mfcc_regression/Ses04M_impro05_F007.npy
Ses04M_impro05_F008,Session4,neu,3.0,2.0,2.5,73.04,76.7,mfcc_regression/Ses04M_impro05_F008.npy
Ses04M_impro05_F009,Session4,neu,3.0,2.0,2.5,77.5,79.64,mfcc_regression/Ses04M_impro05_F009.npy
Ses04M_impro05_F010,Session4,neu,4.0,2.0,2.5,89.87,92.7589,mfcc_regression/Ses04M_impro05_F010.npy
Ses04M_impro05_F012,Session4,fru,3.0,2.0,3.0,102.73,108.57,mfcc_regression/Ses04M_impro05_F012.npy
Ses04M_impro05_F013,Session4,neu,3.0,2.0,3.0,112.32,114.15,mfcc_regression/Ses04M_impro05_F013.npy
Ses04M_impro05_F014,Session4,fru,3.0,2.5,3.0,123.25,125.49,mfcc_regression/Ses04M_impro05_F014.npy
Ses04M_impro05_F015,Session4,fru,3.5,2.5,3.0,128.05,132.85,mfcc_regression/Ses04M_impro05_F015.npy
Ses04M_impro05_F016,Session4,fru,3.0,2.5,3.0,132.87,134.79,mfcc_regression/Ses04M_impro05_F016.npy
Ses04M_impro05_F017,Session4,neu,3.0,3.0,2.5,135.65,139.2448,mfcc_regression/Ses04M_impro05_F017.npy
Ses04M_impro05_F018,Session4,fru,3.0,3.0,3.0,139.2728,142.67,mfcc_regression/Ses04M_impro05_F018.npy
Ses04M_impro05_F019,Session4,neu,3.0,2.0,2.5,143.46,147.47,mfcc_regression/Ses04M_impro05_F019.npy
Ses04M_impro05_F020,Session4,neu,3.0,2.5,2.5,148.43,151.23,mfcc_regression/Ses04M_impro05_F020.npy
Ses04M_impro05_F021,Session4,fru,3.0,2.5,2.5,151.23,157.02,mfcc_regression/Ses04M_impro05_F021.npy
Ses04M_impro05_F022,Session4,fru,3.0,2.5,2.5,165.02,170.61,mfcc_regression/Ses04M_impro05_F022.npy
Ses04M_impro05_F023,Session4,fru,3.5,3.0,3.0,171.8,180.95,mfcc_regression/Ses04M_impro05_F023.npy
Ses04M_impro05_F024,Session4,fru,3.0,2.0,3.0,190.97,194.77,mfcc_regression/Ses04M_impro05_F024.npy
Ses04M_impro05_F025,Session4,fru,3.0,2.5,2.5,194.77,197.06,mfcc_regression/Ses04M_impro05_F025.npy
Ses04M_impro05_F026,Session4,fru,3.5,3.0,3.5,197.18,202.95,mfcc_regression/Ses04M_impro05_F026.npy
Ses04M_impro05_F027,Session4,fru,3.0,2.5,2.5,203.01,206.07,mfcc_regression/Ses04M_impro05_F027.npy
Ses04M_impro05_F028,Session4,fru,4.5,2.5,3.0,206.09,210.63,mfcc_regression/Ses04M_impro05_F028.npy
Ses04M_impro05_F029,Session4,fru,3.5,2.5,3.0,219.85,223.6121,mfcc_regression/Ses04M_impro05_F029.npy
Ses04M_impro05_F030,Session4,fru,3.5,2.5,2.5,226.52,229.04,mfcc_regression/Ses04M_impro05_F030.npy
Ses04M_impro05_F031,Session4,fru,3.5,2.0,3.0,229.04,233.49,mfcc_regression/Ses04M_impro05_F031.npy
Ses04M_impro05_F032,Session4,fru,3.0,2.5,3.0,234.17,238.52,mfcc_regression/Ses04M_impro05_F032.npy
Ses04M_impro05_F033,Session4,fru,3.0,2.5,2.5,238.52,242.84,mfcc_regression/Ses04M_impro05_F033.npy
Ses04M_impro05_F034,Session4,fru,3.0,2.0,2.5,245.68,248.3553,mfcc_regression/Ses04M_impro05_F034.npy
Ses04M_impro05_F035,Session4,fru,3.5,2.5,3.5,251.95,258.64,mfcc_regression/Ses04M_impro05_F035.npy
Ses04M_impro05_F036,Session4,neu,3.5,2.0,3.0,258.86,261.53,mfcc_regression/Ses04M_impro05_F036.npy
Ses04M_impro05_F037,Session4,neu,3.0,3.0,3.0,268.4,273.51,mfcc_regression/Ses04M_impro05_F037.npy
Ses04M_impro05_F038,Session4,fru,3.0,2.5,3.0,273.51,281.46,mfcc_regression/Ses04M_impro05_F038.npy
Ses04M_impro05_F039,Session4,fru,3.5,2.5,2.5,290.3683,296.84,mfcc_regression/Ses04M_impro05_F039.npy
Ses04M_impro05_F040,Session4,fru,4.0,2.0,2.5,298.74,300.46,mfcc_regression/Ses04M_impro05_F040.npy
Ses04M_impro05_F041,Session4,fru,3.0,2.0,2.5,303.52,307.14,mfcc_regression/Ses04M_impro05_F041.npy
Ses04M_impro05_F042,Session4,fru,3.5,3.0,2.0,308.67,310.48,mfcc_regression/Ses04M_impro05_F042.npy
Ses04M_impro05_M000,Session4,fru,2.5,2.0,2.0,4.7502,9.71,mfcc_regression/Ses04M_impro05_M000.npy
Ses04M_impro05_M002,Session4,fru,2.5,2.0,2.0,14.65,18.99,mfcc_regression/Ses04M_impro05_M002.npy
Ses04M_impro05_M003,Session4,fru,2.0,3.0,3.0,19.13,24.79,mfcc_regression/Ses04M_impro05_M003.npy
Ses04M_impro05_M004,Session4,fru,2.5,2.5,3.0,24.79,33.83,mfcc_regression/Ses04M_impro05_M004.npy
Ses04M_impro05_M005,Session4,fru,2.5,2.5,3.0,33.85,44.14,mfcc_regression/Ses04M_impro05_M005.npy
Ses04M_impro05_M006,Session4,fru,2.5,2.0,3.0,44.16,56.15,mfcc_regression/Ses04M_impro05_M006.npy
Ses04M_impro05_M007,Session4,fru,2.5,3.0,3.0,56.61,64.66,mfcc_regression/Ses04M_impro05_M007.npy
Ses04M_impro05_M008,Session4,ang,2.5,2.5,3.5,73.41,75.31,mfcc_regression/Ses04M_impro05_M008.npy
Ses04M_impro05_M009,Session4,ang,2.5,2.5,3.0,75.35,77.84,mfcc_regression/Ses04M_impro05_M009.npy
Ses04M_impro05_M010,Session4,ang,3.0,2.5,3.0,78.31,81.46,mfcc_regression/Ses04M_impro05_M010.npy
Ses04M_impro05_M011,Session4,ang,3.0,2.5,3.5,81.46,82.89,mfcc_regression/Ses04M_impro05_M011.npy
Ses04M_impro05_M012,Session4,fru,3.0,3.0,3.5,82.92,91.56,mfcc_regression/Ses04M_impro05_M012.npy
Ses04M_impro05_M013,Session4,fru,3.0,3.0,4.0,92.1431,96.2016,mfcc_regression/Ses04M_impro05_M013.npy
Ses04M_impro05_M014,Session4,ang,3.0,3.0,3.5,98.45,103.84,mfcc_regression/Ses04M_impro05_M014.npy
Ses04M_impro05_M015,Session4,ang,3.0,3.0,4.0,104.72,111.12,mfcc_regression/Ses04M_impro05_M015.npy
Ses04M_impro05_M016,Session4,ang,2.5,2.0,2.0,111.1763,112.7157,mfcc_regression/Ses04M_impro05_M016.npy
Ses04M_impro05_M017,Session4,ang,3.0,3.0,3.5,113.67,122.36,mfcc_regression/Ses04M_impro05_M017.npy
Ses04M_impro05_M018,Session4,ang,3.5,3.5,3.0,122.39,126.68,mfcc_regression/Ses04M_impro05_M018.npy
Ses04M_impro05_M019,Session4,fru,3.5,3.5,3.0,126.68,130.35,mfcc_regression/Ses04M_impro05_M019.npy
Ses04M_impro05_M021,Session4,fru,2.0,3.5,3.5,138.18,144.95,mfcc_regression/Ses04M_impro05_M021.npy
Ses04M_impro05_M022,Session4,ang,3.0,3.5,3.5,147.12,151.5,mfcc_regression/Ses04M_impro05_M022.npy
Ses04M_impro05_M024,Session4,fru,3.0,3.5,4.0,168.21,172.34,mfcc_regression/Ses04M_impro05_M024.npy
Ses04M_impro05_M025,Session4,fru,2.0,3.5,3.5,179.4,187.57,mfcc_regression/Ses04M_impro05_M025.npy
Ses04M_impro05_M026,Session4,ang,3.0,3.5,3.5,187.59,191.52,mfcc_regression/Ses04M_impro05_M026.npy
Ses04M_impro05_M027,Session4,fru,2.5,4.0,3.0,194.67,198.67,mfcc_regression/Ses04M_impro05_M027.npy
Ses04M_impro05_M028,Session4,fru,2.5,3.5,3.5,201.7,211.5484,mfcc_regression/Ses04M_impro05_M028.npy
Ses04M_impro05_M029,Session4,fru,3.0,3.5,4.0,211.5826,221.19,mfcc_regression/Ses04M_impro05_M029.npy
Ses04M_impro05_M030,Session4,fru,3.0,2.5,3.0,223.2483,229.34,mfcc_regression/Ses04M_impro05_M030.npy
Ses04M_impro05_M031,Session4,fru,2.5,3.0,3.0,231.28,235.2,mfcc_regression/Ses04M_impro05_M031.npy
Ses04M_impro05_M032,Session4,fru,3.0,3.0,3.0,239.81,243.32,mfcc_regression/Ses04M_impro05_M032.npy
Ses04M_impro05_M033,Session4,fru,3.5,3.0,3.0,243.32,247.35,mfcc_regression/Ses04M_impro05_M033.npy
Ses04M_impro05_M034,Session4,fru,3.5,3.0,3.0,247.7955,250.98,mfcc_regression/Ses04M_impro05_M034.npy
Ses04M_impro05_M035,Session4,fru,3.0,3.0,3.0,250.98,255.44,mfcc_regression/Ses04M_impro05_M035.npy
Ses04M_impro05_M036,Session4,fru,2.0,4.0,3.5,255.46,265.65,mfcc_regression/Ses04M_impro05_M036.npy
Ses04M_impro05_M037,Session4,fru,3.5,3.0,3.5,265.6897,271.67,mfcc_regression/Ses04M_impro05_M037.npy
Ses04M_impro05_M038,Session4,ang,2.5,3.5,3.5,271.71,273.43,mfcc_regression/Ses04M_impro05_M038.npy
Ses04M_impro05_M039,Session4,ang,2.0,3.5,3.5,278.42,282.15,mfcc_regression/Ses04M_impro05_M039.npy
Ses04M_impro05_M040,Session4,fru,3.0,3.0,3.0,282.15,290.9841,mfcc_regression/Ses04M_impro05_M040.npy
Ses04M_impro05_M041,Session4,fru,3.0,3.0,3.0,294.49,298.92,mfcc_regression/Ses04M_impro05_M041.npy
Ses04M_impro05_M042,Session4,fru,2.5,3.5,3.5,298.95,303.53,mfcc_regression/Ses04M_impro05_M042.npy
Ses04M_impro05_M043,Session4,fru,2.5,3.0,2.5,306.61,309.22,mfcc_regression/Ses04M_impro05_M043.npy
Ses04M_impro05_M044,Session4,ang,3.0,2.5,2.5,309.78,313.22,mfcc_regression/Ses04M_impro05_M044.npy
Ses04M_impro05_M045,Session4,ang,3.0,3.0,3.5,313.51,318.9022,mfcc_regression/Ses04M_impro05_M045.npy
Ses04M_impro01_F000,Session4,neu,3.0,2.5,3.0,14.92,17.16,mfcc_regression/Ses04M_impro01_F000.npy
Ses04M_impro01_F001,Session4,neu,3.0,2.5,3.5,33.07,35.88,mfcc_regression/Ses04M_impro01_F001.npy
Ses04M_impro01_F002,Session4,neu,3.0,2.5,3.0,36.29,41.44,mfcc_regression/Ses04M_impro01_F002.npy
Ses04M_impro01_F003,Session4,fru,2.5,3.5,3.5,44.32,52.27,mfcc_regression/Ses04M_impro01_F003.npy
Ses04M_impro01_F004,Session4,fru,2.5,3.0,4.5,52.34,54.35,mfcc_regression/Ses04M_impro01_F004.npy
Ses04M_impro01_F005,Session4,fru,2.5,4.0,3.5,54.35,59.6392,mfcc_regression/Ses04M_impro01_F005.npy
Ses04M_impro01_F006,Session4,fru,2.5,3.5,4.0,63.93,66.39,mfcc_regression/Ses04M_impro01_F006.npy
Ses04M_impro01_F007,Session4,fru,2.5,3.5,3.0,67.75,69.36,mfcc_regression/Ses04M_impro01_F007.npy
Ses04M_impro01_F008,Session4,fru,2.0,3.5,4.0,71.59,75.95,mfcc_regression/Ses04M_impro01_F008.npy
Ses04M_impro01_F009,Session4,fru,2.0,3.5,3.5,75.97,80.48,mfcc_regression/Ses04M_impro01_F009.npy
Ses04M_impro01_F010,Session4,fru,2.5,3.0,2.5,84.28,87.62,mfcc_regression/Ses04M_impro01_F010.npy
Ses04M_impro01_F011,Session4,fru,3.0,4.0,3.5,87.62,90.48,mfcc_regression/Ses04M_impro01_F011.npy
Ses04M_impro01_F012,Session4,neu,3.5,3.5,4.0,92.61,95.87,mfcc_regression/Ses04M_impro01_F012.npy
Ses04M_impro01_F013,Session4,fru,2.0,4.0,4.5,98.7,104.72,mfcc_regression/Ses04M_impro01_F013.npy
Ses04M_impro01_F014,Session4,fru,2.5,4.0,4.5,105.04,108.78,mfcc_regression/Ses04M_impro01_F014.npy
Ses04M_impro01_F015,Session4,fru,2.0,3.5,4.0,114.66,123.96,mfcc_regression/Ses04M_impro01_F015.npy
Ses04M_impro01_F016,Session4,fru,3.0,2.5,3.0,126.67,128.14,mfcc_regression/Ses04M_impro01_F016.npy
Ses04M_impro01_F017,Session4,fru,2.0,3.0,3.5,130.37,133.02,mfcc_regression/Ses04M_impro01_F017.npy
Ses04M_impro01_F018,Session4,ang,1.5,3.5,4.5,133.02,137.43,mfcc_regression/Ses04M_impro01_F018.npy
Ses04M_impro01_F019,Session4,ang,2.0,3.5,4.0,138.05,142.4822,mfcc_regression/Ses04M_impro01_F019.npy
Ses04M_impro01_F020,Session4,fru,3.0,2.5,3.0,145.06,147.06,mfcc_regression/Ses04M_impro01_F020.npy
Ses04M_impro01_F021,Session4,ang,2.0,3.5,4.0,150.0875,154.09,mfcc_regression/Ses04M_impro01_F021.npy
Ses04M_impro01_M000,Session4,neu,2.5,3.5,3.5,4.04,15.37,mfcc_regression/Ses04M_impro01_M000.npy
Ses04M_impro01_M001,Session4,fru,2.0,3.5,3.0,15.42,23.43,mfcc_regression/Ses04M_impro01_M001.npy
Ses04M_impro01_M002,Session4,fru,2.5,3.0,3.5,23.4594,34.48,mfcc_regression/Ses04M_impro01_M002.npy
Ses04M_impro01_M003,Session4,neu,3.0,3.0,3.0,35.42,36.74,mfcc_regression/Ses04M_impro01_M003.npy
Ses04M_impro01_M004,Session4,fru,2.5,3.5,3.0,40.9365,46.44,mfcc_regression/Ses04M_impro01_M004.npy
Ses04M_impro01_M005,Session4,fru,2.0,3.5,2.5,50.65,52.28,mfcc_regression/Ses04M_impro01_M005.npy
Ses04M_impro01_M006,Session4,fru,2.0,3.5,3.0,52.32,55.2,mfcc_regression/Ses04M_impro01_M006.npy
Ses04M_impro01_M007,Session4,fru,2.5,3.0,3.5,59.3288,64.12,mfcc_regression/Ses04M_impro01_M007.npy
Ses04M_impro01_M008,Session4,fru,2.5,3.5,4.0,64.1403,72.19,mfcc_regression/Ses04M_impro01_M008.npy
Ses04M_impro01_M009,Session4,fru,2.0,3.5,3.5,75.66,78.7,mfcc_regression/Ses04M_impro01_M009.npy
Ses04M_impro01_M010,Session4,fru,1.5,4.0,3.5,78.7,85.98,mfcc_regression/Ses04M_impro01_M010.npy
Ses04M_impro01_M011,Session4,fru,2.5,3.0,4.0,88.64,90.09,mfcc_regression/Ses04M_impro01_M011.npy
Ses04M_impro01_M012,Session4,fru,3.0,3.5,3.5,90.09,93.79,mfcc_regression/Ses04M_impro01_M012.npy
Ses04M_impro01_M013,Session4,fru,1.5,3.0,3.0,95.38,99.6,mfcc_regression/Ses04M_impro01_M013.npy
Ses04M_impro01_M014,Session4,fru,1.5,4.0,4.0,102.02,106.58,mfcc_regression/Ses04M_impro01_M014.npy
Ses04M_impro01_M016,Session4,fru,2.5,4.0,3.5,114.91,117.92,mfcc_regression/Ses04M_impro01_M016.npy
Ses04M_impro01_M017,Session4,fru,1.5,4.5,4.5,117.94,121.99,mfcc_regression/Ses04M_impro01_M017.npy
Ses04M_impro01_M018,Session4,ang,1.5,3.5,4.5,122.0334,123.81,mfcc_regression/Ses04M_impro01_M018.npy
Ses04M_impro01_M019,Session4,fru,1.5,3.5,4.0,123.85,126.72,mfcc_regression/Ses04M_impro01_M019.npy
Ses04M_impro01_M021,Session4,fru,1.0,3.5,4.5,128.0,130.41,mfcc_regression/Ses04M_impro01_M021.npy
Ses04M_impro01_M022,Session4,fru,2.0,3.0,3.0,135.0,138.93,mfcc_regression/Ses04M_impro01_M022.npy
Ses04M_impro01_M023,Session4,fru,2.0,3.5,3.0,142.8703,145.5476,mfcc_regression/Ses04M_impro01_M023.npy
Ses04M_impro01_M024,Session4,ang,1.5,3.5,4.0,146.51,150.53,mfcc_regression/Ses04M_impro01_M024.npy
Ses04F_impro08_F000,Session4,hap,4.0,3.0,2.5,6.45,10.35,mfcc_regression/Ses04F_impro08_F000.npy
Ses04F_impro08_F001,Session4,neu,4.0,2.5,2.5,32.17,38.47,mfcc_regression/Ses04F_impro08_F001.npy
Ses04F_impro08_F002,Session4,neu,3.0,2.5,2.5,51.36,53.74,mfcc_regression/Ses04F_impro08_F002.npy
Ses04F_impro08_F003,Session4,fru,2.5,2.5,2.5,55.13,57.84,mfcc_regression/Ses04F_impro08_F003.npy
Ses04F_impro08_F004,Session4,neu,3.0,2.5,2.5,59.45,65.4122,mfcc_regression/Ses04F_impro08_F004.npy
Ses04F_impro08_F005,Session4,neu,3.5,2.5,2.5,66.9,71.5113,mfcc_regression/Ses04F_impro08_F005.npy
Ses04F_impro08_F006,Session4,neu,3.5,2.5,2.0,77.87,80.82,mfcc_regression/Ses04F_impro08_F006.npy
Ses04F_impro08_F007,Session4,fru,3.5,2.5,2.5,90.81,95.31,mfcc_regression/Ses04F_impro08_F007.npy
Ses04F_impro08_F008,Session4,neu,4.0,2.5,2.5,104.36,118.33,mfcc_regression/Ses04F_impro08_F008.npy
Ses04F_impro08_F009,Session4,neu,4.0,3.0,2.5,124.02,131.52,mfcc_regression/Ses04F_impro08_F009.npy
Ses04F_impro08_F010,Session4,fru,3.0,3.0,3.0,155.23,158.58,mfcc_regression/Ses04F_impro08_F010.npy
Ses04F_impro08_F012,Session4,fru,3.0,2.5,3.5,176.22,179.38,mfcc_regression/Ses04F_impro08_F012.npy
Ses04F_impro08_F013,Session4,fru,3.5,2.5,3.5,179.64,180.95,mfcc_regression/Ses04F_impro08_F013.npy
Ses04F_impro08_F014,Session4,fru,3.5,2.5,3.0,181.89,189.5,mfcc_regression/Ses04F_impro08_F014.npy
Ses04F_impro08_F015,Session4,fru,3.0,3.0,2.5,189.93,191.634,mfcc_regression/Ses04F_impro08_F015.npy
Ses04F_impro08_F017,Session4,fru,3.5,3.0,2.5,197.31,200.99,mfcc_regression/Ses04F_impro08_F017.npy
Ses04F_impro08_F018,Session4,fru,3.0,3.5,3.0,205.4,208.91,mfcc_regression/Ses04F_impro08_F018.npy
Ses04F_impro08_F019,Session4,fru,3.5,2.5,2.5,209.25,212.3346,mfcc_regression/Ses04F_impro08_F019.npy
Ses04F_impro08_F020,Session4,fru,3.5,3.5,3.5,212.38,214.92,mfcc_regression/Ses04F_impro08_F020.npy
Ses04F_impro08_F023,Session4,ang,4.0,3.5,3.0,236.34,238.73,mfcc_regression/Ses04F_impro08_F023.npy
Ses04F_impro08_F024,Session4,fru,4.0,2.5,2.5,242.92,247.39,mfcc_regression/Ses04F_impro08_F024.npy
Ses04F_impro08_F025,Session4,fru,4.0,3.0,3.0,247.63,249.91,mfcc_regression/Ses04F_impro08_F025.npy
Ses04F_impro08_M000,Session4,fru,2.5,2.5,3.0,9.83,19.98,mfcc_regression/Ses04F_impro08_M000.npy
Ses04F_impro08_M001,Session4,neu,2.5,2.0,3.0,20.01,25.66,mfcc_regression/Ses04F_impro08_M001.npy
Ses04F_impro08_M002,Session4,fru,2.5,2.0,3.0,25.66,34.39,mfcc_regression/Ses04F_impro08_M002.npy
Ses04F_impro08_M003,Session4,fru,2.5,2.5,3.5,36.69,45.03,mfcc_regression/Ses04F_impro08_M003.npy
Ses04F_impro08_M005,Session4,fru,2.5,3.0,3.0,53.69,59.65,mfcc_regression/Ses04F_impro08_M005.npy
Ses04F_impro08_M007,Session4,fru,2.5,3.0,3.5,71.6247,77.83,mfcc_regression/Ses04F_impro08_M007.npy
Ses04F_impro08_M008,Session4,fru,2.5,3.0,3.0,77.8429,79.99,mfcc_regression/Ses04F_impro08_M008.npy
Ses04F_impro08_M012,Session4,neu,2.5,2.5,2.5,118.44,124.42,mfcc_regression/Ses04F_impro08_M012.npy
Ses04F_impro08_M013,Session4,ang,2.0,4.0,4.0,129.45,138.09,mfcc_regression/Ses04F_impro08_M013.npy
Ses04F_impro08_M014,Session4,ang,2.0,4.5,4.0,138.12,144.3546,mfcc_regression/Ses04F_impro08_M014.npy
Ses04F_impro08_M015,Session4,ang,2.0,4.5,3.5,144.38,155.93,mfcc_regression/Ses04F_impro08_M015.npy
Ses04F_impro08_M016,Session4,ang,2.0,4.5,4.5,157.06,163.64,mfcc_regression/Ses04F_impro08_M016.npy
Ses04F_impro08_M017,Session4,ang,2.0,3.5,4.5,168.21,172.1,mfcc_regression/Ses04F_impro08_M017.npy
Ses04F_impro08_M018,Session4,ang,2.5,3.5,4.5,172.1,174.98,mfcc_regression/Ses04F_impro08_M018.npy
Ses04F_impro08_M019,Session4,ang,2.5,4.0,4.5,175.0,182.38,mfcc_regression/Ses04F_impro08_M019.npy
Ses04F_impro08_M020,Session4,fru,2.0,2.0,3.5,188.47,189.8882,mfcc_regression/Ses04F_impro08_M020.npy
Ses04F_impro08_M022,Session4,ang,2.0,3.0,4.0,194.34,197.29,mfcc_regression/Ses04F_impro08_M022.npy
Ses04F_impro08_M023,Session4,ang,1.5,4.0,4.5,199.08,205.64,mfcc_regression/Ses04F_impro08_M023.npy
Ses04F_impro08_M024,Session4,ang,2.0,4.0,4.0,205.64,209.57,mfcc_regression/Ses04F_impro08_M024.npy
Ses04F_impro08_M025,Session4,fru,2.0,2.5,3.0,212.3573,215.88,mfcc_regression/Ses04F_impro08_M025.npy
Ses04F_impro08_M026,Session4,fru,2.5,2.0,3.0,215.88,219.74,mfcc_regression/Ses04F_impro08_M026.npy
Ses04F_impro08_M027,Session4,fru,2.0,2.5,3.0,219.7715,226.06,mfcc_regression/Ses04F_impro08_M027.npy
Ses04F_impro08_M028,Session4,fru,2.5,3.0,3.0,226.08,229.71,mfcc_regression/Ses04F_impro08_M028.npy
Ses04F_impro08_M029,Session4,fru,2.0,3.0,3.0,229.86,238.77,mfcc_regression/Ses04F_impro08_M029.npy
Ses04F_impro08_M030,Session4,fru,2.5,3.0,3.0,238.81,243.21,mfcc_regression/Ses04F_impro08_M030.npy
Ses04M_impro02_F002,Session4,fru,2.0,4.0,2.5,23.61,29.8731,mfcc_regression/Ses04M_impro02_F002.npy
Ses04M_impro02_F005,Session4,fru,2.0,3.5,3.5,51.04,57.19,mfcc_regression/Ses04M_impro02_F005.npy
Ses04M_impro02_F007,Session4,fru,1.5,3.5,2.5,83.19,90.82,mfcc_regression/Ses04M_impro02_F007.npy
Ses04M_impro02_F008,Session4,fru,1.5,3.5,2.5,91.71,95.64,mfcc_regression/Ses04M_impro02_F008.npy
Ses04M_impro02_F009,Session4,sad,1.5,3.5,3.5,97.0,103.59,mfcc_regression/Ses04M_impro02_F009.npy
Ses04M_impro02_F010,Session4,fru,2.0,3.5,3.0,103.6062,107.76,mfcc_regression/Ses04M_impro02_F010.npy
Ses04M_impro02_F011,Session4,fru,2.0,4.5,3.5,110.32,120.64,mfcc_regression/Ses04M_impro02_F011.npy
Ses04M_impro02_F012,Session4,fru,2.0,3.5,3.0,125.53,128.7771,mfcc_regression/Ses04M_impro02_F012.npy
Ses04M_impro02_F013,Session4,fru,2.0,4.0,3.0,130.87,138.84,mfcc_regression/Ses04M_impro02_F013.npy
Ses04M_impro02_F016,Session4,fru,1.0,3.5,3.0,167.61,178.2,mfcc_regression/Ses04M_impro02_F016.npy
Ses04M_impro02_F017,Session4,fru,1.5,4.0,2.0,181.52,184.91,mfcc_regression/Ses04M_impro02_F017.npy
Ses04M_impro02_F018,Session4,fru,1.5,3.0,3.5,198.87,208.38,mfcc_regression/Ses04M_impro02_F018.npy
Ses04M_impro02_F019,Session4,fru,2.0,3.5,2.5,209.74,213.66,mfcc_regression/Ses04M_impro02_F019.npy
Ses04M_impro02_F020,Session4,sad,2.0,1.5,1.5,226.15,228.5558,mfcc_regression/Ses04M_impro02_F020.npy
Ses04M_impro02_F021,Session4,ang,1.5,2.5,3.0,231.17,236.12,mfcc_regression/Ses04M_impro02_F021.npy
Ses04M_impro02_F022,Session4,fru,1.5,3.5,3.0,245.85,249.41,mfcc_regression/Ses04M_impro02_F022.npy
Ses04M_impro02_F023,Session4,fru,1.5,2.5,2.5,258.97,262.76,mfcc_regression/Ses04M_impro02_F023.npy
Ses04M_impro02_F025,Session4,fru,2.5,3.0,4.0,281.18,287.01,mfcc_regression/Ses04M_impro02_F025.npy
Ses04M_impro02_F027,Session4,fru,2.0,4.5,3.5,296.41,301.84,mfcc_regression/Ses04M_impro02_F027.npy
Ses04M_impro02_F028,Session4,fru,2.0,3.5,3.5,301.89,304.78,mfcc_regression/Ses04M_impro02_F028.npy
Ses04M_impro02_F029,Session4,fru,2.0,4.0,3.5,308.69,312.31,mfcc_regression/Ses04M_impro02_F029.npy
Ses04M_impro02_M000,Session4,sad,2.5,2.0,1.5,5.36,8.98,mfcc_regression/Ses04M_impro02_M000.npy
Ses04M_impro02_M002,Session4,fru,2.0,3.0,2.0,23.2122,25.12,mfcc_regression/Ses04M_impro02_M002.npy
Ses04M_impro02_M003,Session4,fru,2.0,2.0,2.5,29.2675,34.15,mfcc_regression/Ses04M_impro02_M003.npy
Ses04M_impro02_M004,Session4,fru,2.0,2.5,2.0,38.88,45.5497,mfcc_regression/Ses04M_impro02_M004.npy
Ses04M_impro02_M005,Session4,fru,2.0,2.0,2.5,48.55,52.95,mfcc_regression/Ses04M_impro02_M005.npy
Ses04M_impro02_M006,Session4,fru,2.5,2.5,3.5,56.58,61.55,mfcc_regression/Ses04M_impro02_M006.npy
Ses04M_impro02_M007,Session4,fru,2.0,3.5,3.0,64.35,68.32,mfcc_regression/Ses04M_impro02_M007.npy
Ses04M_impro02_M008,Session4,neu,2.0,2.5,2.5,69.49,73.37,mfcc_regression/Ses04M_impro02_M008.npy
Ses04M_impro02_M009,Session4,fru,2.5,3.0,2.0,74.56,84.45,mfcc_regression/Ses04M_impro02_M009.npy
Ses04M_impro02_M010,Session4,fru,2.5,2.5,2.5,86.54,92.21,mfcc_regression/Ses04M_impro02_M010.npy
Ses04M_impro02_M011,Session4,fru,2.5,3.5,3.5,93.3,97.12,mfcc_regression/Ses04M_impro02_M011.npy
Ses04M_impro02_M012,Session4,fru,2.0,3.0,2.5,103.39,106.47,mfcc_regression/Ses04M_impro02_M012.npy
Ses04M_impro02_M013,Session4,fru,2.5,3.5,3.5,106.47,110.56,mfcc_regression/Ses04M_impro02_M013.npy
Ses04M_impro02_M014,Session4,fru,2.5,2.0,2.5,121.4,127.62,mfcc_regression/Ses04M_impro02_M014.npy
Ses04M_impro02_M015,Session4,fru,2.5,3.5,2.5,128.29,131.3338,mfcc_regression/Ses04M_impro02_M015.npy
Ses04M_impro02_M016,Session4,fru,2.5,3.0,3.0,137.07,142.33,mfcc_regression/Ses04M_impro02_M016.npy
Ses04M_impro02_M017,Session4,fru,2.5,3.5,3.5,145.16,151.52,mfcc_regression/Ses04M_impro02_M017.npy
Ses04M_impro02_M018,Session4,fru,2.0,3.0,3.5,156.71,167.29,mfcc_regression/Ses04M_impro02_M018.npy
Ses04M_impro02_M019,Session4,fru,2.5,2.0,3.0,177.82,181.91,mfcc_regression/Ses04M_impro02_M019.npy
Ses04M_impro02_M020,Session4,fru,2.5,2.0,2.0,185.57,194.44,mfcc_regression/Ses04M_impro02_M020.npy
Ses04M_impro02_M021,Session4,fru,2.5,3.0,2.5,194.56,198.95,mfcc_regression/Ses04M_impro02_M021.npy
Ses04M_impro02_M022,Session4,fru,2.5,3.0,3.0,211.83,215.29,mfcc_regression/Ses04M_impro02_M022.npy
Ses04M_impro02_M023,Session4,fru,2.5,2.5,3.0,217.99,226.61,mfcc_regression/Ses04M_impro02_M023.npy
Ses04M_impro02_M024,Session4,fru,1.5,2.0,1.0,228.0849,230.7089,mfcc_regression/Ses04M_impro02_M024.npy
Ses04M_impro02_M025,Session4,fru,2.0,3.0,2.5,237.69,246.5,mfcc_regression/Ses04M_impro02_M025.npy
Ses04M_impro02_M026,Session4,fru,2.5,3.5,3.0,250.73,262.23,mfcc_regression/Ses04M_impro02_M026.npy
Ses04M_impro02_M027,Session4,fru,2.5,2.5,2.5,263.0041,267.37,mfcc_regression/Ses04M_impro02_M027.npy
Ses04M_impro02_M028,Session4,fru,1.5,2.5,2.5,277.89,281.372,mfcc_regression/Ses04M_impro02_M028.npy
Ses04M_impro02_M029,Session4,fru,2.5,3.0,2.5,286.49,290.04,mfcc_regression/Ses04M_impro02_M029.npy
Ses04M_impro02_M030,Session4,fru,2.5,2.0,2.0,295.95,297.14,mfcc_regression/Ses04M_impro02_M030.npy
Ses04M_impro02_M031,Session4,fru,2.5,2.5,2.5,301.26,302.46,mfcc_regression/Ses04M_impro02_M031.npy
Ses04M_impro02_M032,Session4,fru,2.5,2.5,3.0,304.31,309.3611,mfcc_regression/Ses04M_impro02_M032.npy
Ses04M_impro02_M033,Session4,fru,2.5,2.0,3.0,312.82,317.28,mfcc_regression/Ses04M_impro02_M033.npy
Ses04M_impro02_M034,Session4,fru,2.5,2.5,3.5,322.61,328.01,mfcc_regression/Ses04M_impro02_M034.npy
Ses04M_impro02_M035,Session4,fru,2.5,2.0,2.5,332.63,338.19,mfcc_regression/Ses04M_impro02_M035.npy
Ses04M_impro03_F002,Session4,exc,4.5,3.5,4.5,30.52,34.34,mfcc_regression/Ses04M_impro03_F002.npy
Ses04M_impro03_F003,Session4,exc,4.5,4.0,4.0,49.84,55.0554,mfcc_regression/Ses04M_impro03_F003.npy
Ses04M_impro03_F004,Session4,exc,4.0,3.0,3.5,58.03,59.78,mfcc_regression/Ses04M_impro03_F004.npy
Ses04M_impro03_F005,Session4,exc,4.5,3.5,4.0,65.14,68.56,mfcc_regression/Ses04M_impro03_F005.npy
Ses04M_impro03_F006,Session4,exc,4.0,4.5,4.5,73.62,79.83,mfcc_regression/Ses04M_impro03_F006.npy
Ses04M_impro03_F007,Session4,exc,4.0,3.0,4.0,82.87,84.8,mfcc_regression/Ses04M_impro03_F007.npy
Ses04M_impro03_F008,Session4,exc,4.5,3.5,3.5,99.83,103.34,mfcc_regression/Ses04M_impro03_F008.npy
Ses04M_impro03_F009,Session4,exc,4.0,3.5,3.5,103.89,108.46,mfcc_regression/Ses04M_impro03_F009.npy
Ses04M_impro03_F010,Session4,exc,4.5,4.0,3.5,110.8553,113.25,mfcc_regression/Ses04M_impro03_F010.npy
Ses04M_impro03_F011,Session4,exc,4.0,3.5,3.0,126.36,131.12,mfcc_regression/Ses04M_impro03_F011.npy
Ses04M_impro03_F012,Session4,exc,4.0,3.5,3.5,131.14,133.7004,mfcc_regression/Ses04M_impro03_F012.npy
Ses04M_impro03_F015,Session4,exc,4.0,4.0,3.5,156.51,160.29,mfcc_regression/Ses04M_impro03_F015.npy
Ses04M_impro03_F016,Session4,exc,4.5,4.5,4.5,163.88,166.98,mfcc_regression/Ses04M_impro03_F016.npy
Ses04M_impro03_F017,Session4,exc,4.0,3.5,3.5,175.25,180.18,mfcc_regression/Ses04M_impro03_F017.npy
Ses04M_impro03_F019,Session4,exc,4.0,3.5,4.0,187.57,191.5,mfcc_regression/Ses04M_impro03_F019.npy
Ses04M_impro03_F024,Session4,hap,5.0,3.5,4.0,250.65,254.55,mfcc_regression/Ses04M_impro03_F024.npy
Ses04M_impro03_F025,Session4,exc,4.5,4.0,4.0,255.72,259.41,mfcc_regression/Ses04M_impro03_F025.npy
Ses04M_impro03_M002,Session4,exc,4.5,3.0,4.5,29.03,30.99,mfcc_regression/Ses04M_impro03_M002.npy
Ses04M_impro03_M005,Session4,hap,4.0,3.0,3.0,54.75,58.48,mfcc_regression/Ses04M_impro03_M005.npy
Ses04M_impro03_M006,Session4,hap,4.0,3.0,4.0,59.4344,65.86,mfcc_regression/Ses04M_impro03_M006.npy
Ses04M_impro03_M007,Session4,hap,3.5,3.0,3.0,67.81,74.05,mfcc_regression/Ses04M_impro03_M007.npy
Ses04M_impro03_M008,Session4,hap,4.0,4.0,4.0,74.39,84.13,mfcc_regression/Ses04M_impro03_M008.npy
Ses04M_impro03_M009,Session4,hap,3.5,2.5,3.0,84.31,91.09,mfcc_regression/Ses04M_impro03_M009.npy
Ses04M_impro03_M011,Session4,exc,4.0,3.5,3.0,101.1,104.47,mfcc_regression/Ses04M_impro03_M011.npy
Ses04M_impro03_M015,Session4,exc,4.0,2.5,2.5,129.68,131.06,mfcc_regression/Ses04M_impro03_M015.npy
Ses04M_impro03_M017,Session4,exc,4.0,3.5,3.5,136.99,142.99,mfcc_regression/Ses04M_impro03_M017.npy
Ses04M_impro03_M019,Session4,exc,3.5,4.0,4.0,159.7195,165.42,mfcc_regression/Ses04M_impro03_M019.npy
Ses04M_impro03_M020,Session4,hap,4.5,4.0,4.0,165.62,177.2881,mfcc_regression/Ses04M_impro03_M020.npy
Ses04M_impro03_M021,Session4,hap,4.0,4.0,4.0,177.32,186.4,mfcc_regression/Ses04M_impro03_M021.npy
Ses04M_impro03_M022,Session4,hap,4.0,2.5,2.5,186.95,188.77,mfcc_regression/Ses04M_impro03_M022.npy
Ses04M_impro03_M023,Session4,exc,3.5,4.0,4.0,189.44,200.2371,mfcc_regression/Ses04M_impro03_M023.npy
Ses04M_impro03_M024,Session4,hap,4.5,4.0,5.0,200.2763,217.5,mfcc_regression/Ses04M_impro03_M024.npy
Ses04M_impro03_M025,Session4,hap,4.0,3.5,4.0,217.5292,229.46,mfcc_regression/Ses04M_impro03_M025.npy
Ses04M_impro03_M026,Session4,hap,3.5,3.0,2.5,229.48,230.94,mfcc_regression/Ses04M_impro03_M026.npy
Ses04M_impro03_M028,Session4,hap,4.5,3.5,3.5,239.45,246.69,mfcc_regression/Ses04M_impro03_M028.npy
Ses04M_impro03_M029,Session4,hap,4.5,4.0,4.0,246.72,252.38,mfcc_regression/Ses04M_impro03_M029.npy
Ses04M_impro03_M030,Session4,hap,4.5,3.0,3.5,252.67,259.24,mfcc_regression/Ses04M_impro03_M030.npy
Ses04M_impro03_M031,Session4,neu,4.0,3.0,3.0,259.3139,265.93,mfcc_regression/Ses04M_impro03_M031.npy
Ses05F_script03_2_F000,Session5,neu,2.5,3.0,3.0,10.0461,13.35,mfcc_regression/Ses05F_script03_2_F000.npy
Ses05F_script03_2_F001,Session5,neu,2.0,3.0,3.5,15.6,18.02,mfcc_regression/Ses05F_script03_2_F001.npy
Ses05F_script03_2_F003,Session5,neu,2.5,3.0,3.5,26.41,29.53,mfcc_regression/Ses05F_script03_2_F003.npy
Ses05F_script03_2_F004,Session5,neu,2.5,2.5,3.0,31.95,34.54,mfcc_regression/Ses05F_script03_2_F004.npy
Ses05F_script03_2_F005,Session5,neu,2.5,4.0,3.0,36.61,38.22,mfcc_regression/Ses05F_script03_2_F005.npy
Ses05F_script03_2_F006,Session5,neu,4.0,3.0,4.0,38.78,42.62,mfcc_regression/Ses05F_script03_2_F006.npy
Ses05F_script03_2_F008,Session5,fru,2.0,2.5,3.5,48.98,54.02,mfcc_regression/Ses05F_script03_2_F008.npy
Ses05F_script03_2_F010,Session5,neu,2.0,3.0,3.5,61.23,64.73,mfcc_regression/Ses05F_script03_2_F010.npy
Ses05F_script03_2_F011,Session5,neu,2.0,3.0,3.5,67.34,70.79,mfcc_regression/Ses05F_script03_2_F011.npy
Ses05F_script03_2_F012,Session5,neu,2.5,2.5,3.5,75.78,78.16,mfcc_regression/Ses05F_script03_2_F012.npy
Ses05F_script03_2_F014,Session5,neu,2.5,2.5,3.5,96.47,99.77,mfcc_regression/Ses05F_script03_2_F014.npy
Ses05F_script03_2_F018,Session5,ang,1.5,3.5,4.0,121.25,124.39,mfcc_regression/Ses05F_script03_2_F018.npy
Ses05F_script03_2_F019,Session5,ang,3.0,3.0,3.5,125.21,127.4,mfcc_regression/Ses05F_script03_2_F019.npy
Ses05F_script03_2_F020,Session5,ang,3.0,3.0,3.0,129.28,130.49,mfcc_regression/Ses05F_script03_2_F020.npy
Ses05F_script03_2_F021,Session5,ang,1.0,4.0,4.5,130.59,134.53,mfcc_regression/Ses05F_script03_2_F021.npy
Ses05F_script03_2_F022,Session5,neu,4.0,3.5,3.5,140.46,142.36,mfcc_regression/Ses05F_script03_2_F022.npy
Ses05F_script03_2_F023,Session5,ang,2.5,2.5,3.0,143.88,145.36,mfcc_regression/Ses05F_script03_2_F023.npy
Ses05F_script03_2_F024,Session5,ang,2.0,3.0,4.5,149.63,154.83,mfcc_regression/Ses05F_script03_2_F024.npy
Ses05F_script03_2_F026,Session5,fru,2.0,3.5,4.5,172.43,176.48,mfcc_regression/Ses05F_script03_2_F026.npy
Ses05F_script03_2_F027,Session5,ang,2.5,2.0,3.0,180.52,183.57,mfcc_regression/Ses05F_script03_2_F027.npy
Ses05F_script03_2_F028,Session5,fru,1.5,4.0,3.5,186.38,187.85,mfcc_regression/Ses05F_script03_2_F028.npy
Ses05F_script03_2_F029,Session5,ang,1.5,3.5,4.0,189.12,190.54,mfcc_regression/Ses05F_script03_2_F029.npy
Ses05F_script03_2_F030,Session5,ang,2.5,3.5,3.5,192.4,195.74,mfcc_regression/Ses05F_script03_2_F030.npy
Ses05F_script03_2_F031,Session5,ang,4.0,2.5,3.5,196.8,198.86,mfcc_regression/Ses05F_script03_2_F031.npy
Ses05F_script03_2_F032,Session5,ang,2.0,2.5,4.0,201.55,203.72,mfcc_regression/Ses05F_script03_2_F032.npy
Ses05F_script03_2_F033,Session5,ang,1.5,3.5,4.5,204.79,210.14,mfcc_regression/Ses05F_script03_2_F033.npy
Ses05F_script03_2_F034,Session5,ang,2.0,3.5,4.0,212.22,215.05,mfcc_regression/Ses05F_script03_2_F034.npy
Ses05F_script03_2_F035,Session5,ang,2.0,2.5,4.0,215.08,219.12,mfcc_regression/Ses05F_script03_2_F035.npy
Ses05F_script03_2_F036,Session5,ang,1.5,4.0,4.0,219.39,221.67,mfcc_regression/Ses05F_script03_2_F036.npy
Ses05F_script03_2_F037,Session5,ang,2.0,3.5,4.0,221.71,222.94,mfcc_regression/Ses05F_script03_2_F037.npy
Ses05F_script03_2_F038,Session5,ang,1.0,4.5,5.0,223.01,229.86,mfcc_regression/Ses05F_script03_2_F038.npy
Ses05F_script03_2_F039,Session5,ang,1.0,4.0,5.0,231.36,237.42,mfcc_regression/Ses05F_script03_2_F039.npy
Ses05F_script03_2_F040,Session5,ang,1.0,4.5,5.0,239.84,247.11,mfcc_regression/Ses05F_script03_2_F040.npy
Ses05F_script03_2_F041,Session5,ang,1.5,4.0,5.0,248.55,252.28,mfcc_regression/Ses05F_script03_2_F041.npy
Ses05F_script03_2_M004,Session5,ang,2.0,3.5,3.5,29.09,32.58,mfcc_regression/Ses05F_script03_2_M004.npy
Ses05F_script03_2_M005,Session5,ang,2.0,3.5,3.5,34.08,36.99,mfcc_regression/Ses05F_script03_2_M005.npy
Ses05F_script03_2_M006,Session5,fru,1.5,3.5,4.0,37.95,39.05,mfcc_regression/Ses05F_script03_2_M006.npy
Ses05F_script03_2_M008,Session5,ang,1.5,3.0,4.5,47.06,49.8,mfcc_regression/Ses05F_script03_2_M008.npy
Ses05F_script03_2_M009,Session5,neu,2.5,3.0,3.0,53.59,58.34,mfcc_regression/Ses05F_script03_2_M009.npy
Ses05F_script03_2_M010,Session5,neu,3.0,3.5,3.0,59.08,61.55,mfcc_regression/Ses05F_script03_2_M010.npy
Ses05F_script03_2_M013,Session5,ang,2.0,4.0,4.5,77.66,82.93,mfcc_regression/Ses05F_script03_2_M013.npy
Ses05F_script03_2_M014,Session5,ang,2.0,3.5,4.5,86.69,88.53,mfcc_regression/Ses05F_script03_2_M014.npy
Ses05F_script03_2_M016,Session5,ang,2.5,3.5,3.5,99.41,102.28,mfcc_regression/Ses05F_script03_2_M016.npy
Ses05F_script03_2_M018,Session5,fru,4.0,3.0,3.5,113.96,115.75,mfcc_regression/Ses05F_script03_2_M018.npy
Ses05F_script03_2_M019,Session5,ang,2.0,3.5,4.5,117.36,122.2,mfcc_regression/Ses05F_script03_2_M019.npy
Ses05F_script03_2_M022,Session5,ang,1.5,3.0,5.0,129.97,131.05,mfcc_regression/Ses05F_script03_2_M022.npy
Ses05F_script03_2_M023,Session5,fru,2.5,3.0,3.0,134.0,135.41,mfcc_regression/Ses05F_script03_2_M023.npy
Ses05F_script03_2_M024,Session5,ang,1.5,3.5,4.0,138.13,141.25,mfcc_regression/Ses05F_script03_2_M024.npy
Ses05F_script03_2_M025,Session5,ang,2.0,3.5,4.0,141.87,144.84,mfcc_regression/Ses05F_script03_2_M025.npy
Ses05F_script03_2_M026,Session5,ang,2.0,4.5,4.5,145.11,150.41,mfcc_regression/Ses05F_script03_2_M026.npy
Ses05F_script03_2_M030,Session5,fru,2.0,5.0,4.5,175.16,180.88,mfcc_regression/Ses05F_script03_2_M030.npy
Ses05F_script03_2_M032,Session5,fru,2.0,3.0,4.5,187.37,189.44,mfcc_regression/Ses05F_script03_2_M032.npy
Ses05F_script03_2_M037,Session5,ang,1.5,4.0,4.5,209.61,212.69,mfcc_regression/Ses05F_script03_2_M037.npy
Ses05F_script03_2_M038,Session5,ang,1.5,4.0,4.5,214.34,215.96,mfcc_regression/Ses05F_script03_2_M038.npy
Ses05F_script03_2_M039,Session5,ang,2.0,3.5,4.0,218.14,219.82,mfcc_regression/Ses05F_script03_2_M039.npy
Ses05F_script03_2_M040,Session5,ang,1.5,4.5,4.0,220.99,223.72,mfcc_regression/Ses05F_script03_2_M040.npy
Ses05F_script03_2_M041,Session5,ang,2.5,4.0,4.0,229.16,231.87,mfcc_regression/Ses05F_script03_2_M041.npy
Ses05F_script03_2_M042,Session5,ang,2.0,4.0,4.5,236.11,240.27,mfcc_regression/Ses05F_script03_2_M042.npy
Ses05F_script03_2_M043,Session5,ang,1.0,4.5,5.0,246.55,256.43,mfcc_regression/Ses05F_script03_2_M043.npy
Ses05M_script02_1_F000,Session5,sad,3.0,2.0,2.5,24.6765,25.82,mfcc_regression/Ses05M_script02_1_F000.npy
Ses05M_script02_1_F001,Session5,neu,3.0,3.0,2.5,56.29,58.17,mfcc_regression/Ses05M_script02_1_F001.npy
Ses05M_script02_1_F013,Session5,fru,1.0,4.0,4.5,172.82,179.42,mfcc_regression/Ses05M_script02_1_F013.npy
Ses05M_script02_1_F014,Session5,fru,1.5,4.0,4.5,200.87,207.03,mfcc_regression/Ses05M_script02_1_F014.npy
Ses05M_script02_1_F015,Session5,fru,2.0,4.0,4.0,207.63,209.33,mfcc_regression/Ses05M_script02_1_F015.npy
Ses05M_script02_1_F016,Session5,sad,2.0,2.5,3.0,227.02,228.75,mfcc_regression/Ses05M_script02_1_F016.npy
Ses05M_script02_1_F018,Session5,fru,1.5,4.0,4.5,243.5,253.41,mfcc_regression/Ses05M_script02_1_F018.npy
Ses05M_script02_1_F019,Session5,fru,2.5,2.5,3.5,254.6,257.18,mfcc_regression/Ses05M_script02_1_F019.npy
Ses05M_script02_1_M000,Session5,exc,5.0,4.5,4.0,3.79,24.84,mfcc_regression/Ses05M_script02_1_M000.npy
Ses05M_script02_1_M001,Session5,exc,4.0,4.0,4.0,25.52,40.68,mfcc_regression/Ses05M_script02_1_M001.npy
Ses05M_script02_1_M002,Session5,exc,4.0,4.5,4.5,40.69,56.78,mfcc_regression/Ses05M_script02_1_M002.npy
Ses05M_script02_1_M003,Session5,exc,2.0,4.0,4.5,57.57,61.14,mfcc_regression/Ses05M_script02_1_M003.npy
Ses05M_script02_1_M005,Session5,exc,4.0,4.0,4.0,70.03,77.28,mfcc_regression/Ses05M_script02_1_M005.npy
Ses05M_script02_1_M006,Session5,exc,4.0,4.0,4.0,77.3,89.81,mfcc_regression/Ses05M_script02_1_M006.npy
Ses05M_script02_1_M007,Session5,exc,3.0,4.0,4.5,90.33,105.52,mfcc_regression/Ses05M_script02_1_M007.npy
Ses05M_script02_1_M008,Session5,exc,3.0,4.0,4.0,105.56,116.09,mfcc_regression/Ses05M_script02_1_M008.npy
Ses05M_script02_1_M009,Session5,exc,3.5,4.0,4.5,116.1,122.9,mfcc_regression/Ses05M_script02_1_M009.npy
Ses05M_script02_1_M010,Session5,exc,2.5,4.0,3.5,122.91,124.39,mfcc_regression/Ses05M_script02_1_M010.npy
Ses05M_script02_1_M016,Session5,fru,1.5,3.5,3.5,149.12,150.67,mfcc_regression/Ses05M_script02_1_M016.npy
Ses05M_script02_1_M017,Session5,exc,3.0,4.0,4.5,154.62,164.0679,mfcc_regression/Ses05M_script02_1_M017.npy
Ses05M_script02_1_M018,Session5,exc,2.5,4.0,4.5,164.0779,173.36,mfcc_regression/Ses05M_script02_1_M018.npy
Ses05M_script02_1_M019,Session5,exc,3.0,4.0,4.5,179.16,185.55,mfcc_regression/Ses05M_script02_1_M019.npy
Ses05M_script02_1_M020,Session5,exc,2.0,4.0,4.5,185.56,194.6549,mfcc_regression/Ses05M_script02_1_M020.npy
Ses05M_script02_1_M021,Session5,exc,5.0,4.5,4.5,194.6649,201.63,mfcc_regression/Ses05M_script02_1_M021.npy
Ses05M_script02_1_M022,Session5,fru,2.0,3.5,3.5,206.56,208.27,mfcc_regression/Ses05M_script02_1_M022.npy
Ses05M_script02_1_M023,Session5,exc,3.5,4.0,4.5,208.89,227.04,mfcc_regression/Ses05M_script02_1_M023.npy
Ses05M_script02_1_M024,Session5,fru,2.5,2.5,3.5,228.55,230.18,mfcc_regression/Ses05M_script02_1_M024.npy
Ses05M_script02_1_M025,Session5,fru,2.0,4.5,4.5,230.61,245.07,mfcc_regression/Ses05M_script02_1_M025.npy
Ses05M_script02_1_M028,Session5,exc,3.0,4.0,4.5,270.55,276.68,mfcc_regression/Ses05M_script02_1_M028.npy
Ses05M_script02_1_M029,Session5,exc,4.5,4.0,4.5,276.85,285.1,mfcc_regression/Ses05M_script02_1_M029.npy
Ses05M_script02_1_M030,Session5,exc,4.5,5.0,5.0,285.1312,319.27,mfcc_regression/Ses05M_script02_1_M030.npy
Ses05M_script02_1_M031,Session5,exc,4.0,5.0,4.5,321.54,333.18,mfcc_regression/Ses05M_script02_1_M031.npy
Ses05M_script02_1_M032,Session5,exc,5.0,5.0,5.0,333.19,348.24,mfcc_regression/Ses05M_script02_1_M032.npy
Ses05M_script02_1_M033,Session5,exc,4.0,4.0,4.5,348.4,353.28,mfcc_regression/Ses05M_script02_1_M033.npy
Ses05F_script01_1_F000,Session5,sad,2.5,2.5,2.5,8.0341,13.5,mfcc_regression/Ses05F_script01_1_F000.npy
Ses05F_script01_1_F004,Session5,sad,2.5,2.5,3.0,38.11,39.88,mfcc_regression/Ses05F_script01_1_F004.npy
Ses05F_script01_1_F005,Session5,sad,3.0,2.5,2.5,44.62,46.45,mfcc_regression/Ses05F_script01_1_F005.npy
Ses05F_script01_1_F006,Session5,sad,2.5,2.0,2.5,50.95,53.31,mfcc_regression/Ses05F_script01_1_F006.npy
Ses05F_script01_1_F007,Session5,sad,2.5,2.5,3.0,53.64,58.77,mfcc_regression/Ses05F_script01_1_F007.npy
Ses05F_script01_1_F008,Session5,sad,2.5,2.0,2.5,61.98,64.23,mfcc_regression/Ses05F_script01_1_F008.npy
Ses05F_script01_1_F014,Session5,fru,2.0,4.0,4.0,128.55,138.37,mfcc_regression/Ses05F_script01_1_F014.npy
Ses05F_script01_1_F017,Session5,neu,3.0,2.5,3.0,159.19,162.28,mfcc_regression/Ses05F_script01_1_F017.npy
Ses05F_script01_1_F021,Session5,fru,2.5,4.0,3.5,194.8,198.46,mfcc_regression/Ses05F_script01_1_F021.npy
Ses05F_script01_1_F023,Session5,fru,2.5,3.5,4.0,207.47,217.98,mfcc_regression/Ses05F_script01_1_F023.npy
Ses05F_script01_1_F024,Session5,neu,2.5,2.5,3.5,227.47,230.81,mfcc_regression/Ses05F_script01_1_F024.npy
Ses05F_script01_1_F025,Session5,neu,2.5,4.0,3.0,232.17,235.16,mfcc_regression/Ses05F_script01_1_F025.npy
Ses05F_script01_1_F026,Session5,neu,2.5,3.0,3.0,237.52,243.88,mfcc_regression/Ses05F_script01_1_F026.npy
Ses05F_script01_1_F027,Session5,neu,2.0,3.5,4.0,260.33,263.33,mfcc_regression/Ses05F_script01_1_F027.npy
Ses05F_script01_1_F028,Session5,neu,2.5,2.5,3.0,265.21,268.04,mfcc_regression/Ses05F_script01_1_F028.npy
Ses05F_script01_1_F030,Session5,fru,2.0,2.5,4.0,284.94,294.2,mfcc_regression/Ses05F_script01_1_F030.npy
Ses05F_script01_1_F031,Session5,sad,1.5,2.5,4.0,294.66,304.58,mfcc_regression/Ses05F_script01_1_F031.npy
Ses05F_script01_1_F033,Session5,ang,2.0,3.0,2.5,323.18,324.64,mfcc_regression/Ses05F_script01_1_F033.npy
Ses05F_script01_1_F034,Session5,ang,2.0,3.0,3.5,328.21,330.02,mfcc_regression/Ses05F_script01_1_F034.npy
Ses05F_script01_1_F035,Session5,fru,2.0,3.0,4.0,333.8,339.38,mfcc_regression/Ses05F_script01_1_F035.npy
Ses05F_script01_1_F037,Session5,fru,2.5,4.5,3.5,364.57,368.98,mfcc_regression/Ses05F_script01_1_F037.npy
Ses05F_script01_1_F038,Session5,ang,1.5,4.0,4.5,372.58,381.37,mfcc_regression/Ses05F_script01_1_F038.npy
Ses05F_script01_1_F040,Session5,fru,2.0,2.0,3.0,390.42,393.25,mfcc_regression/Ses05F_script01_1_F040.npy
Ses05F_script01_1_M000,Session5,sad,2.5,2.5,3.0,13.0842,15.27,mfcc_regression/Ses05F_script01_1_M000.npy
Ses05F_script01_1_M001,Session5,sad,2.0,2.5,2.5,18.61,21.02,mfcc_regression/Ses05F_script01_1_M001.npy
Ses05F_script01_1_M002,Session5,sad,2.0,3.0,3.0,22.07,29.15,mfcc_regression/Ses05F_script01_1_M002.npy
Ses05F_script01_1_M003,Session5,sad,2.5,3.0,3.5,31.97,38.22,mfcc_regression/Ses05F_script01_1_M003.npy
Ses05F_script01_1_M004,Session5,sad,2.5,3.0,3.0,39.84,44.06,mfcc_regression/Ses05F_script01_1_M004.npy
Ses05F_script01_1_M005,Session5,sad,2.0,3.0,3.0,46.11,49.33,mfcc_regression/Ses05F_script01_1_M005.npy
Ses05F_script01_1_M006,Session5,sad,2.0,3.0,2.5,58.6,60.66,mfcc_regression/Ses05F_script01_1_M006.npy
Ses05F_script01_1_M007,Session5,sad,2.0,3.5,3.5,63.8,70.23,mfcc_regression/Ses05F_script01_1_M007.npy
Ses05F_script01_1_M008,Session5,sad,1.5,3.0,4.0,71.08,75.91,mfcc_regression/Ses05F_script01_1_M008.npy
Ses05F_script01_1_M009,Session5,sad,2.0,3.0,4.0,77.56,85.46,mfcc_regression/Ses05F_script01_1_M009.npy
Ses05F_script01_1_M010,Session5,fru,2.0,3.5,4.0,87.25,93.7,mfcc_regression/Ses05F_script01_1_M010.npy
Ses05F_script01_1_M011,Session5,fru,1.5,3.5,4.5,94.09,105.27,mfcc_regression/Ses05F_script01_1_M011.npy
Ses05F_script01_1_M012,Session5,fru,2.0,3.5,4.0,106.74,108.94,mfcc_regression/Ses05F_script01_1_M012.npy
Ses05F_script01_1_M013,Session5,ang,1.5,4.0,4.5,122.81,129.61,mfcc_regression/Ses05F_script01_1_M013.npy
Ses05F_script01_1_M014,Session5,fru,2.5,3.5,3.5,138.49,142.21,mfcc_regression/Ses05F_script01_1_M014.npy
Ses05F_script01_1_M015,Session5,fru,2.5,4.0,3.5,148.2,151.92,mfcc_regression/Ses05F_script01_1_M015.npy
Ses05F_script01_1_M016,Session5,sad,3.0,3.0,3.5,153.209,156.55,mfcc_regression/Ses05F_script01_1_M016.npy
Ses05F_script01_1_M017,Session5,fru,2.5,3.5,3.5,157.72,159.51,mfcc_regression/Ses05F_script01_1_M017.npy
Ses05F_script01_1_M018,Session5,neu,3.0,3.0,3.5,162.08,164.57,mfcc_regression/Ses05F_script01_1_M018.npy
Ses05F_script01_1_M019,Session5,fru,2.0,4.0,4.0,168.72,171.3,mfcc_regression/Ses05F_script01_1_M019.npy
Ses05F_script01_1_M020,Session5,fru,2.0,4.0,4.0,174.27,176.69,mfcc_regression/Ses05F_script01_1_M020.npy
Ses05F_script01_1_M024,Session5,fru,1.5,4.0,4.5,218.66,228.42,mfcc_regression/Ses05F_script01_1_M024.npy
Ses05F_script01_1_M025,Session5,ang,1.5,4.5,4.5,229.66,231.77,mfcc_regression/Ses05F_script01_1_M025.npy
Ses05F_script01_1_M028,Session5,fru,1.5,4.0,4.5,262.74,265.79,mfcc_regression/Ses05F_script01_1_M028.npy
Ses05F_script01_1_M029,Session5,fru,2.5,3.5,4.5,267.41,269.07,mfcc_regression/Ses05F_script01_1_M029.npy
Ses05F_script01_1_M030,Session5,fru,2.0,4.0,4.0,274.55,285.95,mfcc_regression/Ses05F_script01_1_M030.npy
Ses05F_script01_1_M031,Session5,fru,3.0,3.0,3.5,304.25,306.52,mfcc_regression/Ses05F_script01_1_M031.npy
Ses05F_script01_1_M032,Session5,fru,2.0,4.0,4.5,309.44,322.85,mfcc_regression/Ses05F_script01_1_M032.npy
Ses05F_script01_1_M033,Session5,fru,2.5,4.0,4.0,324.25,328.75,mfcc_regression/Ses05F_script01_1_M033.npy
Ses05F_script01_1_M035,Session5,ang,1.5,4.0,4.0,338.66,342.56,mfcc_regression/Ses05F_script01_1_M035.npy
Ses05F_script03_1_F005,Session5,exc,4.0,3.5,3.0,31.27,34.13,mfcc_regression/Ses05F_script03_1_F005.npy
Ses05F_script03_1_F006,Session5,exc,3.5,3.5,3.5,35.27,37.28,mfcc_regression/Ses05F_script03_1_F006.npy
Ses05F_script03_1_F007,Session5,exc,4.0,3.0,3.0,37.88,40.65,mfcc_regression/Ses05F_script03_1_F007.npy
Ses05F_script03_1_F010,Session5,neu,2.5,3.5,3.0,58.45,61.56,mfcc_regression/Ses05F_script03_1_F010.npy
Ses05F_script03_1_F011,Session5,neu,3.0,3.5,3.0,63.94,66.07,mfcc_regression/Ses05F_script03_1_F011.npy
Ses05F_script03_1_F013,Session5,neu,3.0,2.5,2.5,77.72,79.21,mfcc_regression/Ses05F_script03_1_F013.npy
Ses05F_script03_1_F015,Session5,neu,3.0,3.5,2.5,98.85,103.96,mfcc_regression/Ses05F_script03_1_F015.npy
Ses05F_script03_1_F019,Session5,neu,3.0,3.0,3.0,120.83,124.29,mfcc_regression/Ses05F_script03_1_F019.npy
Ses05F_script03_1_F025,Session5,exc,4.0,3.5,3.5,188.41,194.52,mfcc_regression/Ses05F_script03_1_F025.npy
Ses05F_script03_1_F030,Session5,exc,4.5,3.5,3.5,220.71,227.12,mfcc_regression/Ses05F_script03_1_F030.npy
Ses05F_script03_1_F031,Session5,hap,4.5,4.0,3.5,227.94,232.65,mfcc_regression/Ses05F_script03_1_F031.npy
Ses05F_script03_1_F033,Session5,neu,3.0,2.5,2.5,241.67,243.4048,mfcc_regression/Ses05F_script03_1_F033.npy
Ses05F_script03_1_M000,Session5,exc,3.0,3.5,3.5,4.33,6.67,mfcc_regression/Ses05F_script03_1_M000.npy
Ses05F_script03_1_M001,Session5,exc,4.0,3.5,3.5,8.25,10.34,mfcc_regression/Ses05F_script03_1_M001.npy
Ses05F_script03_1_M005,Session5,exc,3.0,4.0,3.5,24.18,31.88,mfcc_regression/Ses05F_script03_1_M005.npy
Ses05F_script03_1_M006,Session5,fea,3.5,4.0,3.0,33.11,36.06,mfcc_regression/Ses05F_script03_1_M006.npy
Ses05F_script03_1_M007,Session5,exc,4.0,3.5,3.0,36.45,38.54,mfcc_regression/Ses05F_script03_1_M007.npy
Ses05F_script03_1_M011,Session5,exc,3.0,4.5,4.5,65.45,73.67,mfcc_regression/Ses05F_script03_1_M011.npy
Ses05F_script03_1_M013,Session5,exc,4.0,4.0,4.0,78.73,93.54,mfcc_regression/Ses05F_script03_1_M013.npy
Ses05F_script03_1_M014,Session5,exc,3.5,3.5,3.0,95.55,99.38,mfcc_regression/Ses05F_script03_1_M014.npy
Ses05F_script03_1_M015,Session5,exc,3.0,3.0,3.0,109.23,110.75,mfcc_regression/Ses05F_script03_1_M015.npy
Ses05F_script03_1_M016,Session5,exc,3.0,3.5,3.5,113.34,117.41,mfcc_regression/Ses05F_script03_1_M016.npy
Ses05F_script03_1_M017,Session5,exc,3.5,3.5,3.0,118.58,121.07,mfcc_regression/Ses05F_script03_1_M017.npy
Ses05F_script03_1_M018,Session5,exc,3.5,3.5,3.5,123.74,125.92,mfcc_regression/Ses05F_script03_1_M018.npy
Ses05F_script03_1_M019,Session5,exc,3.5,4.5,3.5,127.43,133.54,mfcc_regression/Ses05F_script03_1_M019.npy
Ses05F_script03_1_M020,Session5,exc,3.5,4.0,4.0,135.75,145.34,mfcc_regression/Ses05F_script03_1_M020.npy
Ses05F_script03_1_M021,Session5,exc,4.5,4.0,4.0,145.35,154.33,mfcc_regression/Ses05F_script03_1_M021.npy
Ses05F_script03_1_M022,Session5,exc,4.0,3.5,4.5,154.34,161.04,mfcc_regression/Ses05F_script03_1_M022.npy
Ses05F_script03_1_M024,Session5,exc,4.0,4.0,3.5,179.08,183.24,mfcc_regression/Ses05F_script03_1_M024.npy
Ses05F_script03_1_M025,Session5,exc,3.0,3.5,3.0,184.34,189.23,mfcc_regression/Ses05F_script03_1_M025.npy
Ses05F_script03_1_M026,Session5,exc,2.5,3.5,4.0,193.75,196.37,mfcc_regression/Ses05F_script03_1_M026.npy
Ses05F_script03_1_M027,Session5,exc,4.5,3.5,3.0,200.14,202.1,mfcc_regression/Ses05F_script03_1_M027.npy
Ses05F_script03_1_M028,Session5,exc,2.5,3.5,4.0,204.58,211.55,mfcc_regression/Ses05F_script03_1_M028.npy
Ses05F_script03_1_M029,Session5,exc,4.5,3.5,3.0,212.82,216.95,mfcc_regression/Ses05F_script03_1_M029.npy
Ses05F_script03_1_M030,Session5,neu,3.5,3.0,3.0,218.47,220.62,mfcc_regression/Ses05F_script03_1_M030.npy
Ses05F_script03_1_M031,Session5,exc,4.5,4.0,4.0,226.49,229.45,mfcc_regression/Ses05F_script03_1_M031.npy
Ses05F_script03_1_M032,Session5,exc,4.0,4.0,3.0,230.61,233.32,mfcc_regression/Ses05F_script03_1_M032.npy
Ses05F_script03_1_M033,Session5,exc,2.5,4.0,3.5,234.04,242.05,mfcc_regression/Ses05F_script03_1_M033.npy
Ses05F_script01_3_F000,Session5,hap,3.5,2.0,2.5,5.4211,8.7432,mfcc_regression/Ses05F_script01_3_F000.npy
Ses05F_script01_3_F001,Session5,hap,4.0,2.5,2.5,11.858,13.6306,mfcc_regression/Ses05F_script01_3_F001.npy
Ses05F_script01_3_F002,Session5,hap,3.5,2.5,2.5,15.3432,20.1605,mfcc_regression/Ses05F_script01_3_F002.npy
Ses05F_script01_3_F003,Session5,hap,4.0,2.0,3.0,21.9032,26.8707,mfcc_regression/Ses05F_script01_3_F003.npy
Ses05F_script01_3_F006,Session5,sad,3.0,2.0,2.5,41.1223,44.5,mfcc_regression/Ses05F_script01_3_F006.npy
Ses05F_script01_3_F008,Session5,neu,3.5,2.5,3.0,62.5848,66.9114,mfcc_regression/Ses05F_script01_3_F008.npy
Ses05F_script01_3_F009,Session5,hap,4.5,3.5,3.5,80.2716,84.1875,mfcc_regression/Ses05F_script01_3_F009.npy
Ses05F_script01_3_F015,Session5,hap,4.0,4.0,3.5,174.8649,182.3262,mfcc_regression/Ses05F_script01_3_F015.npy
Ses05F_script01_3_F016,Session5,hap,3.5,2.0,3.0,187.2937,189.6,mfcc_regression/Ses05F_script01_3_F016.npy
Ses05F_script01_3_F017,Session5,hap,2.5,3.0,3.0,191.1696,199.0315,mfcc_regression/Ses05F_script01_3_F017.npy
Ses05F_script01_3_F020,Session5,sad,2.5,2.0,3.0,228.5963,231.1802,mfcc_regression/Ses05F_script01_3_F020.npy
Ses05F_script01_3_F021,Session5,neu,3.0,2.5,3.0,241.576,243.2685,mfcc_regression/Ses05F_script01_3_F021.npy
Ses05F_script01_3_F022,Session5,sad,2.5,2.5,2.5,247.4448,249.2376,mfcc_regression/Ses05F_script01_3_F022.npy
Ses05F_script01_3_F023,Session5,sad,2.0,2.0,2.5,251.9617,253.9647,mfcc_regression/Ses05F_script01_3_F023.npy
Ses05F_script01_3_F024,Session5,neu,3.0,2.5,2.5,404.1923,406.66,mfcc_regression/Ses05F_script01_3_F024.npy
Ses05F_script01_3_F025,Session5,sad,2.5,3.5,4.5,410.4317,427.7079,mfcc_regression/Ses05F_script01_3_F025.npy
Ses05F_script01_3_F026,Session5,hap,4.5,3.5,3.0,431.1832,434.1377,mfcc_regression/Ses05F_script01_3_F026.npy
Ses05F_script01_3_M000,Session5,hap,4.0,3.5,3.0,8.3326,12.4188,mfcc_regression/Ses05F_script01_3_M000.npy
Ses05F_script01_3_M002,Session5,sur,3.0,2.5,2.0,27.1111,28.6434,mfcc_regression/Ses05F_script01_3_M002.npy
Ses05F_script01_3_M004,Session5,neu,3.0,2.5,3.0,39.0692,40.63,mfcc_regression/Ses05F_script01_3_M004.npy
Ses05F_script01_3_M005,Session5,hap,3.5,4.0,2.5,44.9982,55.0133,mfcc_regression/Ses05F_script01_3_M005.npy
Ses05F_script01_3_M006,Session5,neu,3.0,3.0,2.5,60.041,62.42,mfcc_regression/Ses05F_script01_3_M006.npy
Ses05F_script01_3_M008,Session5,hap,5.0,4.0,4.5,85.54,94.31,mfcc_regression/Ses05F_script01_3_M008.npy
Ses05F_script01_3_M009,Session5,exc,4.5,4.5,4.5,94.3104,109.8564,mfcc_regression/Ses05F_script01_3_M009.npy
Ses05F_script01_3_M010,Session5,exc,2.0,4.5,4.5,110.0,122.3654,mfcc_regression/Ses05F_script01_3_M010.npy
Ses05F_script01_3_M016,Session5,exc,5.0,4.5,4.5,157.779,166.9028,mfcc_regression/Ses05F_script01_3_M016.npy
Ses05F_script01_3_M017,Session5,exc,4.5,4.5,4.0,181.565,186.793,mfcc_regression/Ses05F_script01_3_M017.npy
Ses05F_script01_3_M021,Session5,sad,2.0,2.5,3.5,215.9071,222.6172,mfcc_regression/Ses05F_script01_3_M021.npy
Ses05F_script01_3_M023,Session5,sad,2.0,3.0,2.0,232.5647,236.2579,mfcc_regression/Ses05F_script01_3_M023.npy
Ses05F_script01_3_M024,Session5,sad,3.0,3.5,3.0,238.1007,242.0467,mfcc_regression/Ses05F_script01_3_M024.npy
Ses05F_script01_3_M025,Session5,sad,2.5,2.5,3.5,244.7207,247.1344,mfcc_regression/Ses05F_script01_3_M025.npy
Ses05F_script01_3_M026,Session5,sad,2.0,2.5,3.0,249.9286,252.0118,mfcc_regression/Ses05F_script01_3_M026.npy
Ses05F_script01_3_M027,Session5,sad,2.5,3.0,3.5,255.6227,262.738,mfcc_regression/Ses05F_script01_3_M027.npy
Ses05F_script01_3_M028,Session5,sad,3.0,4.0,4.0,264.1301,276.4087,mfcc_regression/Ses05F_script01_3_M028.npy
Ses05F_script01_3_M029,Session5,sad,3.5,4.0,4.0,276.8093,291.71,mfcc_regression/Ses05F_script01_3_M029.npy
Ses05F_script01_3_M030,Session5,sad,2.5,4.0,4.5,291.7219,296.8998,mfcc_regression/Ses05F_script01_3_M030.npy
Ses05F_script01_3_M031,Session5,sad,2.5,3.5,4.0,298.402,308.0466,mfcc_regression/Ses05F_script01_3_M031.npy
Ses05F_script01_3_M032,Session5,sad,3.0,3.5,4.5,308.277,319.1635,mfcc_regression/Ses05F_script01_3_M032.npy
Ses05F_script01_3_M033,Session5,sad,3.0,4.5,4.5,319.6242,333.7856,mfcc_regression/Ses05F_script01_3_M033.npy
Ses05F_script01_3_M034,Session5,sad,2.5,3.5,4.0,337.0306,347.24,mfcc_regression/Ses05F_script01_3_M034.npy
Ses05F_script01_3_M035,Session5,sad,2.0,3.5,4.0,349.3378,361.057,mfcc_regression/Ses05F_script01_3_M035.npy
Ses05F_script01_3_M036,Session5,sad,1.5,3.5,4.5,363.4706,376.47,mfcc_regression/Ses05F_script01_3_M036.npy
Ses05F_script01_3_M037,Session5,sad,1.5,4.5,4.5,377.39,393.2457,mfcc_regression/Ses05F_script01_3_M037.npy
Ses05F_script01_3_M039,Session5,exc,3.0,4.0,3.5,407.96,410.7823,mfcc_regression/Ses05F_script01_3_M039.npy
Ses05F_script01_3_M040,Session5,hap,4.0,4.5,4.5,426.7965,431.8242,mfcc_regression/Ses05F_script01_3_M040.npy
Ses05M_script02_2_F000,Session5,neu,3.0,2.0,2.0,7.82,9.43,mfcc_regression/Ses05M_script02_2_F000.npy
Ses05M_script02_2_F001,Session5,neu,2.6667,2.0,2.0,11.2,12.66,mfcc_regression/Ses05M_script02_2_F001.npy
Ses05M_script02_2_F004,Session5,fru,2.0,3.6667,2.6667,38.0,41.54,mfcc_regression/Ses05M_script02_2_F004.npy
Ses05M_script02_2_F005,Session5,ang,1.6667,4.3333,3.6667,50.06,57.12,mfcc_regression/Ses05M_script02_2_F005.npy
Ses05M_script02_2_F006,Session5,fru,2.0,3.6667,2.6667,57.81,62.07,mfcc_regression/Ses05M_script02_2_F006.npy
Ses05M_script02_2_F008,Session5,fru,2.3333,2.6667,2.6667,77.39,80.15,mfcc_regression/Ses05M_script02_2_F008.npy
Ses05M_script02_2_F009,Session5,ang,2.3333,3.3333,3.0,82.38,84.86,mfcc_regression/Ses05M_script02_2_F009.npy
Ses05M_script02_2_F010,Session5,ang,1.6667,4.0,4.0,85.51,102.0,mfcc_regression/Ses05M_script02_2_F010.npy
Ses05M_script02_2_F011,Session5,fru,2.3333,3.0,3.0,104.9,107.06,mfcc_regression/Ses05M_script02_2_F011.npy
Ses05M_script02_2_F012,Session5,sad,2.0,2.6667,2.3333,110.14,118.09,mfcc_regression/Ses05M_script02_2_F012.npy
Ses05M_script02_2_F013,Session5,sad,2.3333,2.3333,2.6667,150.43,182.34,mfcc_regression/Ses05M_script02_2_F013.npy
Ses05M_script02_2_F014,Session5,sad,2.0,2.3333,2.3333,183.24,193.33,mfcc_regression/Ses05M_script02_2_F014.npy
Ses05M_script02_2_F015,Session5,sad,2.0,1.6667,1.6667,201.29,207.03,mfcc_regression/Ses05M_script02_2_F015.npy
Ses05M_script02_2_F016,Session5,sad,2.0,2.0,2.0,216.61,222.9,mfcc_regression/Ses05M_script02_2_F016.npy
Ses05M_script02_2_F017,Session5,sad,2.3333,1.3333,1.6667,230.0,231.32,mfcc_regression/Ses05M_script02_2_F017.npy
Ses05M_script02_2_F018,Session5,sad,2.3333,2.3333,1.6667,233.49,234.98,mfcc_regression/Ses05M_script02_2_F018.npy
Ses05M_script02_2_F019,Session5,sad,2.0,2.0,1.6667,235.42,236.54,mfcc_regression/Ses05M_script02_2_F019.npy
Ses05M_script02_2_F022,Session5,sad,2.3333,2.0,2.0,247.84,248.74,mfcc_regression/Ses05M_script02_2_F022.npy
Ses05M_script02_2_F023,Session5,sad,1.6667,2.6667,2.3333,253.07,257.37,mfcc_regression/Ses05M_script02_2_F023.npy
Ses05M_script02_2_F026,Session5,sad,2.0,2.3333,2.0,313.83,318.2969,mfcc_regression/Ses05M_script02_2_F026.npy
Ses05M_script02_2_F027,Session5,sad,2.0,2.6667,2.0,322.11,332.19,mfcc_regression/Ses05M_script02_2_F027.npy
Ses05M_script02_2_F028,Session5,sad,2.3333,2.3333,2.0,333.65,345.96,mfcc_regression/Ses05M_script02_2_F028.npy
Ses05M_script02_2_F029,Session5,sad,2.3333,1.6667,2.0,346.93,351.62,mfcc_regression/Ses05M_script02_2_F029.npy
Ses05M_script02_2_F030,Session5,sad,2.0,2.0,2.0,356.84,358.42,mfcc_regression/Ses05M_script02_2_F030.npy
Ses05M_script02_2_F031,Session5,sad,1.6667,2.0,2.0,362.33,368.72,mfcc_regression/Ses05M_script02_2_F031.npy
Ses05M_script02_2_F032,Session5,sad,2.0,2.0,2.3333,370.29,381.75,mfcc_regression/Ses05M_script02_2_F032.npy
Ses05M_script02_2_F034,Session5,hap,4.0,2.3333,2.0,402.0482,411.26,mfcc_regression/Ses05M_script02_2_F034.npy
Ses05M_script02_2_F037,Session5,hap,3.6667,2.6667,2.3333,428.3,441.78,mfcc_regression/Ses05M_script02_2_F037.npy
Ses05M_script02_2_F038,Session5,hap,3.6667,2.6667,2.3333,448.68,450.69,mfcc_regression/Ses05M_script02_2_F038.npy
Ses05M_script02_2_M000,Session5,exc,4.0,3.0,2.6667,4.15,8.32,mfcc_regression/Ses05M_script02_2_M000.npy
Ses05M_script02_2_M001,Session5,exc,3.3333,3.6667,2.3333,9.29,11.52,mfcc_regression/Ses05M_script02_2_M001.npy
Ses05M_script02_2_M002,Session5,fru,2.6667,3.6667,3.0,12.63,17.92,mfcc_regression/Ses05M_script02_2_M002.npy
Ses05M_script02_2_M005,Session5,neu,3.0,3.0,2.0,41.6,50.71,mfcc_regression/Ses05M_script02_2_M005.npy
Ses05M_script02_2_M006,Session5,fru,2.3333,3.3333,2.6667,56.09,58.19,mfcc_regression/Ses05M_script02_2_M006.npy
Ses05M_script02_2_M007,Session5,fru,2.6667,4.0,3.3333,61.56,71.64,mfcc_regression/Ses05M_script02_2_M007.npy
Ses05M_script02_2_M009,Session5,fru,2.0,3.0,3.0,79.77,82.92,mfcc_regression/Ses05M_script02_2_M009.npy
Ses05M_script02_2_M011,Session5,fru,1.6667,3.3333,3.3333,101.73,105.63,mfcc_regression/Ses05M_script02_2_M011.npy
Ses05M_script02_2_M012,Session5,fru,2.0,3.6667,3.0,106.52,109.0,mfcc_regression/Ses05M_script02_2_M012.npy
Ses05M_script02_2_M013,Session5,fru,2.6667,3.0,2.3333,121.24,130.29,mfcc_regression/Ses05M_script02_2_M013.npy
Ses05M_script02_2_M014,Session5,fru,3.0,3.3333,2.3333,130.3158,152.06,mfcc_regression/Ses05M_script02_2_M014.npy
Ses05M_script02_2_M016,Session5,neu,3.3333,4.0,3.0,206.45,217.62,mfcc_regression/Ses05M_script02_2_M016.npy
Ses05M_script02_2_M020,Session5,fru,3.3333,3.3333,2.3333,236.44,239.77,mfcc_regression/Ses05M_script02_2_M020.npy
Ses05M_script02_2_M021,Session5,fru,2.3333,3.0,3.0,240.7,246.81,mfcc_regression/Ses05M_script02_2_M021.npy
Ses05M_script02_2_M022,Session5,fru,2.6667,3.3333,3.0,246.95,248.12,mfcc_regression/Ses05M_script02_2_M022.npy
Ses05M_script02_2_M023,Session5,fru,1.6667,4.0,3.6667,248.86,254.58,mfcc_regression/Ses05M_script02_2_M023.npy
Ses05M_script02_2_M024,Session5,ang,2.0,4.3333,3.3333,256.42,270.41,mfcc_regression/Ses05M_script02_2_M024.npy
Ses05M_script02_2_M025,Session5,ang,2.0,4.3333,3.3333,270.427,297.2,mfcc_regression/Ses05M_script02_2_M025.npy
Ses05M_script02_2_M026,Session5,ang,1.6667,3.6667,4.3333,297.26,302.69,mfcc_regression/Ses05M_script02_2_M026.npy
Ses05M_script02_2_M028,Session5,fru,2.6667,3.0,2.6667,312.03,313.702,mfcc_regression/Ses05M_script02_2_M028.npy
Ses05M_script02_2_M029,Session5,sad,2.6667,2.0,2.0,318.34,321.99,mfcc_regression/Ses05M_script02_2_M029.npy
Ses05M_script02_2_M030,Session5,sad,2.3333,2.0,2.0,331.74,334.04,mfcc_regression/Ses05M_script02_2_M030.npy
Ses05M_script02_2_M031,Session5,sad,2.3333,2.0,2.0,353.36,356.99,mfcc_regression/Ses05M_script02_2_M031.npy
Ses05M_script02_2_M032,Session5,sad,2.0,2.6667,2.0,358.09,362.35,mfcc_regression/Ses05M_script02_2_M032.npy
Ses05M_script02_2_M033,Session5,sur,3.3333,2.6667,1.6667,368.52,370.19,mfcc_regression/Ses05M_script02_2_M033.npy
Ses05M_script02_2_M034,Session5,hap,3.3333,2.6667,2.3333,381.7787,389.38,mfcc_regression/Ses05M_script02_2_M034.npy
Ses05M_script02_2_M035,Session5,hap,4.0,3.0,2.3333,394.76,400.7742,mfcc_regression/Ses05M_script02_2_M035.npy
Ses05M_script02_2_M036,Session5,hap,4.3333,3.0,2.6667,412.35,416.02,mfcc_regression/Ses05M_script02_2_M036.npy
Ses05M_script02_2_M037,Session5,hap,4.0,3.3333,2.3333,417.87,420.08,mfcc_regression/Ses05M_script02_2_M037.npy
Ses05M_script02_2_M040,Session5,hap,4.0,2.3333,2.0,450.9519,453.2597,mfcc_regression/Ses05M_script02_2_M040.npy
Ses05F_script01_2_F001,Session5,neu,2.5,2.5,3.0,9.37,13.33,mfcc_regression/Ses05F_script01_2_F001.npy
Ses05F_script01_2_F005,Session5,fru,2.0,3.0,4.0,38.47,40.68,mfcc_regression/Ses05F_script01_2_F005.npy
Ses05F_script01_2_F006,Session5,ang,2.0,3.5,3.5,47.92,50.45,mfcc_regression/Ses05F_script01_2_F006.npy
Ses05F_script01_2_F007,Session5,fru,1.5,3.5,3.5,52.19,61.82,mfcc_regression/Ses05F_script01_2_F007.npy
Ses05F_script01_2_F008,Session5,fru,2.5,3.0,4.5,63.46,71.26,mfcc_regression/Ses05F_script01_2_F008.npy
Ses05F_script01_2_F009,Session5,fru,2.0,3.5,4.0,78.73,86.92,mfcc_regression/Ses05F_script01_2_F009.npy
Ses05F_script01_2_F010,Session5,ang,1.5,4.0,4.5,87.99,91.18,mfcc_regression/Ses05F_script01_2_F010.npy
Ses05F_script01_2_F011,Session5,ang,1.5,3.5,4.0,97.17,100.48,mfcc_regression/Ses05F_script01_2_F011.npy
Ses05F_script01_2_F012,Session5,ang,1.5,4.5,5.0,100.87,109.07,mfcc_regression/Ses05F_script01_2_F012.npy
Ses05F_script01_2_F014,Session5,ang,2.0,3.5,4.0,122.27,127.91,mfcc_regression/Ses05F_script01_2_F014.npy
Ses05F_script01_2_F016,Session5,sad,2.5,3.5,3.5,140.55,142.89,mfcc_regression/Ses05F_script01_2_F016.npy
Ses05F_script01_2_F017,Session5,ang,1.5,3.5,3.5,145.66,147.32,mfcc_regression/Ses05F_script01_2_F017.npy
Ses05F_script01_2_M000,Session5,neu,3.0,2.5,2.5,7.19,9.32,mfcc_regression/Ses05F_script01_2_M000.npy
Ses05F_script01_2_M001,Session5,neu,3.0,3.5,3.0,12.83,17.9,mfcc_regression/Ses05F_script01_2_M001.npy
Ses05F_script01_2_M002,Session5,neu,2.5,3.0,3.5,19.47,29.24,mfcc_regression/Ses05F_script01_2_M002.npy
Ses05F_script01_2_M003,Session5,fru,3.0,3.5,3.0,31.76,34.42,mfcc_regression/Ses05F_script01_2_M003.npy
Ses05F_script01_2_M004,Session5,fru,2.5,3.5,3.0,35.45,38.31,mfcc_regression/Ses05F_script01_2_M004.npy
Ses05F_script01_2_M005,Session5,fru,2.0,3.5,3.0,40.44,43.96,mfcc_regression/Ses05F_script01_2_M005.npy
Ses05F_script01_2_M007,Session5,fru,2.0,3.5,3.0,61.23,64.01,mfcc_regression/Ses05F_script01_2_M007.npy
Ses05F_script01_2_M008,Session5,fru,2.0,4.0,3.0,70.54,75.43,mfcc_regression/Ses05F_script01_2_M008.npy
Ses05F_script01_2_M009,Session5,fru,1.5,3.5,4.5,86.16,88.9,mfcc_regression/Ses05F_script01_2_M009.npy
Ses05F_script01_2_M010,Session5,fru,2.0,2.5,2.5,94.57,96.29,mfcc_regression/Ses05F_script01_2_M010.npy
Ses05F_script01_2_M011,Session5,fru,4.0,3.0,2.5,100.15,101.38,mfcc_regression/Ses05F_script01_2_M011.npy
Ses05F_script01_2_M012,Session5,fru,2.5,3.0,3.0,109.58,111.5,mfcc_regression/Ses05F_script01_2_M012.npy
Ses05F_script01_2_M013,Session5,fru,2.5,3.5,3.0,113.9,115.64,mfcc_regression/Ses05F_script01_2_M013.npy
Ses05F_script01_2_M014,Session5,fru,2.5,3.5,4.0,127.16,131.42,mfcc_regression/Ses05F_script01_2_M014.npy
Ses05F_script01_2_M016,Session5,ang,1.5,4.0,4.5,142.38,146.35,mfcc_regression/Ses05F_script01_2_M016.npy
Ses05F_script01_2_M017,Session5,ang,1.5,4.0,5.0,146.99,151.85,mfcc_regression/Ses05F_script01_2_M017.npy
Ses05M_script03_2_F001,Session5,neu,2.0,3.0,3.5,13.13,15.52,mfcc_regression/Ses05M_script03_2_F001.npy
Ses05M_script03_2_F002,Session5,neu,2.5,3.0,3.0,17.79,21.43,mfcc_regression/Ses05M_script03_2_F002.npy
Ses05M_script03_2_F003,Session5,fru,2.5,2.5,3.5,24.9496,30.46,mfcc_regression/Ses05M_script03_2_F003.npy
Ses05M_script03_2_F004,Session5,neu,3.5,3.0,3.0,32.12,35.55,mfcc_regression/Ses05M_script03_2_F004.npy
Ses05M_script03_2_F005,Session5,neu,2.0,2.5,3.0,37.12,38.58,mfcc_regression/Ses05M_script03_2_F005.npy
Ses05M_script03_2_F006,Session5,neu,2.0,3.5,4.0,39.23,42.49,mfcc_regression/Ses05M_script03_2_F006.npy
Ses05M_script03_2_F008,Session5,fru,2.0,2.5,3.0,48.63,51.5,mfcc_regression/Ses05M_script03_2_F008.npy
Ses05M_script03_2_F009,Session5,neu,3.0,2.0,2.5,55.64,57.28,mfcc_regression/Ses05M_script03_2_F009.npy
Ses05M_script03_2_F012,Session5,neu,2.5,2.0,3.0,77.0,79.59,mfcc_regression/Ses05M_script03_2_F012.npy
Ses05M_script03_2_F013,Session5,fru,1.5,2.5,3.5,82.26,84.46,mfcc_regression/Ses05M_script03_2_F013.npy
Ses05M_script03_2_F015,Session5,neu,2.5,3.0,3.0,92.19,94.99,mfcc_regression/Ses05M_script03_2_F015.npy
Ses05M_script03_2_F017,Session5,ang,2.0,3.0,3.5,103.32,104.74,mfcc_regression/Ses05M_script03_2_F017.npy
Ses05M_script03_2_F018,Session5,ang,1.5,3.0,4.0,104.87,107.72,mfcc_regression/Ses05M_script03_2_F018.npy
Ses05M_script03_2_F021,Session5,fru,2.0,3.5,4.0,121.84,123.0985,mfcc_regression/Ses05M_script03_2_F021.npy
Ses05M_script03_2_F023,Session5,neu,3.5,3.0,3.5,135.4,137.26,mfcc_regression/Ses05M_script03_2_F023.npy
Ses05M_script03_2_F025,Session5,fru,2.0,4.0,4.0,147.63,151.36,mfcc_regression/Ses05M_script03_2_F025.npy
Ses05M_script03_2_F026,Session5,neu,2.5,3.0,3.0,153.02,154.86,mfcc_regression/Ses05M_script03_2_F026.npy
Ses05M_script03_2_F028,Session5,ang,2.5,2.5,3.5,169.44,172.32,mfcc_regression/Ses05M_script03_2_F028.npy
Ses05M_script03_2_F029,Session5,fru,2.5,2.5,3.5,177.12,180.35,mfcc_regression/Ses05M_script03_2_F029.npy
Ses05M_script03_2_F034,Session5,ang,2.0,3.5,4.0,205.13,209.41,mfcc_regression/Ses05M_script03_2_F034.npy
Ses05M_script03_2_F035,Session5,ang,1.5,3.5,3.5,212.44,215.45,mfcc_regression/Ses05M_script03_2_F035.npy
Ses05M_script03_2_F036,Session5,ang,1.5,4.5,4.0,215.72,219.06,mfcc_regression/Ses05M_script03_2_F036.npy
Ses05M_script03_2_F037,Session5,ang,2.0,3.5,4.5,222.63,227.95,mfcc_regression/Ses05M_script03_2_F037.npy
Ses05M_script03_2_F038,Session5,ang,1.5,4.5,4.5,230.28,236.87,mfcc_regression/Ses05M_script03_2_F038.npy
Ses05M_script03_2_F039,Session5,ang,1.5,4.5,4.5,243.04,246.36,mfcc_regression/Ses05M_script03_2_F039.npy
Ses05M_script03_2_F040,Session5,ang,1.0,4.5,5.0,246.37,248.75,mfcc_regression/Ses05M_script03_2_F040.npy
Ses05M_script03_2_F041,Session5,ang,1.5,4.5,5.0,248.76,257.3,mfcc_regression/Ses05M_script03_2_F041.npy
Ses05M_script03_2_F042,Session5,ang,2.0,4.5,4.5,259.45,260.41,mfcc_regression/Ses05M_script03_2_F042.npy
Ses05M_script03_2_F043,Session5,ang,1.5,4.5,5.0,260.42,261.43,mfcc_regression/Ses05M_script03_2_F043.npy
Ses05M_script03_2_F044,Session5,ang,1.0,4.5,5.0,261.91,263.07,mfcc_regression/Ses05M_script03_2_F044.npy
Ses05M_script03_2_M004,Session5,fru,2.5,3.5,3.5,29.78,32.97,mfcc_regression/Ses05M_script03_2_M004.npy
Ses05M_script03_2_M005,Session5,fru,2.0,4.0,4.0,34.85,37.62,mfcc_regression/Ses05M_script03_2_M005.npy
Ses05M_script03_2_M008,Session5,ang,1.5,4.0,4.5,46.35,49.2,mfcc_regression/Ses05M_script03_2_M008.npy
Ses05M_script03_2_M009,Session5,ang,2.0,3.5,4.0,50.7,52.95,mfcc_regression/Ses05M_script03_2_M009.npy
Ses05M_script03_2_M010,Session5,neu,3.0,2.5,2.0,54.15,56.04,mfcc_regression/Ses05M_script03_2_M010.npy
Ses05M_script03_2_M011,Session5,neu,3.0,3.5,3.0,57.25,59.13,mfcc_regression/Ses05M_script03_2_M011.npy
Ses05M_script03_2_M015,Session5,ang,1.5,3.0,3.5,84.06,86.06,mfcc_regression/Ses05M_script03_2_M015.npy
Ses05M_script03_2_M016,Session5,fru,2.5,3.0,3.0,87.09,92.73,mfcc_regression/Ses05M_script03_2_M016.npy
Ses05M_script03_2_M017,Session5,fru,4.0,3.0,3.0,94.55,98.96,mfcc_regression/Ses05M_script03_2_M017.npy
Ses05M_script03_2_M020,Session5,ang,2.5,3.0,3.5,107.94,113.29,mfcc_regression/Ses05M_script03_2_M020.npy
Ses05M_script03_2_M022,Session5,fru,1.5,3.5,4.0,118.83,122.33,mfcc_regression/Ses05M_script03_2_M022.npy
Ses05M_script03_2_M023,Session5,ang,1.5,4.0,4.5,122.34,123.59,mfcc_regression/Ses05M_script03_2_M023.npy
Ses05M_script03_2_M024,Session5,neu,2.5,3.0,4.0,129.44,136.1,mfcc_regression/Ses05M_script03_2_M024.npy
Ses05M_script03_2_M025,Session5,ang,3.5,3.0,3.5,136.88,141.2,mfcc_regression/Ses05M_script03_2_M025.npy
Ses05M_script03_2_M026,Session5,ang,1.5,4.0,4.5,141.92,149.35,mfcc_regression/Ses05M_script03_2_M026.npy
Ses05M_script03_2_M027,Session5,ang,2.0,3.5,4.5,150.77,153.76,mfcc_regression/Ses05M_script03_2_M027.npy
Ses05M_script03_2_M028,Session5,ang,1.5,4.0,5.0,154.39,162.33,mfcc_regression/Ses05M_script03_2_M028.npy
Ses05M_script03_2_M029,Session5,ang,2.0,4.5,4.5,165.26,169.81,mfcc_regression/Ses05M_script03_2_M029.npy
Ses05M_script03_2_M030,Session5,ang,2.0,5.0,4.5,172.05,177.65,mfcc_regression/Ses05M_script03_2_M030.npy
Ses05M_script03_2_M031,Session5,ang,1.5,4.0,4.5,179.6,183.24,mfcc_regression/Ses05M_script03_2_M031.npy
Ses05M_script03_2_M032,Session5,ang,2.0,3.5,3.5,186.89,188.99,mfcc_regression/Ses05M_script03_2_M032.npy
Ses05M_script03_2_M033,Session5,ang,2.5,3.5,3.5,190.33,193.96,mfcc_regression/Ses05M_script03_2_M033.npy
Ses05M_script03_2_M034,Session5,ang,2.5,3.5,3.5,196.17,198.66,mfcc_regression/Ses05M_script03_2_M034.npy
Ses05M_script03_2_M035,Session5,ang,2.0,3.5,4.0,198.86,201.72,mfcc_regression/Ses05M_script03_2_M035.npy
Ses05M_script03_2_M036,Session5,ang,2.5,3.5,3.5,203.07,205.23,mfcc_regression/Ses05M_script03_2_M036.npy
Ses05M_script03_2_M037,Session5,ang,1.0,4.0,4.5,210.86,213.36,mfcc_regression/Ses05M_script03_2_M037.npy
Ses05M_script03_2_M038,Session5,ang,1.5,4.0,4.5,214.79,216.23,mfcc_regression/Ses05M_script03_2_M038.npy
Ses05M_script03_2_M039,Session5,ang,2.0,3.0,4.0,218.83,221.37,mfcc_regression/Ses05M_script03_2_M039.npy
Ses05M_script03_2_M040,Session5,ang,4.0,4.0,3.5,227.48,230.85,mfcc_regression/Ses05M_script03_2_M040.npy
Ses05M_script03_2_M041,Session5,ang,1.0,4.5,5.0,236.57,244.83,mfcc_regression/Ses05M_script03_2_M041.npy
Ses05M_script03_2_M042,Session5,ang,1.0,4.5,4.5,244.84,246.58,mfcc_regression/Ses05M_script03_2_M042.npy
Ses05M_script03_2_M043,Session5,ang,1.5,4.0,4.5,246.59,248.83,mfcc_regression/Ses05M_script03_2_M043.npy
Ses05M_script03_2_M044,Session5,ang,1.0,5.0,5.0,255.86,260.33,mfcc_regression/Ses05M_script03_2_M044.npy
Ses05M_script03_2_M045,Session5,ang,1.0,5.0,5.0,260.34,266.35,mfcc_regression/Ses05M_script03_2_M045.npy
Ses05M_script01_1b_F000,Session5,sad,2.5,2.5,2.5,3.1063,8.86,mfcc_regression/Ses05M_script01_1b_F000.npy
Ses05M_script01_1b_F001,Session5,sur,2.0,3.0,3.0,10.6,13.77,mfcc_regression/Ses05M_script01_1b_F001.npy
Ses05M_script01_1b_F012,Session5,fru,1.5,3.5,4.0,126.62,133.88,mfcc_regression/Ses05M_script01_1b_F012.npy
Ses05M_script01_1b_F016,Session5,fru,2.5,3.0,3.5,156.37,159.76,mfcc_regression/Ses05M_script01_1b_F016.npy
Ses05M_script01_1b_F018,Session5,fru,2.0,3.0,3.5,178.79,182.6,mfcc_regression/Ses05M_script01_1b_F018.npy
Ses05M_script01_1b_F022,Session5,neu,2.5,2.5,3.5,212.32,214.48,mfcc_regression/Ses05M_script01_1b_F022.npy
Ses05M_script01_1b_F023,Session5,neu,2.5,2.5,3.5,217.35,221.85,mfcc_regression/Ses05M_script01_1b_F023.npy
Ses05M_script01_1b_F024,Session5,neu,2.0,2.5,3.0,235.49,239.07,mfcc_regression/Ses05M_script01_1b_F024.npy
Ses05M_script01_1b_F026,Session5,neu,3.0,2.5,4.0,246.78,253.85,mfcc_regression/Ses05M_script01_1b_F026.npy
Ses05M_script01_1b_F027,Session5,fru,1.5,3.0,4.0,268.17,278.65,mfcc_regression/Ses05M_script01_1b_F027.npy
Ses05M_script01_1b_F028,Session5,sad,1.5,2.5,3.5,279.14,286.71,mfcc_regression/Ses05M_script01_1b_F028.npy
Ses05M_script01_1b_F030,Session5,sur,2.0,3.0,2.5,309.54,311.63,mfcc_regression/Ses05M_script01_1b_F030.npy
Ses05M_script01_1b_F031,Session5,ang,1.5,3.0,4.0,315.77,317.67,mfcc_regression/Ses05M_script01_1b_F031.npy
Ses05M_script01_1b_F033,Session5,ang,2.0,4.0,4.0,326.04,328.56,mfcc_regression/Ses05M_script01_1b_F033.npy
Ses05M_script01_1b_F034,Session5,ang,3.0,3.0,3.5,347.68,350.22,mfcc_regression/Ses05M_script01_1b_F034.npy
Ses05M_script01_1b_F035,Session5,fru,2.0,3.5,4.5,353.8,360.98,mfcc_regression/Ses05M_script01_1b_F035.npy
Ses05M_script01_1b_F037,Session5,fru,2.0,2.0,2.0,370.87,373.01,mfcc_regression/Ses05M_script01_1b_F037.npy
Ses05M_script01_1b_M001,Session5,sad,2.5,2.5,2.5,13.31,15.67,mfcc_regression/Ses05M_script01_1b_M001.npy
Ses05M_script01_1b_M002,Session5,sad,2.5,2.5,3.5,16.83,24.83,mfcc_regression/Ses05M_script01_1b_M002.npy
Ses05M_script01_1b_M003,Session5,sad,2.0,3.0,3.5,29.69,36.19,mfcc_regression/Ses05M_script01_1b_M003.npy
Ses05M_script01_1b_M004,Session5,sad,2.0,3.0,3.0,38.23,44.06,mfcc_regression/Ses05M_script01_1b_M004.npy
Ses05M_script01_1b_M005,Session5,sad,2.5,3.0,4.0,51.94,62.97,mfcc_regression/Ses05M_script01_1b_M005.npy
Ses05M_script01_1b_M008,Session5,fru,2.0,3.0,4.0,80.93,87.57,mfcc_regression/Ses05M_script01_1b_M008.npy
Ses05M_script01_1b_M009,Session5,fru,2.0,4.0,4.5,87.59,98.93,mfcc_regression/Ses05M_script01_1b_M009.npy
Ses05M_script01_1b_M010,Session5,fru,1.0,4.0,5.0,99.94,106.15,mfcc_regression/Ses05M_script01_1b_M010.npy
Ses05M_script01_1b_M012,Session5,fru,2.0,4.0,4.5,133.41,137.1991,mfcc_regression/Ses05M_script01_1b_M012.npy
Ses05M_script01_1b_M016,Session5,fru,2.5,3.5,3.5,154.68,157.21,mfcc_regression/Ses05M_script01_1b_M016.npy
Ses05M_script01_1b_M017,Session5,fru,2.0,4.0,4.5,159.16,161.64,mfcc_regression/Ses05M_script01_1b_M017.npy
Ses05M_script01_1b_M019,Session5,ang,1.5,4.0,4.5,170.5,179.77,mfcc_regression/Ses05M_script01_1b_M019.npy
Ses05M_script01_1b_M020,Session5,ang,1.0,4.5,5.0,181.46,184.05,mfcc_regression/Ses05M_script01_1b_M020.npy
Ses05M_script01_1b_M021,Session5,fru,1.5,4.0,4.5,199.09,208.52,mfcc_regression/Ses05M_script01_1b_M021.npy
Ses05M_script01_1b_M022,Session5,ang,1.0,4.5,4.5,210.25,212.44,mfcc_regression/Ses05M_script01_1b_M022.npy
Ses05M_script01_1b_M025,Session5,fru,1.5,4.0,4.5,229.22,235.62,mfcc_regression/Ses05M_script01_1b_M025.npy
Ses05M_script01_1b_M026,Session5,fru,1.5,3.5,4.0,238.52,241.85,mfcc_regression/Ses05M_script01_1b_M026.npy
Ses05M_script01_1b_M027,Session5,fru,2.0,3.5,4.0,244.75,246.88,mfcc_regression/Ses05M_script01_1b_M027.npy
Ses05M_script01_1b_M028,Session5,fru,2.0,3.5,3.5,253.55,258.09,mfcc_regression/Ses05M_script01_1b_M028.npy
Ses05M_script01_1b_M029,Session5,fru,2.0,4.0,4.5,258.31,268.98,mfcc_regression/Ses05M_script01_1b_M029.npy
Ses05M_script01_1b_M030,Session5,fru,3.0,2.5,3.0,288.46,290.82,mfcc_regression/Ses05M_script01_1b_M030.npy
Ses05M_script01_1b_M031,Session5,ang,1.5,3.5,4.5,293.14,304.36,mfcc_regression/Ses05M_script01_1b_M031.npy
Ses05M_script01_1b_M032,Session5,ang,2.0,3.0,4.0,304.71,309.58,mfcc_regression/Ses05M_script01_1b_M032.npy
Ses05M_script01_1b_M033,Session5,ang,2.0,4.5,4.0,311.04,316.86,mfcc_regression/Ses05M_script01_1b_M033.npy
Ses05M_script01_1b_M035,Session5,ang,1.5,3.5,4.5,323.43,326.71,mfcc_regression/Ses05M_script01_1b_M035.npy
Ses05M_script01_1b_M036,Session5,ang,1.0,4.5,5.0,327.03,337.65,mfcc_regression/Ses05M_script01_1b_M036.npy
Ses05M_script01_1b_M039,Session5,fru,2.0,3.5,4.5,360.78,366.12,mfcc_regression/Ses05M_script01_1b_M039.npy
Ses05M_script01_1b_M040,Session5,ang,2.0,3.0,4.5,367.03,369.6377,mfcc_regression/Ses05M_script01_1b_M040.npy
Ses05M_script01_1b_M041,Session5,ang,2.5,4.0,4.0,372.59,377.37,mfcc_regression/Ses05M_script01_1b_M041.npy
Ses05F_impro03_F000,Session5,exc,4.0,3.0,3.5,2.8098,4.5479,mfcc_regression/Ses05F_impro03_F000.npy
Ses05F_impro03_F001,Session5,exc,4.5,3.0,3.5,7.96,9.84,mfcc_regression/Ses05F_impro03_F001.npy
Ses05F_impro03_F002,Session5,exc,4.5,3.0,4.0,10.2,11.33,mfcc_regression/Ses05F_impro03_F002.npy
Ses05F_impro03_F003,Session5,exc,4.5,3.5,4.0,11.58,12.7187,mfcc_regression/Ses05F_impro03_F003.npy
Ses05F_impro03_F004,Session5,exc,4.5,3.5,4.0,13.48,14.66,mfcc_regression/Ses05F_impro03_F004.npy
Ses05F_impro03_F005,Session5,exc,4.5,3.5,4.0,16.25,18.16,mfcc_regression/Ses05F_impro03_F005.npy
Ses05F_impro03_F007,Session5,exc,4.5,3.0,4.0,24.05,25.76,mfcc_regression/Ses05F_impro03_F007.npy
Ses05F_impro03_F008,Session5,exc,4.5,4.0,3.5,26.06,30.77,mfcc_regression/Ses05F_impro03_F008.npy
Ses05F_impro03_F009,Session5,exc,4.5,4.0,4.0,30.94,32.47,mfcc_regression/Ses05F_impro03_F009.npy
Ses05F_impro03_F011,Session5,exc,4.5,4.5,4.0,40.12,41.87,mfcc_regression/Ses05F_impro03_F011.npy
Ses05F_impro03_F020,Session5,exc,4.5,3.5,4.5,89.88,93.05,mfcc_regression/Ses05F_impro03_F020.npy
Ses05F_impro03_F027,Session5,hap,4.5,3.0,4.0,110.89,117.44,mfcc_regression/Ses05F_impro03_F027.npy
Ses05F_impro03_F028,Session5,hap,4.5,4.5,3.5,120.49,121.75,mfcc_regression/Ses05F_impro03_F028.npy
Ses05F_impro03_F029,Session5,hap,4.0,3.5,4.0,123.75,129.86,mfcc_regression/Ses05F_impro03_F029.npy
Ses05F_impro03_F030,Session5,hap,4.0,3.5,4.0,129.89,132.45,mfcc_regression/Ses05F_impro03_F030.npy
Ses05F_impro03_F031,Session5,hap,4.0,2.0,3.0,132.61,133.91,mfcc_regression/Ses05F_impro03_F031.npy
Ses05F_impro03_F032,Session5,hap,4.0,3.0,3.0,136.47,137.56,mfcc_regression/Ses05F_impro03_F032.npy
Ses05F_impro03_F033,Session5,hap,4.0,3.0,4.0,138.44,140.43,mfcc_regression/Ses05F_impro03_F033.npy
Ses05F_impro03_F034,Session5,hap,4.0,3.5,3.5,147.11,150.05,mfcc_regression/Ses05F_impro03_F034.npy
Ses05F_impro03_F035,Session5,hap,4.5,3.0,3.0,158.06,159.28,mfcc_regression/Ses05F_impro03_F035.npy
Ses05F_impro03_F036,Session5,hap,5.0,4.5,4.5,165.32,167.36,mfcc_regression/Ses05F_impro03_F036.npy
Ses05F_impro03_F037,Session5,exc,4.5,3.5,4.5,167.67,170.06,mfcc_regression/Ses05F_impro03_F037.npy
Ses05F_impro03_F039,Session5,hap,4.5,4.0,4.0,187.31,189.64,mfcc_regression/Ses05F_impro03_F039.npy
Ses05F_impro03_F040,Session5,hap,4.0,3.5,3.0,193.19,194.84,mfcc_regression/Ses05F_impro03_F040.npy
Ses05F_impro03_F041,Session5,hap,4.5,4.5,4.0,198.17,199.73,mfcc_regression/Ses05F_impro03_F041.npy
Ses05F_impro03_F042,Session5,exc,4.5,3.0,3.5,205.54,207.37,mfcc_regression/Ses05F_impro03_F042.npy
Ses05F_impro03_F043,Session5,exc,4.5,3.0,3.5,207.46,209.76,mfcc_regression/Ses05F_impro03_F043.npy
Ses05F_impro03_F046,Session5,hap,4.0,3.5,3.5,217.48,220.85,mfcc_regression/Ses05F_impro03_F046.npy
Ses05F_impro03_F047,Session5,hap,4.0,3.0,3.0,220.88,223.81,mfcc_regression/Ses05F_impro03_F047.npy
Ses05F_impro03_F048,Session5,hap,3.5,2.5,3.0,225.08,227.16,mfcc_regression/Ses05F_impro03_F048.npy
Ses05F_impro03_F049,Session5,hap,4.0,2.5,3.0,227.17,228.5596,mfcc_regression/Ses05F_impro03_F049.npy
Ses05F_impro03_F051,Session5,hap,4.0,3.0,4.0,232.95,237.31,mfcc_regression/Ses05F_impro03_F051.npy
Ses05F_impro03_F053,Session5,hap,4.0,2.5,3.0,242.15,243.94,mfcc_regression/Ses05F_impro03_F053.npy
Ses05F_impro03_F054,Session5,hap,4.0,2.0,2.5,244.68,245.78,mfcc_regression/Ses05F_impro03_F054.npy
Ses05F_impro03_F055,Session5,hap,5.0,4.5,4.0,248.29,252.8,mfcc_regression/Ses05F_impro03_F055.npy
Ses05F_impro03_F056,Session5,hap,4.0,2.5,3.0,253.4051,255.53,mfcc_regression/Ses05F_impro03_F056.npy
Ses05F_impro03_F057,Session5,hap,4.0,3.5,3.5,256.79,260.88,mfcc_regression/Ses05F_impro03_F057.npy
Ses05F_impro03_F058,Session5,hap,4.0,3.0,3.0,263.05,264.44,mfcc_regression/Ses05F_impro03_F058.npy
Ses05F_impro03_F059,Session5,hap,3.5,3.0,3.5,265.66,267.68,mfcc_regression/Ses05F_impro03_F059.npy
Ses05F_impro03_F060,Session5,hap,4.5,4.0,4.0,267.82,269.78,mfcc_regression/Ses05F_impro03_F060.npy
Ses05F_impro03_M000,Session5,exc,4.0,3.0,3.0,4.23,5.43,mfcc_regression/Ses05F_impro03_M000.npy
Ses05F_impro03_M001,Session5,exc,4.0,3.5,3.5,5.62,9.38,mfcc_regression/Ses05F_impro03_M001.npy
Ses05F_impro03_M002,Session5,sur,3.0,4.0,4.5,9.61,10.97,mfcc_regression/Ses05F_impro03_M002.npy
Ses05F_impro03_M003,Session5,exc,3.5,3.5,4.5,11.01,12.62,mfcc_regression/Ses05F_impro03_M003.npy
Ses05F_impro03_M005,Session5,exc,4.5,4.5,4.5,14.43,17.61,mfcc_regression/Ses05F_impro03_M005.npy
Ses05F_impro03_M006,Session5,exc,4.5,4.0,4.0,17.85,19.88,mfcc_regression/Ses05F_impro03_M006.npy
Ses05F_impro03_M007,Session5,exc,3.5,4.0,4.5,19.99,24.68,mfcc_regression/Ses05F_impro03_M007.npy
Ses05F_impro03_M008,Session5,exc,4.0,3.5,4.0,25.35,27.2,mfcc_regression/Ses05F_impro03_M008.npy
Ses05F_impro03_M009,Session5,exc,4.0,3.0,3.5,27.33,29.29,mfcc_regression/Ses05F_impro03_M009.npy
Ses05F_impro03_M010,Session5,exc,3.5,3.0,4.0,29.83,35.52,mfcc_regression/Ses05F_impro03_M010.npy
Ses05F_impro03_M011,Session5,exc,3.0,4.0,4.5,36.27,41.5691,mfcc_regression/Ses05F_impro03_M011.npy
Ses05F_impro03_M012,Session5,exc,4.5,4.0,4.5,41.6005,45.98,mfcc_regression/Ses05F_impro03_M012.npy
Ses05F_impro03_M013,Session5,exc,4.0,4.5,4.5,51.96,56.14,mfcc_regression/Ses05F_impro03_M013.npy
Ses05F_impro03_M020,Session5,exc,3.5,3.5,4.0,88.84,90.38,mfcc_regression/Ses05F_impro03_M020.npy
Ses05F_impro03_M027,Session5,exc,4.0,4.0,4.5,107.51,111.57,mfcc_regression/Ses05F_impro03_M027.npy
Ses05F_impro03_M030,Session5,hap,4.0,3.5,4.0,129.12,131.42,mfcc_regression/Ses05F_impro03_M030.npy
Ses05F_impro03_M031,Session5,exc,3.5,3.0,3.5,131.65,133.34,mfcc_regression/Ses05F_impro03_M031.npy
Ses05F_impro03_M032,Session5,exc,3.5,3.5,3.5,133.36,136.95,mfcc_regression/Ses05F_impro03_M032.npy
Ses05F_impro03_M033,Session5,exc,4.0,3.5,3.5,137.17,138.96,mfcc_regression/Ses05F_impro03_M033.npy
Ses05F_impro03_M035,Session5,exc,3.5,3.5,3.0,149.37,151.62,mfcc_regression/Ses05F_impro03_M035.npy
Ses05F_impro03_M036,Session5,exc,4.0,3.0,4.5,151.64,158.39,mfcc_regression/Ses05F_impro03_M036.npy
Ses05F_impro03_M037,Session5,exc,4.0,3.5,4.5,158.46,166.2,mfcc_regression/Ses05F_impro03_M037.npy
Ses05F_impro03_M038,Session5,hap,4.5,4.0,3.5,166.32,168.22,mfcc_regression/Ses05F_impro03_M038.npy
Ses05F_impro03_M039,Session5,exc,4.0,4.0,4.0,169.52,180.66,mfcc_regression/Ses05F_impro03_M039.npy
Ses05F_impro03_M040,Session5,hap,4.0,3.0,3.5,183.93,185.28,mfcc_regression/Ses05F_impro03_M040.npy
Ses05F_impro03_M041,Session5,hap,5.0,3.5,4.0,185.3,187.63,mfcc_regression/Ses05F_impro03_M041.npy
Ses05F_impro03_M043,Session5,exc,4.5,4.5,4.0,194.5,198.69,mfcc_regression/Ses05F_impro03_M043.npy
Ses05F_impro03_M044,Session5,exc,4.5,4.0,4.0,199.12,201.76,mfcc_regression/Ses05F_impro03_M044.npy
Ses05F_impro03_M045,Session5,exc,4.0,3.0,4.0,201.78,206.71,mfcc_regression/Ses05F_impro03_M045.npy
Ses05F_impro03_M046,Session5,exc,3.5,2.5,3.5,207.05,208.66,mfcc_regression/Ses05F_impro03_M046.npy
Ses05F_impro03_M049,Session5,hap,4.0,2.5,3.0,213.96,217.89,mfcc_regression/Ses05F_impro03_M049.npy
Ses05F_impro03_M050,Session5,exc,3.5,3.5,3.5,220.29,222.75,mfcc_regression/Ses05F_impro03_M050.npy
Ses05F_impro03_M051,Session5,exc,3.5,3.0,3.5,222.94,225.53,mfcc_regression/Ses05F_impro03_M051.npy
Ses05F_impro03_M057,Session5,hap,4.5,3.0,4.0,240.87,242.11,mfcc_regression/Ses05F_impro03_M057.npy
Ses05F_impro03_M058,Session5,hap,4.0,3.0,3.0,242.19,243.46,mfcc_regression/Ses05F_impro03_M058.npy
Ses05F_impro03_M060,Session5,hap,4.5,3.5,3.5,249.6,251.2,mfcc_regression/Ses05F_impro03_M060.npy
Ses05F_impro03_M061,Session5,hap,3.5,2.5,3.5,252.48,254.56,mfcc_regression/Ses05F_impro03_M061.npy
Ses05F_impro03_M062,Session5,hap,3.5,2.5,3.0,254.64,256.25,mfcc_regression/Ses05F_impro03_M062.npy
Ses05F_impro03_M063,Session5,hap,4.0,3.5,3.5,256.36,258.13,mfcc_regression/Ses05F_impro03_M063.npy
Ses05F_impro03_M064,Session5,hap,4.0,3.0,3.0,258.36,260.12,mfcc_regression/Ses05F_impro03_M064.npy
Ses05F_impro03_M065,Session5,hap,4.5,4.5,4.5,260.15,263.98,mfcc_regression/Ses05F_impro03_M065.npy
Ses05F_impro03_M066,Session5,hap,4.0,3.5,3.5,264.0,265.55,mfcc_regression/Ses05F_impro03_M066.npy
Ses05F_impro03_M067,Session5,hap,4.0,3.0,3.5,267.07,269.23,mfcc_regression/Ses05F_impro03_M067.npy
Ses05F_impro03_M068,Session5,hap,4.0,3.5,4.0,269.27,271.59,mfcc_regression/Ses05F_impro03_M068.npy
Ses05F_script02_1_F000,Session5,neu,2.0,1.5,2.0,22.96,24.8051,mfcc_regression/Ses05F_script02_1_F000.npy
Ses05F_script02_1_F001,Session5,neu,2.0,2.0,2.0,45.21,47.13,mfcc_regression/Ses05F_script02_1_F001.npy
Ses05F_script02_1_F002,Session5,fru,2.0,2.5,3.0,48.27,50.79,mfcc_regression/Ses05F_script02_1_F002.npy
Ses05F_script02_1_F004,Session5,fru,2.0,2.0,2.0,55.6864,61.24,mfcc_regression/Ses05F_script02_1_F004.npy
Ses05F_script02_1_F005,Session5,neu,2.0,1.0,2.5,77.88,79.03,mfcc_regression/Ses05F_script02_1_F005.npy
Ses05F_script02_1_F007,Session5,neu,2.0,2.5,2.5,111.23,113.74,mfcc_regression/Ses05F_script02_1_F007.npy
Ses05F_script02_1_F008,Session5,fru,2.0,2.0,2.5,119.41,121.93,mfcc_regression/Ses05F_script02_1_F008.npy
Ses05F_script02_1_F010,Session5,fru,2.5,2.5,2.5,124.5259,125.7887,mfcc_regression/Ses05F_script02_1_F010.npy
Ses05F_script02_1_F011,Session5,neu,2.0,1.5,2.0,133.6759,135.9634,mfcc_regression/Ses05F_script02_1_F011.npy
Ses05F_script02_1_F012,Session5,neu,2.0,1.5,2.0,137.57,139.6329,mfcc_regression/Ses05F_script02_1_F012.npy
Ses05F_script02_1_F013,Session5,fru,2.0,3.5,3.0,156.72,163.8899,mfcc_regression/Ses05F_script02_1_F013.npy
Ses05F_script02_1_F014,Session5,fru,2.0,4.0,3.0,179.7833,186.4,mfcc_regression/Ses05F_script02_1_F014.npy
Ses05F_script02_1_F015,Session5,neu,2.0,2.0,2.0,205.74,207.6622,mfcc_regression/Ses05F_script02_1_F015.npy
Ses05F_script02_1_F016,Session5,neu,2.5,2.0,2.0,208.13,209.54,mfcc_regression/Ses05F_script02_1_F016.npy
Ses05F_script02_1_F017,Session5,fru,2.5,2.5,2.5,220.4,231.37,mfcc_regression/Ses05F_script02_1_F017.npy
Ses05F_script02_1_F018,Session5,fru,2.0,2.0,2.5,232.1337,234.46,mfcc_regression/Ses05F_script02_1_F018.npy
Ses05F_script02_1_M000,Session5,exc,4.0,4.0,2.5,6.88,16.227,mfcc_regression/Ses05F_script02_1_M000.npy
Ses05F_script02_1_M001,Session5,exc,4.0,3.0,2.5,16.2508,22.6606,mfcc_regression/Ses05F_script02_1_M001.npy
Ses05F_script02_1_M002,Session5,exc,4.0,3.0,2.0,24.72,38.959,mfcc_regression/Ses05F_script02_1_M002.npy
Ses05F_script02_1_M003,Session5,exc,3.0,3.5,3.0,38.9828,46.0,mfcc_regression/Ses05F_script02_1_M003.npy
Ses05F_script02_1_M004,Session5,fru,3.0,3.5,2.5,46.57,49.25,mfcc_regression/Ses05F_script02_1_M004.npy
Ses05F_script02_1_M005,Session5,fru,4.0,3.0,2.0,49.96,51.93,mfcc_regression/Ses05F_script02_1_M005.npy
Ses05F_script02_1_M006,Session5,fru,3.0,2.5,2.0,54.6141,55.98,mfcc_regression/Ses05F_script02_1_M006.npy
Ses05F_script02_1_M007,Session5,fru,4.0,2.5,2.0,59.88,69.67,mfcc_regression/Ses05F_script02_1_M007.npy
Ses05F_script02_1_M009,Session5,exc,4.0,3.5,2.0,79.89,88.736,mfcc_regression/Ses05F_script02_1_M009.npy
Ses05F_script02_1_M010,Session5,exc,3.5,3.5,2.0,88.7598,100.1973,mfcc_regression/Ses05F_script02_1_M010.npy
Ses05F_script02_1_M011,Session5,exc,4.0,3.5,2.5,100.25,108.8959,mfcc_regression/Ses05F_script02_1_M011.npy
Ses05F_script02_1_M012,Session5,exc,4.0,3.0,2.0,108.9423,110.8723,mfcc_regression/Ses05F_script02_1_M012.npy
Ses05F_script02_1_M014,Session5,exc,4.0,2.5,2.0,121.11,122.5243,mfcc_regression/Ses05F_script02_1_M014.npy
Ses05F_script02_1_M017,Session5,fru,3.5,3.5,2.5,135.61,137.6075,mfcc_regression/Ses05F_script02_1_M017.npy
Ses05F_script02_1_M018,Session5,exc,3.5,3.5,2.5,140.37,147.6153,mfcc_regression/Ses05F_script02_1_M018.npy
Ses05F_script02_1_M019,Session5,exc,3.5,3.5,2.5,147.6392,157.13,mfcc_regression/Ses05F_script02_1_M019.npy
Ses05F_script02_1_M020,Session5,exc,4.5,3.5,2.5,163.56,175.947,mfcc_regression/Ses05F_script02_1_M020.npy
Ses05F_script02_1_M021,Session5,exc,4.5,3.5,2.5,175.9708,180.88,mfcc_regression/Ses05F_script02_1_M021.npy
Ses05F_script02_1_M023,Session5,exc,3.5,4.0,2.5,188.27,197.49,mfcc_regression/Ses05F_script02_1_M023.npy
Ses05F_script02_1_M024,Session5,exc,3.5,3.5,2.5,197.51,205.6607,mfcc_regression/Ses05F_script02_1_M024.npy
Ses05F_script02_1_M025,Session5,sur,3.0,3.5,2.0,207.27,208.69,mfcc_regression/Ses05F_script02_1_M025.npy
Ses05F_script02_1_M027,Session5,fru,2.5,2.5,3.0,230.44,232.372,mfcc_regression/Ses05F_script02_1_M027.npy
Ses05F_script02_1_M029,Session5,exc,4.0,3.5,2.5,239.6,246.7166,mfcc_regression/Ses05F_script02_1_M029.npy
Ses05F_script02_1_M030,Session5,exc,4.5,3.5,2.5,246.788,254.73,mfcc_regression/Ses05F_script02_1_M030.npy
Ses05F_script02_1_M031,Session5,exc,3.5,3.5,2.5,254.76,270.4256,mfcc_regression/Ses05F_script02_1_M031.npy
Ses05F_script02_1_M032,Session5,exc,4.0,4.0,2.5,270.4494,281.172,mfcc_regression/Ses05F_script02_1_M032.npy
Ses05F_script02_1_M033,Session5,exc,4.5,4.0,3.0,281.2197,310.2662,mfcc_regression/Ses05F_script02_1_M033.npy
Ses05F_script02_1_M034,Session5,exc,4.0,3.5,1.5,310.9,315.22,mfcc_regression/Ses05F_script02_1_M034.npy
Ses05F_impro02_F001,Session5,sad,2.0,1.5,1.5,12.3,14.48,mfcc_regression/Ses05F_impro02_F001.npy
Ses05F_impro02_F002,Session5,sad,2.0,2.5,1.5,19.0,24.66,mfcc_regression/Ses05F_impro02_F002.npy
Ses05F_impro02_F004,Session5,sad,1.5,2.0,1.5,28.8,31.1014,mfcc_regression/Ses05F_impro02_F004.npy
Ses05F_impro02_F005,Session5,sad,1.5,2.0,2.0,33.64,37.13,mfcc_regression/Ses05F_impro02_F005.npy
Ses05F_impro02_F006,Session5,fea,1.5,1.5,2.5,40.92,42.29,mfcc_regression/Ses05F_impro02_F006.npy
Ses05F_impro02_F008,Session5,sad,1.5,3.5,1.5,51.74,54.42,mfcc_regression/Ses05F_impro02_F008.npy
Ses05F_impro02_F009,Session5,sad,1.0,3.0,1.5,61.57,65.73,mfcc_regression/Ses05F_impro02_F009.npy
Ses05F_impro02_F010,Session5,sad,2.0,2.5,2.0,68.83,79.79,mfcc_regression/Ses05F_impro02_F010.npy
Ses05F_impro02_F011,Session5,sad,2.0,2.5,1.5,83.05,85.3,mfcc_regression/Ses05F_impro02_F011.npy
Ses05F_impro02_F012,Session5,sad,1.5,2.5,2.0,88.33,93.3,mfcc_regression/Ses05F_impro02_F012.npy
Ses05F_impro02_F013,Session5,fru,2.0,2.5,1.5,97.74,103.85,mfcc_regression/Ses05F_impro02_F013.npy
Ses05F_impro02_F014,Session5,fru,1.5,3.0,2.5,106.68,109.98,mfcc_regression/Ses05F_impro02_F014.npy
Ses05F_impro02_F017,Session5,fru,1.5,2.5,2.0,133.58,138.14,mfcc_regression/Ses05F_impro02_F017.npy
Ses05F_impro02_F018,Session5,fru,2.0,3.5,2.5,140.62,144.2,mfcc_regression/Ses05F_impro02_F018.npy
Ses05F_impro02_F020,Session5,fru,2.0,1.5,1.0,156.43,158.23,mfcc_regression/Ses05F_impro02_F020.npy
Ses05F_impro02_F021,Session5,sad,1.5,3.5,1.5,164.25,167.39,mfcc_regression/Ses05F_impro02_F021.npy
Ses05F_impro02_F023,Session5,sad,1.0,3.5,2.0,183.02,188.9,mfcc_regression/Ses05F_impro02_F023.npy
Ses05F_impro02_F024,Session5,sad,1.5,1.5,1.5,199.56,202.78,mfcc_regression/Ses05F_impro02_F024.npy
Ses05F_impro02_F025,Session5,fru,1.5,3.5,3.0,205.98,213.17,mfcc_regression/Ses05F_impro02_F025.npy
Ses05F_impro02_F026,Session5,fru,2.0,3.0,3.5,223.63,233.5,mfcc_regression/Ses05F_impro02_F026.npy
Ses05F_impro02_F027,Session5,sad,1.5,3.0,2.0,238.65,240.41,mfcc_regression/Ses05F_impro02_F027.npy
Ses05F_impro02_F028,Session5,sad,1.5,3.5,2.0,246.35,248.2,mfcc_regression/Ses05F_impro02_F028.npy
Ses05F_impro02_F029,Session5,sad,2.0,2.5,2.5,252.21,262.69,mfcc_regression/Ses05F_impro02_F029.npy
Ses05F_impro02_F031,Session5,sad,1.0,4.0,1.5,285.79,289.17,mfcc_regression/Ses05F_impro02_F031.npy
Ses05F_impro02_F032,Session5,sad,1.0,3.0,2.0,291.05,294.92,mfcc_regression/Ses05F_impro02_F032.npy
Ses05F_impro02_F034,Session5,sad,2.5,2.0,2.0,307.54,310.21,mfcc_regression/Ses05F_impro02_F034.npy
Ses05F_impro02_F035,Session5,sad,2.0,2.0,1.5,311.9,316.1,mfcc_regression/Ses05F_impro02_F035.npy
Ses05F_impro02_F036,Session5,sad,2.0,1.0,1.0,318.97,320.71,mfcc_regression/Ses05F_impro02_F036.npy
Ses05F_impro02_F037,Session5,sad,2.0,1.0,1.0,328.2,329.4,mfcc_regression/Ses05F_impro02_F037.npy
Ses05F_impro02_F038,Session5,sad,1.5,3.5,1.5,335.2658,343.4,mfcc_regression/Ses05F_impro02_F038.npy
Ses05F_impro02_M000,Session5,neu,3.0,2.5,1.5,7.6018,10.43,mfcc_regression/Ses05F_impro02_M000.npy
Ses05F_impro02_M004,Session5,ang,1.5,2.5,1.0,38.49,40.68,mfcc_regression/Ses05F_impro02_M004.npy
Ses05F_impro02_M005,Session5,ang,1.5,2.5,2.0,41.89,44.97,mfcc_regression/Ses05F_impro02_M005.npy
Ses05F_impro02_M006,Session5,fru,1.5,3.0,1.0,50.1,52.32,mfcc_regression/Ses05F_impro02_M006.npy
Ses05F_impro02_M008,Session5,fru,1.5,3.0,1.5,60.35,61.9,mfcc_regression/Ses05F_impro02_M008.npy
Ses05F_impro02_M010,Session5,ang,2.0,3.5,2.5,80.46,83.44,mfcc_regression/Ses05F_impro02_M010.npy
Ses05F_impro02_M014,Session5,ang,1.5,3.5,2.5,103.9163,108.13,mfcc_regression/Ses05F_impro02_M014.npy
Ses05F_impro02_M015,Session5,ang,1.5,4.0,3.5,109.4,116.86,mfcc_regression/Ses05F_impro02_M015.npy
Ses05F_impro02_M016,Session5,fru,1.5,2.5,2.0,120.58,125.54,mfcc_regression/Ses05F_impro02_M016.npy
Ses05F_impro02_M019,Session5,sur,1.5,4.0,2.5,137.69,141.91,mfcc_regression/Ses05F_impro02_M019.npy
Ses05F_impro02_M024,Session5,sad,1.5,3.5,1.5,166.05,169.52,mfcc_regression/Ses05F_impro02_M024.npy
Ses05F_impro02_M025,Session5,sad,1.0,3.5,1.0,181.75,183.73,mfcc_regression/Ses05F_impro02_M025.npy
Ses05F_impro02_M026,Session5,sad,1.5,3.5,1.5,189.28,200.16,mfcc_regression/Ses05F_impro02_M026.npy
Ses05F_impro02_M029,Session5,sad,1.5,3.0,1.0,233.41,240.23,mfcc_regression/Ses05F_impro02_M029.npy
Ses05F_impro02_M031,Session5,sad,1.5,1.5,1.0,249.9654,252.0563,mfcc_regression/Ses05F_impro02_M031.npy
Ses05F_impro02_M032,Session5,sad,1.5,3.5,1.0,262.98,264.82,mfcc_regression/Ses05F_impro02_M032.npy
Ses05F_impro02_M033,Session5,sad,1.5,3.0,1.0,269.52,278.85,mfcc_regression/Ses05F_impro02_M033.npy
Ses05F_impro02_M034,Session5,sad,2.0,2.5,1.5,280.43,286.69,mfcc_regression/Ses05F_impro02_M034.npy
Ses05F_impro02_M035,Session5,sad,1.5,3.5,1.5,289.05,291.18,mfcc_regression/Ses05F_impro02_M035.npy
Ses05F_impro02_M036,Session5,sad,1.5,3.0,2.0,293.41,299.99,mfcc_regression/Ses05F_impro02_M036.npy
Ses05F_impro02_M039,Session5,sur,1.5,4.0,1.0,315.41,319.41,mfcc_regression/Ses05F_impro02_M039.npy
Ses05F_impro02_M041,Session5,sad,2.0,2.5,2.0,332.823,335.1399,mfcc_regression/Ses05F_impro02_M041.npy
Ses05M_impro08_F000,Session5,fru,2.0,4.0,4.0,4.45,31.2,mfcc_regression/Ses05M_impro08_F000.npy
Ses05M_impro08_F001,Session5,fru,2.0,3.0,3.0,31.86,34.84,mfcc_regression/Ses05M_impro08_F001.npy
Ses05M_impro08_F002,Session5,fru,3.0,2.5,2.5,35.21,36.19,mfcc_regression/Ses05M_impro08_F002.npy
Ses05M_impro08_F003,Session5,fru,2.0,3.5,3.0,36.36,47.06,mfcc_regression/Ses05M_impro08_F003.npy
Ses05M_impro08_F004,Session5,fru,2.5,4.0,3.0,47.07,51.9,mfcc_regression/Ses05M_impro08_F004.npy
Ses05M_impro08_F005,Session5,neu,3.0,3.5,3.0,53.02,56.23,mfcc_regression/Ses05M_impro08_F005.npy
Ses05M_impro08_F006,Session5,neu,2.5,2.5,3.0,61.5,66.91,mfcc_regression/Ses05M_impro08_F006.npy
Ses05M_impro08_F007,Session5,neu,3.0,1.5,2.0,69.07,70.27,mfcc_regression/Ses05M_impro08_F007.npy
Ses05M_impro08_F008,Session5,neu,3.0,2.0,2.5,74.37,75.93,mfcc_regression/Ses05M_impro08_F008.npy
Ses05M_impro08_F009,Session5,neu,3.0,2.5,2.5,77.22,81.06,mfcc_regression/Ses05M_impro08_F009.npy
Ses05M_impro08_F011,Session5,neu,3.0,4.0,3.0,96.14,103.26,mfcc_regression/Ses05M_impro08_F011.npy
Ses05M_impro08_F012,Session5,neu,3.0,1.5,2.5,111.18,112.63,mfcc_regression/Ses05M_impro08_F012.npy
Ses05M_impro08_F013,Session5,neu,3.0,2.5,2.5,115.46,116.6,mfcc_regression/Ses05M_impro08_F013.npy
Ses05M_impro08_F014,Session5,neu,3.0,2.0,2.5,118.51,119.77,mfcc_regression/Ses05M_impro08_F014.npy
Ses05M_impro08_F015,Session5,neu,3.0,2.5,2.5,125.04,126.04,mfcc_regression/Ses05M_impro08_F015.npy
Ses05M_impro08_F016,Session5,neu,3.5,2.5,2.5,126.45,127.76,mfcc_regression/Ses05M_impro08_F016.npy
Ses05M_impro08_F017,Session5,neu,3.0,3.0,2.5,128.8,134.4,mfcc_regression/Ses05M_impro08_F017.npy
Ses05M_impro08_F018,Session5,neu,3.0,2.5,2.5,141.73,143.99,mfcc_regression/Ses05M_impro08_F018.npy
Ses05M_impro08_F019,Session5,neu,3.0,3.0,3.5,145.92,149.28,mfcc_regression/Ses05M_impro08_F019.npy
Ses05M_impro08_F021,Session5,sur,4.5,4.0,3.5,169.09,171.97,mfcc_regression/Ses05M_impro08_F021.npy
Ses05M_impro08_F022,Session5,hap,4.0,4.0,4.0,174.23,188.69,mfcc_regression/Ses05M_impro08_F022.npy
Ses05M_impro08_F023,Session5,fru,2.5,3.0,3.0,188.86,190.85,mfcc_regression/Ses05M_impro08_F023.npy
Ses05M_impro08_F025,Session5,hap,4.0,3.0,3.0,194.5,197.08,mfcc_regression/Ses05M_impro08_F025.npy
Ses05M_impro08_F026,Session5,hap,4.0,3.0,3.0,200.67,207.55,mfcc_regression/Ses05M_impro08_F026.npy
Ses05M_impro08_F027,Session5,hap,4.5,3.5,3.5,213.46,219.2,mfcc_regression/Ses05M_impro08_F027.npy
Ses05M_impro08_F028,Session5,hap,4.5,3.5,3.5,220.44,222.15,mfcc_regression/Ses05M_impro08_F028.npy
Ses05M_impro08_M000,Session5,neu,3.5,3.5,3.0,2.7277,5.36,mfcc_regression/Ses05M_impro08_M000.npy
Ses05M_impro08_M001,Session5,neu,3.0,3.5,3.0,30.37,32.89,mfcc_regression/Ses05M_impro08_M001.npy
Ses05M_impro08_M002,Session5,neu,3.0,2.5,2.5,34.13,35.79,mfcc_regression/Ses05M_impro08_M002.npy
Ses05M_impro08_M003,Session5,neu,3.0,2.5,2.5,35.8,36.8,mfcc_regression/Ses05M_impro08_M003.npy
Ses05M_impro08_M004,Session5,neu,3.0,3.0,2.5,46.13,48.3,mfcc_regression/Ses05M_impro08_M004.npy
Ses05M_impro08_M005,Session5,neu,3.0,3.0,2.5,51.1,53.68,mfcc_regression/Ses05M_impro08_M005.npy
Ses05M_impro08_M006,Session5,neu,2.5,3.0,3.0,55.52,61.98,mfcc_regression/Ses05M_impro08_M006.npy
Ses05M_impro08_M007,Session5,neu,3.0,3.0,3.0,65.87,69.61,mfcc_regression/Ses05M_impro08_M007.npy
Ses05M_impro08_M008,Session5,neu,3.0,3.0,3.0,69.64,77.48,mfcc_regression/Ses05M_impro08_M008.npy
Ses05M_impro08_M009,Session5,neu,3.0,3.5,3.0,80.36,90.87,mfcc_regression/Ses05M_impro08_M009.npy
Ses05M_impro08_M010,Session5,neu,3.0,3.0,3.0,90.88,96.92,mfcc_regression/Ses05M_impro08_M010.npy
Ses05M_impro08_M011,Session5,neu,3.0,3.5,3.0,102.51,111.79,mfcc_regression/Ses05M_impro08_M011.npy
Ses05M_impro08_M012,Session5,neu,3.0,3.5,3.0,111.84,115.98,mfcc_regression/Ses05M_impro08_M012.npy
Ses05M_impro08_M013,Session5,neu,3.0,3.5,3.0,116.02,119.23,mfcc_regression/Ses05M_impro08_M013.npy
Ses05M_impro08_M014,Session5,neu,3.0,3.5,3.0,119.24,125.5,mfcc_regression/Ses05M_impro08_M014.npy
Ses05M_impro08_M015,Session5,neu,3.0,3.0,3.0,125.69,126.79,mfcc_regression/Ses05M_impro08_M015.npy
Ses05M_impro08_M016,Session5,neu,3.0,3.5,2.5,126.91,129.1,mfcc_regression/Ses05M_impro08_M016.npy
Ses05M_impro08_M017,Session5,neu,3.5,3.5,3.0,133.47,143.18,mfcc_regression/Ses05M_impro08_M017.npy
Ses05M_impro08_M018,Session5,neu,3.0,3.5,3.0,143.57,146.37,mfcc_regression/Ses05M_impro08_M018.npy
Ses05M_impro08_M019,Session5,neu,3.0,3.5,3.0,148.94,160.5,mfcc_regression/Ses05M_impro08_M019.npy
Ses05M_impro08_M020,Session5,neu,3.0,3.5,3.0,163.12,170.17,mfcc_regression/Ses05M_impro08_M020.npy
Ses05M_impro08_M021,Session5,neu,3.5,3.5,3.0,170.45,176.26,mfcc_regression/Ses05M_impro08_M021.npy
Ses05M_impro08_M022,Session5,neu,3.5,3.0,3.0,187.72,189.57,mfcc_regression/Ses05M_impro08_M022.npy
Ses05M_impro08_M023,Session5,neu,3.5,2.5,3.0,189.62,192.61,mfcc_regression/Ses05M_impro08_M023.npy
Ses05M_impro08_M024,Session5,neu,3.5,3.5,3.0,192.93,195.16,mfcc_regression/Ses05M_impro08_M024.npy
Ses05M_impro08_M025,Session5,neu,4.0,3.5,3.0,195.67,202.37,mfcc_regression/Ses05M_impro08_M025.npy
Ses05M_impro08_M026,Session5,hap,4.5,3.5,3.0,207.21,214.11,mfcc_regression/Ses05M_impro08_M026.npy
Ses05M_impro08_M027,Session5,neu,4.0,3.0,3.0,217.96,221.09,mfcc_regression/Ses05M_impro08_M027.npy
Ses05M_impro08_M028,Session5,hap,4.0,3.5,3.0,221.15,222.83,mfcc_regression/Ses05M_impro08_M028.npy
Ses05M_script01_1_F000,Session5,sad,2.5,2.5,3.0,6.07,10.29,mfcc_regression/Ses05M_script01_1_F000.npy
Ses05M_script01_1_F001,Session5,sad,2.0,2.5,3.0,10.95,16.96,mfcc_regression/Ses05M_script01_1_F001.npy
Ses05M_script01_1_F004,Session5,sad,2.0,2.5,2.5,36.96,39.18,mfcc_regression/Ses05M_script01_1_F004.npy
Ses05M_script01_1_F005,Session5,sad,2.0,2.0,2.5,43.63,45.3,mfcc_regression/Ses05M_script01_1_F005.npy
Ses05M_script01_1_F010,Session5,fru,2.0,3.5,3.5,81.44,85.32,mfcc_regression/Ses05M_script01_1_F010.npy
Ses05M_script01_1_F012,Session5,fru,2.0,3.0,4.0,106.32,108.95,mfcc_regression/Ses05M_script01_1_F012.npy
Ses05M_script01_1_F013,Session5,fru,2.0,3.0,4.0,113.46,123.79,mfcc_regression/Ses05M_script01_1_F013.npy
Ses05M_script01_1_F014,Session5,ang,2.0,3.0,4.0,127.65,134.31,mfcc_regression/Ses05M_script01_1_F014.npy
Ses05M_script01_1_F018,Session5,ang,2.0,3.5,3.5,154.34,158.16,mfcc_regression/Ses05M_script01_1_F018.npy
Ses05M_script01_1_F020,Session5,fru,1.5,3.5,3.5,163.37,165.19,mfcc_regression/Ses05M_script01_1_F020.npy
Ses05M_script01_1_F021,Session5,ang,2.0,3.0,3.0,180.16,183.47,mfcc_regression/Ses05M_script01_1_F021.npy
Ses05M_script01_1_F022,Session5,ang,1.5,3.5,4.0,184.5,199.57,mfcc_regression/Ses05M_script01_1_F022.npy
Ses05M_script01_1_F023,Session5,neu,2.5,2.0,2.5,209.77,213.17,mfcc_regression/Ses05M_script01_1_F023.npy
Ses05M_script01_1_F024,Session5,neu,2.5,3.0,3.5,213.24,215.82,mfcc_regression/Ses05M_script01_1_F024.npy
Ses05M_script01_1_F025,Session5,neu,2.5,3.0,3.0,219.09,225.5,mfcc_regression/Ses05M_script01_1_F025.npy
Ses05M_script01_1_F026,Session5,neu,2.0,3.0,3.5,240.48,244.02,mfcc_regression/Ses05M_script01_1_F026.npy
Ses05M_script01_1_F027,Session5,fru,2.0,3.5,3.5,246.06,248.98,mfcc_regression/Ses05M_script01_1_F027.npy
Ses05M_script01_1_F028,Session5,fru,2.5,3.0,3.5,250.09,255.58,mfcc_regression/Ses05M_script01_1_F028.npy
Ses05M_script01_1_F029,Session5,fru,2.0,2.5,4.0,263.77,282.02,mfcc_regression/Ses05M_script01_1_F029.npy
Ses05M_script01_1_F031,Session5,sur,2.5,2.5,3.0,306.29,308.3,mfcc_regression/Ses05M_script01_1_F031.npy
Ses05M_script01_1_F032,Session5,ang,1.5,3.0,3.5,311.66,313.42,mfcc_regression/Ses05M_script01_1_F032.npy
Ses05M_script01_1_F035,Session5,ang,1.5,3.0,4.0,330.77,336.89,mfcc_regression/Ses05M_script01_1_F035.npy
Ses05M_script01_1_F036,Session5,ang,2.0,2.5,3.5,339.57,342.03,mfcc_regression/Ses05M_script01_1_F036.npy
Ses05M_script01_1_F037,Session5,fru,2.0,2.5,2.5,346.27,348.79,mfcc_regression/Ses05M_script01_1_F037.npy
Ses05M_script01_1_F038,Session5,fru,2.0,3.0,3.5,353.52,356.07,mfcc_regression/Ses05M_script01_1_F038.npy
Ses05M_script01_1_M004,Session5,sad,2.0,3.0,3.0,39.02,43.08,mfcc_regression/Ses05M_script01_1_M004.npy
Ses05M_script01_1_M009,Session5,fru,2.0,4.0,4.0,74.42,81.9,mfcc_regression/Ses05M_script01_1_M009.npy
Ses05M_script01_1_M010,Session5,fru,2.0,4.0,4.5,84.68,92.07,mfcc_regression/Ses05M_script01_1_M010.npy
Ses05M_script01_1_M011,Session5,ang,2.0,4.0,4.0,92.08,103.14,mfcc_regression/Ses05M_script01_1_M011.npy
Ses05M_script01_1_M012,Session5,fru,2.0,3.5,3.5,103.52,106.05,mfcc_regression/Ses05M_script01_1_M012.npy
Ses05M_script01_1_M013,Session5,ang,1.0,4.0,4.5,108.56,114.28,mfcc_regression/Ses05M_script01_1_M013.npy
Ses05M_script01_1_M015,Session5,fru,2.0,4.0,4.0,132.72,140.22,mfcc_regression/Ses05M_script01_1_M015.npy
Ses05M_script01_1_M016,Session5,neu,2.5,3.0,3.0,141.71,143.15,mfcc_regression/Ses05M_script01_1_M016.npy
Ses05M_script01_1_M017,Session5,neu,3.0,2.5,4.0,146.89,149.75,mfcc_regression/Ses05M_script01_1_M017.npy
Ses05M_script01_1_M018,Session5,fru,2.0,3.5,4.0,152.67,154.77,mfcc_regression/Ses05M_script01_1_M018.npy
Ses05M_script01_1_M019,Session5,fru,2.0,4.0,4.0,157.49,159.75,mfcc_regression/Ses05M_script01_1_M019.npy
Ses05M_script01_1_M020,Session5,ang,1.5,4.0,4.5,161.13,163.92,mfcc_regression/Ses05M_script01_1_M020.npy
Ses05M_script01_1_M021,Session5,ang,1.5,4.0,4.0,164.38,170.81,mfcc_regression/Ses05M_script01_1_M021.npy
Ses05M_script01_1_M022,Session5,ang,2.0,4.0,4.5,172.52,181.08,mfcc_regression/Ses05M_script01_1_M022.npy
Ses05M_script01_1_M023,Session5,ang,1.5,4.5,4.5,182.78,185.01,mfcc_regression/Ses05M_script01_1_M023.npy
Ses05M_script01_1_M024,Session5,fru,1.5,4.0,4.5,200.39,210.4,mfcc_regression/Ses05M_script01_1_M024.npy
Ses05M_script01_1_M025,Session5,ang,1.0,4.5,5.0,211.44,213.46,mfcc_regression/Ses05M_script01_1_M025.npy
Ses05M_script01_1_M028,Session5,ang,2.0,3.5,4.0,243.61,246.63,mfcc_regression/Ses05M_script01_1_M028.npy
Ses05M_script01_1_M029,Session5,fru,2.5,3.0,4.0,248.54,250.48,mfcc_regression/Ses05M_script01_1_M029.npy
Ses05M_script01_1_M030,Session5,fru,1.5,4.0,4.5,255.4806,264.77,mfcc_regression/Ses05M_script01_1_M030.npy
Ses05M_script01_1_M032,Session5,ang,2.0,4.0,4.5,289.7,301.77,mfcc_regression/Ses05M_script01_1_M032.npy
Ses05M_script01_1_M033,Session5,ang,2.0,3.0,4.0,302.08,306.71,mfcc_regression/Ses05M_script01_1_M033.npy
Ses05M_script01_1_M034,Session5,ang,2.0,4.0,3.5,307.83,312.04,mfcc_regression/Ses05M_script01_1_M034.npy
Ses05M_script01_1_M035,Session5,ang,1.5,4.0,4.5,313.01,318.07,mfcc_regression/Ses05M_script01_1_M035.npy
Ses05M_script01_1_M036,Session5,ang,2.5,3.5,4.0,322.75,325.03,mfcc_regression/Ses05M_script01_1_M036.npy
Ses05M_script01_1_M037,Session5,ang,2.0,3.0,3.5,327.15,331.07,mfcc_regression/Ses05M_script01_1_M037.npy
Ses05M_script01_1_M038,Session5,fru,2.0,4.5,4.5,335.88,340.05,mfcc_regression/Ses05M_script01_1_M038.npy
Ses05M_script01_1_M040,Session5,fru,1.5,4.0,4.5,348.43,353.6,mfcc_regression/Ses05M_script01_1_M040.npy
Ses05M_script01_3_F000,Session5,neu,3.5,2.0,2.5,3.34,6.29,mfcc_regression/Ses05M_script01_3_F000.npy
Ses05M_script01_3_F001,Session5,hap,4.0,2.5,2.5,10.17,17.46,mfcc_regression/Ses05M_script01_3_F001.npy
Ses05M_script01_3_F003,Session5,neu,3.0,2.0,3.0,26.76,30.49,mfcc_regression/Ses05M_script01_3_F003.npy
Ses05M_script01_3_F006,Session5,neu,3.5,2.0,3.0,53.58,57.13,mfcc_regression/Ses05M_script01_3_F006.npy
Ses05M_script01_3_F007,Session5,neu,3.0,3.0,3.0,59.56,64.71,mfcc_regression/Ses05M_script01_3_F007.npy
Ses05M_script01_3_F009,Session5,hap,4.0,2.5,3.0,123.07,126.14,mfcc_regression/Ses05M_script01_3_F009.npy
Ses05M_script01_3_F010,Session5,sad,3.0,2.0,2.5,131.86,134.53,mfcc_regression/Ses05M_script01_3_F010.npy
Ses05M_script01_3_F012,Session5,hap,4.5,3.0,2.5,141.93,143.46,mfcc_regression/Ses05M_script01_3_F012.npy
Ses05M_script01_3_F013,Session5,exc,4.0,3.5,3.0,146.76,154.16,mfcc_regression/Ses05M_script01_3_F013.npy
Ses05M_script01_3_F015,Session5,exc,3.0,3.0,3.5,174.58,177.18,mfcc_regression/Ses05M_script01_3_F015.npy
Ses05M_script01_3_F016,Session5,sad,2.5,3.0,3.5,178.8,186.3304,mfcc_regression/Ses05M_script01_3_F016.npy
Ses05M_script01_3_F019,Session5,sad,2.0,3.0,2.0,200.52,204.7,mfcc_regression/Ses05M_script01_3_F019.npy
Ses05M_script01_3_F020,Session5,sad,2.5,2.0,2.5,211.16,213.37,mfcc_regression/Ses05M_script01_3_F020.npy
Ses05M_script01_3_F021,Session5,sad,1.5,2.5,3.0,216.96,219.0581,mfcc_regression/Ses05M_script01_3_F021.npy
Ses05M_script01_3_F022,Session5,neu,2.5,2.0,2.0,229.27,230.95,mfcc_regression/Ses05M_script01_3_F022.npy
Ses05M_script01_3_F023,Session5,sad,2.5,2.0,2.5,234.02,235.64,mfcc_regression/Ses05M_script01_3_F023.npy
Ses05M_script01_3_F024,Session5,sad,3.0,2.0,2.0,406.5,409.18,mfcc_regression/Ses05M_script01_3_F024.npy
Ses05M_script01_3_F025,Session5,sad,2.5,2.5,3.5,413.84,424.4,mfcc_regression/Ses05M_script01_3_F025.npy
Ses05M_script01_3_F027,Session5,hap,4.5,3.5,3.0,434.83,437.72,mfcc_regression/Ses05M_script01_3_F027.npy
Ses05M_script01_3_M001,Session5,exc,3.5,3.5,3.0,17.26,20.25,mfcc_regression/Ses05M_script01_3_M001.npy
Ses05M_script01_3_M002,Session5,sur,2.0,2.0,2.0,25.22,26.93,mfcc_regression/Ses05M_script01_3_M002.npy
Ses05M_script01_3_M003,Session5,neu,3.0,3.5,2.5,30.12,31.49,mfcc_regression/Ses05M_script01_3_M003.npy
Ses05M_script01_3_M010,Session5,exc,3.5,3.5,3.0,113.03,124.19,mfcc_regression/Ses05M_script01_3_M010.npy
Ses05M_script01_3_M012,Session5,sur,3.0,3.0,2.5,135.08,137.07,mfcc_regression/Ses05M_script01_3_M012.npy
Ses05M_script01_3_M013,Session5,hap,4.5,3.5,3.0,139.48,142.58,mfcc_regression/Ses05M_script01_3_M013.npy
Ses05M_script01_3_M016,Session5,exc,4.5,4.5,4.5,158.45,164.77,mfcc_regression/Ses05M_script01_3_M016.npy
Ses05M_script01_3_M017,Session5,exc,5.0,4.5,4.0,170.13,175.0,mfcc_regression/Ses05M_script01_3_M017.npy
Ses05M_script01_3_M018,Session5,sur,2.0,3.5,3.0,177.18,179.11,mfcc_regression/Ses05M_script01_3_M018.npy
Ses05M_script01_3_M019,Session5,sad,2.5,3.0,2.5,187.57,192.05,mfcc_regression/Ses05M_script01_3_M019.npy
Ses05M_script01_3_M020,Session5,sad,3.0,3.5,2.5,192.9,195.77,mfcc_regression/Ses05M_script01_3_M020.npy
Ses05M_script01_3_M021,Session5,sad,2.5,2.5,2.5,205.17,210.69,mfcc_regression/Ses05M_script01_3_M021.npy
Ses05M_script01_3_M022,Session5,neu,2.0,3.0,2.5,214.2,216.64,mfcc_regression/Ses05M_script01_3_M022.npy
Ses05M_script01_3_M023,Session5,sad,2.5,2.5,2.5,220.32,224.29,mfcc_regression/Ses05M_script01_3_M023.npy
Ses05M_script01_3_M025,Session5,sad,2.0,3.0,3.5,231.5268,233.1245,mfcc_regression/Ses05M_script01_3_M025.npy
Ses05M_script01_3_M026,Session5,sad,2.0,2.0,3.0,236.31,238.42,mfcc_regression/Ses05M_script01_3_M026.npy
Ses05M_script01_3_M027,Session5,sad,2.5,3.5,3.5,241.89,249.83,mfcc_regression/Ses05M_script01_3_M027.npy
Ses05M_script01_3_M029,Session5,sad,2.0,3.5,3.5,263.41,278.57,mfcc_regression/Ses05M_script01_3_M029.npy
Ses05M_script01_3_M030,Session5,sad,2.0,4.0,4.0,278.66,291.36,mfcc_regression/Ses05M_script01_3_M030.npy
Ses05M_script01_3_M033,Session5,sad,2.5,3.5,4.0,320.94,336.45,mfcc_regression/Ses05M_script01_3_M033.npy
Ses05M_script01_3_M036,Session5,sad,1.5,3.5,4.0,360.87,371.39,mfcc_regression/Ses05M_script01_3_M036.npy
Ses05M_script01_3_M037,Session5,fru,2.0,4.0,4.0,371.43,383.6158,mfcc_regression/Ses05M_script01_3_M037.npy
Ses05M_script01_3_M038,Session5,fru,2.5,4.5,5.0,383.6258,399.31,mfcc_regression/Ses05M_script01_3_M038.npy
Ses05M_script01_3_M039,Session5,sad,2.0,3.5,3.0,403.0,405.28,mfcc_regression/Ses05M_script01_3_M039.npy
Ses05M_script01_3_M040,Session5,sad,3.5,3.0,3.5,410.99,413.43,mfcc_regression/Ses05M_script01_3_M040.npy
Ses05M_script01_3_M041,Session5,exc,4.0,3.5,4.0,430.47,432.34,mfcc_regression/Ses05M_script01_3_M041.npy
Ses05M_script01_3_M042,Session5,hap,4.0,4.5,4.5,432.4,435.15,mfcc_regression/Ses05M_script01_3_M042.npy
Ses05M_script03_1_F000,Session5,fea,3.5,3.0,3.0,5.15,6.5,mfcc_regression/Ses05M_script03_1_F000.npy
Ses05M_script03_1_F001,Session5,exc,2.5,4.0,3.0,7.7,11.12,mfcc_regression/Ses05M_script03_1_F001.npy
Ses05M_script03_1_F002,Session5,exc,2.5,3.0,2.5,12.3,14.67,mfcc_regression/Ses05M_script03_1_F002.npy
Ses05M_script03_1_F003,Session5,exc,4.0,3.0,3.5,16.67,18.95,mfcc_regression/Ses05M_script03_1_F003.npy
Ses05M_script03_1_F004,Session5,exc,4.0,3.0,3.0,20.18,22.96,mfcc_regression/Ses05M_script03_1_F004.npy
Ses05M_script03_1_F005,Session5,exc,4.0,4.5,3.5,30.42,33.08,mfcc_regression/Ses05M_script03_1_F005.npy
Ses05M_script03_1_F011,Session5,neu,3.0,2.0,3.5,71.06,74.02,mfcc_regression/Ses05M_script03_1_F011.npy
Ses05M_script03_1_F012,Session5,neu,3.5,3.0,3.0,77.24,79.19,mfcc_regression/Ses05M_script03_1_F012.npy
Ses05M_script03_1_F013,Session5,neu,3.5,3.0,3.0,96.85,99.82,mfcc_regression/Ses05M_script03_1_F013.npy
Ses05M_script03_1_F015,Session5,neu,3.0,2.5,2.5,109.26,112.96,mfcc_regression/Ses05M_script03_1_F015.npy
Ses05M_script03_1_F017,Session5,neu,3.5,3.5,3.0,120.38,124.42,mfcc_regression/Ses05M_script03_1_F017.npy
Ses05M_script03_1_F020,Session5,neu,4.0,2.5,2.5,159.92,162.76,mfcc_regression/Ses05M_script03_1_F020.npy
Ses05M_script03_1_F024,Session5,exc,4.0,3.5,4.0,197.55,203.65,mfcc_regression/Ses05M_script03_1_F024.npy
Ses05M_script03_1_F026,Session5,exc,2.5,3.5,3.5,211.2,216.13,mfcc_regression/Ses05M_script03_1_F026.npy
Ses05M_script03_1_F031,Session5,neu,3.0,2.5,2.5,245.06,247.0439,mfcc_regression/Ses05M_script03_1_F031.npy
Ses05M_script03_1_M001,Session5,exc,3.0,3.0,3.5,6.08,7.8745,mfcc_regression/Ses05M_script03_1_M001.npy
Ses05M_script03_1_M002,Session5,fea,3.0,3.5,3.5,10.68,12.81,mfcc_regression/Ses05M_script03_1_M002.npy
Ses05M_script03_1_M003,Session5,neu,3.5,3.5,3.5,14.06,17.11,mfcc_regression/Ses05M_script03_1_M003.npy
Ses05M_script03_1_M004,Session5,exc,4.0,4.0,3.5,18.43,20.58,mfcc_regression/Ses05M_script03_1_M004.npy
Ses05M_script03_1_M006,Session5,exc,3.5,4.0,4.0,32.31,35.25,mfcc_regression/Ses05M_script03_1_M006.npy
Ses05M_script03_1_M007,Session5,exc,4.0,3.5,3.0,35.56,38.02,mfcc_regression/Ses05M_script03_1_M007.npy
Ses05M_script03_1_M008,Session5,exc,3.5,3.0,3.0,39.47,44.07,mfcc_regression/Ses05M_script03_1_M008.npy
Ses05M_script03_1_M009,Session5,exc,3.5,4.0,4.0,47.54,51.46,mfcc_regression/Ses05M_script03_1_M009.npy
Ses05M_script03_1_M010,Session5,exc,2.5,3.5,3.5,53.12,55.33,mfcc_regression/Ses05M_script03_1_M010.npy
Ses05M_script03_1_M011,Session5,exc,3.0,3.5,2.5,57.72,61.19,mfcc_regression/Ses05M_script03_1_M011.npy
Ses05M_script03_1_M012,Session5,exc,4.0,4.0,4.5,61.64,72.3,mfcc_regression/Ses05M_script03_1_M012.npy
Ses05M_script03_1_M013,Session5,exc,4.0,4.0,4.0,73.52,77.28,mfcc_regression/Ses05M_script03_1_M013.npy
Ses05M_script03_1_M014,Session5,exc,3.5,4.0,4.5,78.42,89.7222,mfcc_regression/Ses05M_script03_1_M014.npy
Ses05M_script03_1_M015,Session5,exc,3.5,4.0,4.0,89.7322,97.0,mfcc_regression/Ses05M_script03_1_M015.npy
Ses05M_script03_1_M016,Session5,exc,4.0,3.5,3.5,99.53,102.82,mfcc_regression/Ses05M_script03_1_M016.npy
Ses05M_script03_1_M018,Session5,exc,3.5,3.5,3.0,112.23,115.92,mfcc_regression/Ses05M_script03_1_M018.npy
Ses05M_script03_1_M020,Session5,exc,4.0,3.5,4.0,123.82,126.82,mfcc_regression/Ses05M_script03_1_M020.npy
Ses05M_script03_1_M021,Session5,exc,3.5,4.5,4.0,128.02,134.62,mfcc_regression/Ses05M_script03_1_M021.npy
Ses05M_script03_1_M022,Session5,exc,4.0,4.0,4.0,136.27,153.6584,mfcc_regression/Ses05M_script03_1_M022.npy
Ses05M_script03_1_M023,Session5,exc,4.5,4.5,4.5,153.6684,160.23,mfcc_regression/Ses05M_script03_1_M023.npy
Ses05M_script03_1_M024,Session5,exc,4.5,4.5,4.0,162.41,174.99,mfcc_regression/Ses05M_script03_1_M024.npy
Ses05M_script03_1_M025,Session5,exc,3.5,3.5,3.5,180.8,186.23,mfcc_regression/Ses05M_script03_1_M025.npy
Ses05M_script03_1_M026,Session5,exc,3.5,3.5,3.5,187.72,191.98,mfcc_regression/Ses05M_script03_1_M026.npy
Ses05M_script03_1_M027,Session5,exc,3.0,4.0,4.0,195.92,198.35,mfcc_regression/Ses05M_script03_1_M027.npy
Ses05M_script03_1_M028,Session5,exc,4.0,3.5,3.0,203.25,205.72,mfcc_regression/Ses05M_script03_1_M028.npy
Ses05M_script03_1_M029,Session5,exc,4.5,4.0,4.0,206.93,213.83,mfcc_regression/Ses05M_script03_1_M029.npy
Ses05M_script03_1_M030,Session5,exc,4.5,4.5,3.5,215.4,220.75,mfcc_regression/Ses05M_script03_1_M030.npy
Ses05M_script03_1_M031,Session5,exc,2.5,3.5,3.5,221.13,223.83,mfcc_regression/Ses05M_script03_1_M031.npy
Ses05M_script03_1_M032,Session5,exc,4.5,4.5,4.5,229.88,233.06,mfcc_regression/Ses05M_script03_1_M032.npy
Ses05M_script03_1_M033,Session5,exc,4.0,3.0,3.5,234.14,236.66,mfcc_regression/Ses05M_script03_1_M033.npy
Ses05F_script02_2_F004,Session5,fru,2.0,3.5,3.5,40.3329,43.875,mfcc_regression/Ses05F_script02_2_F004.npy
Ses05F_script02_2_F005,Session5,ang,1.5,4.5,3.5,48.5866,54.2339,mfcc_regression/Ses05F_script02_2_F005.npy
Ses05F_script02_2_F006,Session5,fru,2.5,3.5,3.0,56.4727,60.4492,mfcc_regression/Ses05F_script02_2_F006.npy
Ses05F_script02_2_F007,Session5,fru,2.5,3.5,3.0,75.3192,79.22,mfcc_regression/Ses05F_script02_2_F007.npy
Ses05F_script02_2_F008,Session5,fru,2.5,3.0,3.0,80.28,83.9,mfcc_regression/Ses05F_script02_2_F008.npy
Ses05F_script02_2_F009,Session5,fru,2.5,3.0,3.5,85.18,88.29,mfcc_regression/Ses05F_script02_2_F009.npy
Ses05F_script02_2_F010,Session5,fru,1.5,4.5,4.5,89.4541,107.1645,mfcc_regression/Ses05F_script02_2_F010.npy
Ses05F_script02_2_F011,Session5,fru,2.0,3.5,3.5,107.7994,113.8142,mfcc_regression/Ses05F_script02_2_F011.npy
Ses05F_script02_2_F012,Session5,fru,2.0,4.0,4.5,117.72,120.6645,mfcc_regression/Ses05F_script02_2_F012.npy
Ses05F_script02_2_F013,Session5,sad,2.5,2.0,3.5,145.31,157.0543,mfcc_regression/Ses05F_script02_2_F013.npy
Ses05F_script02_2_F014,Session5,sad,2.5,2.0,3.5,157.2548,181.381,mfcc_regression/Ses05F_script02_2_F014.npy
Ses05F_script02_2_F015,Session5,hap,3.0,2.0,3.5,181.4813,192.0072,mfcc_regression/Ses05F_script02_2_F015.npy
Ses05F_script02_2_F016,Session5,sad,4.0,2.5,3.5,197.7213,203.7028,mfcc_regression/Ses05F_script02_2_F016.npy
Ses05F_script02_2_F017,Session5,sad,2.0,2.5,3.5,213.0412,219.0072,mfcc_regression/Ses05F_script02_2_F017.npy
Ses05F_script02_2_F018,Session5,sad,2.0,2.5,2.5,225.3896,227.2275,mfcc_regression/Ses05F_script02_2_F018.npy
Ses05F_script02_2_F019,Session5,sad,2.0,3.0,2.5,228.8315,230.6025,mfcc_regression/Ses05F_script02_2_F019.npy
Ses05F_script02_2_F020,Session5,fru,2.0,2.5,3.5,231.3376,232.8079,mfcc_regression/Ses05F_script02_2_F020.npy
Ses05F_script02_2_F023,Session5,fru,2.0,3.5,3.5,242.1644,243.74,mfcc_regression/Ses05F_script02_2_F023.npy
Ses05F_script02_2_F024,Session5,fru,1.5,3.5,4.0,247.62,252.0554,mfcc_regression/Ses05F_script02_2_F024.npy
Ses05F_script02_2_F025,Session5,sad,1.5,4.0,4.0,292.71,297.7349,mfcc_regression/Ses05F_script02_2_F025.npy
Ses05F_script02_2_F026,Session5,sad,2.0,3.5,4.0,298.26,303.5158,mfcc_regression/Ses05F_script02_2_F026.npy
Ses05F_script02_2_F027,Session5,sad,2.0,2.5,3.0,304.7522,309.1296,mfcc_regression/Ses05F_script02_2_F027.npy
Ses05F_script02_2_F028,Session5,sad,1.5,3.0,3.0,312.8054,332.1197,mfcc_regression/Ses05F_script02_2_F028.npy
Ses05F_script02_2_F029,Session5,sad,2.5,2.5,2.0,336.0962,338.1012,mfcc_regression/Ses05F_script02_2_F029.npy
Ses05F_script02_2_F030,Session5,sad,2.0,2.0,3.5,341.9774,349.5294,mfcc_regression/Ses05F_script02_2_F030.npy
Ses05F_script02_2_F032,Session5,sad,2.0,2.5,3.5,358.2843,374.7917,mfcc_regression/Ses05F_script02_2_F032.npy
Ses05F_script02_2_F033,Session5,hap,4.0,2.0,3.0,380.7063,387.5566,mfcc_regression/Ses05F_script02_2_F033.npy
Ses05F_script02_2_F034,Session5,hap,4.0,2.0,3.0,394.0058,403.8969,mfcc_regression/Ses05F_script02_2_F034.npy
Ses05F_script02_2_F037,Session5,hap,4.0,2.5,3.5,418.36,424.2471,mfcc_regression/Ses05F_script02_2_F037.npy
Ses05F_script02_2_M000,Session5,exc,4.0,3.0,3.0,6.21,10.02,mfcc_regression/Ses05F_script02_2_M000.npy
Ses05F_script02_2_M001,Session5,fru,3.5,3.5,3.0,11.2611,14.01,mfcc_regression/Ses05F_script02_2_M001.npy
Ses05F_script02_2_M002,Session5,neu,3.0,3.5,3.0,15.04,21.052,mfcc_regression/Ses05F_script02_2_M002.npy
Ses05F_script02_2_M003,Session5,neu,2.5,4.0,3.0,25.27,27.5,mfcc_regression/Ses05F_script02_2_M003.npy
Ses05F_script02_2_M005,Session5,neu,3.0,3.0,3.5,43.1064,49.6559,mfcc_regression/Ses05F_script02_2_M005.npy
Ses05F_script02_2_M006,Session5,fru,2.5,3.5,3.0,53.56,55.4702,mfcc_regression/Ses05F_script02_2_M006.npy
Ses05F_script02_2_M007,Session5,fru,3.0,4.0,4.0,59.9814,70.8081,mfcc_regression/Ses05F_script02_2_M007.npy
Ses05F_script02_2_M008,Session5,fru,2.0,2.5,2.5,78.82,80.4319,mfcc_regression/Ses05F_script02_2_M008.npy
Ses05F_script02_2_M009,Session5,fru,2.0,3.5,3.0,83.53,86.0,mfcc_regression/Ses05F_script02_2_M009.npy
Ses05F_script02_2_M010,Session5,neu,3.0,3.5,3.0,87.6497,89.32,mfcc_regression/Ses05F_script02_2_M010.npy
Ses05F_script02_2_M011,Session5,fru,2.0,3.5,4.0,106.2289,108.5011,mfcc_regression/Ses05F_script02_2_M011.npy
Ses05F_script02_2_M012,Session5,fru,2.0,3.5,3.0,114.7833,118.8934,mfcc_regression/Ses05F_script02_2_M012.npy
Ses05F_script02_2_M013,Session5,fru,3.0,3.5,3.0,120.1632,127.0803,mfcc_regression/Ses05F_script02_2_M013.npy
Ses05F_script02_2_M016,Session5,neu,4.0,3.5,2.5,191.83,197.37,mfcc_regression/Ses05F_script02_2_M016.npy
Ses05F_script02_2_M018,Session5,exc,3.5,4.0,3.0,218.12,225.4899,mfcc_regression/Ses05F_script02_2_M018.npy
Ses05F_script02_2_M019,Session5,exc,3.5,3.5,3.0,226.8933,229.0654,mfcc_regression/Ses05F_script02_2_M019.npy
Ses05F_script02_2_M020,Session5,exc,3.5,3.5,3.0,230.1347,231.92,mfcc_regression/Ses05F_script02_2_M020.npy
Ses05F_script02_2_M022,Session5,fru,3.0,3.5,3.0,236.1829,238.84,mfcc_regression/Ses05F_script02_2_M022.npy
Ses05F_script02_2_M023,Session5,fru,2.0,3.5,3.5,239.3574,242.71,mfcc_regression/Ses05F_script02_2_M023.npy
Ses05F_script02_2_M024,Session5,fru,2.0,4.5,4.5,242.8661,249.45,mfcc_regression/Ses05F_script02_2_M024.npy
Ses05F_script02_2_M025,Session5,ang,2.0,4.5,4.5,251.1866,253.6928,mfcc_regression/Ses05F_script02_2_M025.npy
Ses05F_script02_2_M027,Session5,fru,1.5,4.0,5.0,270.2483,288.2782,mfcc_regression/Ses05F_script02_2_M027.npy
Ses05F_script02_2_M031,Session5,sad,2.5,2.5,2.5,308.595,312.7386,mfcc_regression/Ses05F_script02_2_M031.npy
Ses05F_script02_2_M032,Session5,sad,2.0,2.5,3.0,332.5875,336.5306,mfcc_regression/Ses05F_script02_2_M032.npy
Ses05F_script02_2_M033,Session5,sad,1.5,2.5,2.5,337.59,342.52,mfcc_regression/Ses05F_script02_2_M033.npy
Ses05F_script02_2_M035,Session5,hap,4.0,2.5,3.0,374.2571,381.1073,mfcc_regression/Ses05F_script02_2_M035.npy
Ses05F_script02_2_M036,Session5,hap,4.0,3.5,3.0,387.17,393.8721,mfcc_regression/Ses05F_script02_2_M036.npy
Ses05F_script02_2_M037,Session5,hap,4.0,3.5,3.0,404.2645,407.2719,mfcc_regression/Ses05F_script02_2_M037.npy
Ses05F_script02_2_M040,Session5,hap,4.0,3.0,2.5,428.1568,433.3362,mfcc_regression/Ses05F_script02_2_M040.npy
Ses05F_script02_2_M041,Session5,hap,3.5,2.0,2.5,436.5441,438.382,mfcc_regression/Ses05F_script02_2_M041.npy
Ses05F_impro01_F000,Session5,neu,4.0,2.5,3.0,3.6132,6.17,mfcc_regression/Ses05F_impro01_F000.npy
Ses05F_impro01_F001,Session5,fru,2.5,3.0,3.0,14.15,19.49,mfcc_regression/Ses05F_impro01_F001.npy
Ses05F_impro01_F002,Session5,fru,2.5,3.0,3.5,22.85,26.9,mfcc_regression/Ses05F_impro01_F002.npy
Ses05F_impro01_F003,Session5,fru,2.5,3.0,3.0,29.98,34.46,mfcc_regression/Ses05F_impro01_F003.npy
Ses05F_impro01_F004,Session5,fru,2.5,3.5,3.0,39.48,42.18,mfcc_regression/Ses05F_impro01_F004.npy
Ses05F_impro01_F005,Session5,fru,2.5,3.5,3.0,42.84,45.78,mfcc_regression/Ses05F_impro01_F005.npy
Ses05F_impro01_F006,Session5,fru,2.0,3.5,4.0,46.82,53.74,mfcc_regression/Ses05F_impro01_F006.npy
Ses05F_impro01_F007,Session5,fru,2.0,3.5,4.0,58.28,65.33,mfcc_regression/Ses05F_impro01_F007.npy
Ses05F_impro01_F008,Session5,neu,2.0,3.5,3.5,65.34,69.58,mfcc_regression/Ses05F_impro01_F008.npy
Ses05F_impro01_F009,Session5,fru,1.5,3.0,3.5,74.06,76.68,mfcc_regression/Ses05F_impro01_F009.npy
Ses05F_impro01_F010,Session5,fru,1.5,3.5,3.5,86.89,88.5,mfcc_regression/Ses05F_impro01_F010.npy
Ses05F_impro01_F011,Session5,fru,2.0,3.0,3.5,88.52,91.5428,mfcc_regression/Ses05F_impro01_F011.npy
Ses05F_impro01_F012,Session5,fru,2.0,3.5,4.0,96.25,101.6,mfcc_regression/Ses05F_impro01_F012.npy
Ses05F_impro01_F013,Session5,fru,2.0,3.5,4.0,117.86,128.73,mfcc_regression/Ses05F_impro01_F013.npy
Ses05F_impro01_F014,Session5,fru,2.0,4.0,4.5,130.3,134.77,mfcc_regression/Ses05F_impro01_F014.npy
Ses05F_impro01_F015,Session5,fru,2.5,3.0,3.0,135.38,136.73,mfcc_regression/Ses05F_impro01_F015.npy
Ses05F_impro01_F016,Session5,fru,1.5,3.5,4.5,136.76,140.55,mfcc_regression/Ses05F_impro01_F016.npy
Ses05F_impro01_F017,Session5,ang,1.5,4.0,4.0,144.68,150.7,mfcc_regression/Ses05F_impro01_F017.npy
Ses05F_impro01_F018,Session5,ang,1.5,4.0,4.0,150.95,152.51,mfcc_regression/Ses05F_impro01_F018.npy
Ses05F_impro01_F019,Session5,fru,2.0,4.0,4.0,154.96,159.55,mfcc_regression/Ses05F_impro01_F019.npy
Ses05F_impro01_F020,Session5,ang,2.0,3.0,4.0,160.01,164.82,mfcc_regression/Ses05F_impro01_F020.npy
Ses05F_impro01_F021,Session5,fru,2.0,3.0,3.5,167.25,169.38,mfcc_regression/Ses05F_impro01_F021.npy
Ses05F_impro01_F022,Session5,fru,2.0,3.0,3.5,171.71,174.13,mfcc_regression/Ses05F_impro01_F022.npy
Ses05F_impro01_F023,Session5,fru,2.0,3.0,2.5,179.52,181.6059,mfcc_regression/Ses05F_impro01_F023.npy
Ses05F_impro01_M000,Session5,neu,2.5,2.5,4.0,5.78,14.78,mfcc_regression/Ses05F_impro01_M000.npy
Ses05F_impro01_M003,Session5,neu,2.0,4.0,3.5,34.11,40.88,mfcc_regression/Ses05F_impro01_M003.npy
Ses05F_impro01_M004,Session5,fru,2.0,4.0,4.0,41.11,44.39,mfcc_regression/Ses05F_impro01_M004.npy
Ses05F_impro01_M005,Session5,fru,2.0,4.0,4.0,44.42,48.16,mfcc_regression/Ses05F_impro01_M005.npy
Ses05F_impro01_M006,Session5,fru,2.0,3.5,4.5,52.11,59.09,mfcc_regression/Ses05F_impro01_M006.npy
Ses05F_impro01_M007,Session5,fru,2.0,3.0,3.0,67.69,69.34,mfcc_regression/Ses05F_impro01_M007.npy
Ses05F_impro01_M008,Session5,fru,2.0,4.0,4.0,69.37,74.36,mfcc_regression/Ses05F_impro01_M008.npy
Ses05F_impro01_M009,Session5,fru,1.5,3.5,4.0,76.16,87.3,mfcc_regression/Ses05F_impro01_M009.npy
Ses05F_impro01_M010,Session5,fru,2.5,3.5,3.5,87.6,89.6,mfcc_regression/Ses05F_impro01_M010.npy
Ses05F_impro01_M011,Session5,fru,1.5,3.5,4.5,91.31,99.88,mfcc_regression/Ses05F_impro01_M011.npy
Ses05F_impro01_M012,Session5,fru,1.5,4.0,4.5,100.52,110.6,mfcc_regression/Ses05F_impro01_M012.npy
Ses05F_impro01_M013,Session5,fru,1.5,4.0,4.5,111.08,118.47,mfcc_regression/Ses05F_impro01_M013.npy
Ses05F_impro01_M014,Session5,fru,2.0,4.0,4.0,127.97,131.11,mfcc_regression/Ses05F_impro01_M014.npy
Ses05F_impro01_M015,Session5,fru,2.0,3.5,4.0,132.11,135.5,mfcc_regression/Ses05F_impro01_M015.npy
Ses05F_impro01_M017,Session5,fru,2.0,3.0,4.0,140.15,145.88,mfcc_regression/Ses05F_impro01_M017.npy
Ses05F_impro01_M018,Session5,fru,2.0,4.0,4.0,149.42,151.69,mfcc_regression/Ses05F_impro01_M018.npy
Ses05F_impro01_M019,Session5,fru,2.5,4.0,4.0,151.7151,157.73,mfcc_regression/Ses05F_impro01_M019.npy
Ses05F_impro01_M020,Session5,fru,2.0,3.5,3.5,158.43,161.22,mfcc_regression/Ses05F_impro01_M020.npy
Ses05F_impro01_M021,Session5,fru,2.0,3.5,4.0,163.35,167.67,mfcc_regression/Ses05F_impro01_M021.npy
Ses05F_impro01_M023,Session5,fru,2.0,4.0,4.5,173.52,179.84,mfcc_regression/Ses05F_impro01_M023.npy
Ses05M_script01_2_F002,Session5,neu,2.3333,3.3333,3.6667,18.51,21.46,mfcc_regression/Ses05M_script01_2_F002.npy
Ses05M_script01_2_F004,Session5,neu,2.3333,2.3333,2.6667,36.39,38.88,mfcc_regression/Ses05M_script01_2_F004.npy
Ses05M_script01_2_F005,Session5,ang,2.0,3.3333,3.0,42.26,44.63,mfcc_regression/Ses05M_script01_2_F005.npy
Ses05M_script01_2_F010,Session5,fru,2.0,4.0,4.0,88.41,98.01,mfcc_regression/Ses05M_script01_2_F010.npy
Ses05M_script01_2_F011,Session5,fru,1.6667,4.0,4.0,98.51,105.2,mfcc_regression/Ses05M_script01_2_F011.npy
Ses05M_script01_2_F014,Session5,fru,3.0,3.3333,3.0,118.61,123.15,mfcc_regression/Ses05M_script01_2_F014.npy
Ses05M_script01_2_F015,Session5,ang,2.0,3.6667,3.6667,123.46,126.44,mfcc_regression/Ses05M_script01_2_F015.npy
Ses05M_script01_2_F017,Session5,ang,2.0,3.6667,2.6667,135.41,136.9,mfcc_regression/Ses05M_script01_2_F017.npy
Ses05M_script01_2_M000,Session5,neu,3.0,2.6667,2.3333,8.19,10.68,mfcc_regression/Ses05M_script01_2_M000.npy
Ses05M_script01_2_M001,Session5,neu,3.0,3.0,2.6667,13.86,19.4,mfcc_regression/Ses05M_script01_2_M001.npy
Ses05M_script01_2_M002,Session5,fru,2.6667,3.3333,3.0,21.05,31.06,mfcc_regression/Ses05M_script01_2_M002.npy
Ses05M_script01_2_M003,Session5,neu,2.6667,3.0,2.6667,33.79,37.11,mfcc_regression/Ses05M_script01_2_M003.npy
Ses05M_script01_2_M004,Session5,fru,3.0,3.3333,2.6667,39.03,42.41,mfcc_regression/Ses05M_script01_2_M004.npy
Ses05M_script01_2_M005,Session5,fru,2.3333,3.0,2.6667,44.31,47.68,mfcc_regression/Ses05M_script01_2_M005.npy
Ses05M_script01_2_M007,Session5,fru,2.0,3.3333,3.0,62.77,66.17,mfcc_regression/Ses05M_script01_2_M007.npy
Ses05M_script01_2_M008,Session5,fru,2.6667,3.3333,3.0,75.06,79.5,mfcc_regression/Ses05M_script01_2_M008.npy
Ses05M_script01_2_M009,Session5,fru,1.6667,3.6667,3.0,86.84,89.65,mfcc_regression/Ses05M_script01_2_M009.npy
Ses05M_script01_2_M010,Session5,fru,2.3333,3.0,2.6667,97.51,99.04,mfcc_regression/Ses05M_script01_2_M010.npy
Ses05M_script01_2_M011,Session5,fru,2.6667,2.3333,3.3333,111.82,113.93,mfcc_regression/Ses05M_script01_2_M011.npy
Ses05M_script01_2_M012,Session5,fru,3.0,3.3333,3.3333,116.98,119.21,mfcc_regression/Ses05M_script01_2_M012.npy
Ses05M_script01_2_M013,Session5,fru,3.0,3.3333,3.3333,122.69,124.72,mfcc_regression/Ses05M_script01_2_M013.npy
Ses05M_script01_2_M015,Session5,ang,2.0,4.0,4.0,132.84,136.22,mfcc_regression/Ses05M_script01_2_M015.npy
Ses05M_script01_2_M016,Session5,ang,1.6667,4.0,4.3333,136.6,140.58,mfcc_regression/Ses05M_script01_2_M016.npy
Ses05F_impro05_F000,Session5,neu,2.5,2.5,3.0,2.26,11.56,mfcc_regression/Ses05F_impro05_F000.npy
Ses05F_impro05_F001,Session5,neu,2.5,2.5,3.0,11.59,15.1665,mfcc_regression/Ses05F_impro05_F001.npy
Ses05F_impro05_F002,Session5,neu,3.0,2.0,2.5,15.195,17.8748,mfcc_regression/Ses05F_impro05_F002.npy
Ses05F_impro05_F003,Session5,fru,2.5,3.0,3.0,24.1752,28.9646,mfcc_regression/Ses05F_impro05_F003.npy
Ses05F_impro05_F004,Session5,neu,2.5,2.5,2.5,30.89,32.26,mfcc_regression/Ses05F_impro05_F004.npy
Ses05F_impro05_F005,Session5,neu,2.5,2.0,2.5,33.08,34.36,mfcc_regression/Ses05F_impro05_F005.npy
Ses05F_impro05_F006,Session5,neu,3.0,2.0,2.5,42.05,43.3329,mfcc_regression/Ses05F_impro05_F006.npy
Ses05F_impro05_F007,Session5,neu,2.5,3.0,3.0,52.028,57.38,mfcc_regression/Ses05F_impro05_F007.npy
Ses05F_impro05_F008,Session5,fru,2.5,3.0,3.0,61.89,66.92,mfcc_regression/Ses05F_impro05_F008.npy
Ses05F_impro05_F009,Session5,fru,2.5,2.5,3.5,75.1483,78.54,mfcc_regression/Ses05F_impro05_F009.npy
Ses05F_impro05_F010,Session5,neu,2.5,3.0,3.5,80.71,87.82,mfcc_regression/Ses05F_impro05_F010.npy
Ses05F_impro05_F011,Session5,fru,2.0,3.0,3.0,88.8,91.58,mfcc_regression/Ses05F_impro05_F011.npy
Ses05F_impro05_F012,Session5,fru,2.0,4.0,4.0,91.6,95.41,mfcc_regression/Ses05F_impro05_F012.npy
Ses05F_impro05_F013,Session5,fru,2.5,2.5,2.5,99.84,101.12,mfcc_regression/Ses05F_impro05_F013.npy
Ses05F_impro05_F014,Session5,fru,2.5,2.5,3.5,111.2,116.09,mfcc_regression/Ses05F_impro05_F014.npy
Ses05F_impro05_F017,Session5,fru,2.0,3.5,4.5,135.97,142.29,mfcc_regression/Ses05F_impro05_F017.npy
Ses05F_impro05_F018,Session5,ang,1.5,3.5,4.5,146.72,155.09,mfcc_regression/Ses05F_impro05_F018.npy
Ses05F_impro05_F019,Session5,ang,2.0,3.5,4.5,163.64,168.5,mfcc_regression/Ses05F_impro05_F019.npy
Ses05F_impro05_F020,Session5,ang,2.0,3.5,4.0,172.11,180.74,mfcc_regression/Ses05F_impro05_F020.npy
Ses05F_impro05_F021,Session5,ang,1.5,3.5,4.0,184.96,198.73,mfcc_regression/Ses05F_impro05_F021.npy
Ses05F_impro05_F022,Session5,ang,2.0,4.0,4.0,202.3531,208.07,mfcc_regression/Ses05F_impro05_F022.npy
Ses05F_impro05_F023,Session5,ang,2.0,4.0,4.0,208.1118,212.0,mfcc_regression/Ses05F_impro05_F023.npy
Ses05F_impro05_F024,Session5,ang,2.5,4.0,4.0,220.7981,226.66,mfcc_regression/Ses05F_impro05_F024.npy
Ses05F_impro05_F026,Session5,fru,2.0,4.0,4.5,233.1138,239.28,mfcc_regression/Ses05F_impro05_F026.npy
Ses05F_impro05_F027,Session5,fru,2.0,3.5,4.0,244.34,252.46,mfcc_regression/Ses05F_impro05_F027.npy
Ses05F_impro05_F028,Session5,fru,2.5,3.0,3.5,257.23,259.79,mfcc_regression/Ses05F_impro05_F028.npy
Ses05F_impro05_F030,Session5,fru,2.0,3.5,3.5,271.2011,273.72,mfcc_regression/Ses05F_impro05_F030.npy
Ses05F_impro05_F031,Session5,ang,2.0,3.0,4.5,277.06,279.36,mfcc_regression/Ses05F_impro05_F031.npy
Ses05F_impro05_F033,Session5,ang,2.5,4.0,4.0,294.72,298.41,mfcc_regression/Ses05F_impro05_F033.npy
Ses05F_impro05_F034,Session5,ang,2.5,4.0,3.5,298.47,303.53,mfcc_regression/Ses05F_impro05_F034.npy
Ses05F_impro05_F036,Session5,fru,1.5,4.0,4.5,312.65,320.34,mfcc_regression/Ses05F_impro05_F036.npy
Ses05F_impro05_F037,Session5,fru,2.0,3.0,3.5,324.79,326.83,mfcc_regression/Ses05F_impro05_F037.npy
Ses05F_impro05_F038,Session5,fru,2.0,2.5,3.5,329.672,331.75,mfcc_regression/Ses05F_impro05_F038.npy
Ses05F_impro05_F039,Session5,fru,2.0,3.0,4.0,333.42,338.76,mfcc_regression/Ses05F_impro05_F039.npy
Ses05F_impro05_F040,Session5,fru,2.0,3.5,3.5,340.91,344.72,mfcc_regression/Ses05F_impro05_F040.npy
Ses05F_impro05_F041,Session5,ang,1.0,4.5,4.5,346.09,355.74,mfcc_regression/Ses05F_impro05_F041.npy
Ses05F_impro05_F042,Session5,ang,1.5,4.0,4.5,355.76,358.78,mfcc_regression/Ses05F_impro05_F042.npy
Ses05F_impro05_F044,Session5,fru,2.0,3.5,3.5,373.39,375.85,mfcc_regression/Ses05F_impro05_F044.npy
Ses05F_impro05_F045,Session5,fru,2.5,2.5,2.5,384.96,386.9,mfcc_regression/Ses05F_impro05_F045.npy
Ses05F_impro05_M000,Session5,neu,3.0,3.0,3.0,9.76,11.85,mfcc_regression/Ses05F_impro05_M000.npy
Ses05F_impro05_M001,Session5,neu,3.0,2.5,3.0,13.22,15.36,mfcc_regression/Ses05F_impro05_M001.npy
Ses05F_impro05_M002,Session5,neu,3.0,2.5,3.0,17.6467,24.71,mfcc_regression/Ses05F_impro05_M002.npy
Ses05F_impro05_M003,Session5,neu,3.0,3.0,3.0,28.7936,33.56,mfcc_regression/Ses05F_impro05_M003.npy
Ses05F_impro05_M004,Session5,neu,3.0,2.5,3.0,33.99,37.9253,mfcc_regression/Ses05F_impro05_M004.npy
Ses05F_impro05_M005,Session5,neu,3.0,3.5,3.5,38.686,43.37,mfcc_regression/Ses05F_impro05_M005.npy
Ses05F_impro05_M006,Session5,neu,2.5,3.0,3.5,43.43,48.2934,mfcc_regression/Ses05F_impro05_M006.npy
Ses05F_impro05_M007,Session5,neu,2.5,3.5,3.5,48.3219,52.36,mfcc_regression/Ses05F_impro05_M007.npy
Ses05F_impro05_M008,Session5,neu,2.5,2.0,3.5,55.75,62.81,mfcc_regression/Ses05F_impro05_M008.npy
Ses05F_impro05_M009,Session5,neu,2.5,3.0,4.0,66.48,75.1483,mfcc_regression/Ses05F_impro05_M009.npy
Ses05F_impro05_M010,Session5,neu,2.5,2.5,3.5,77.21,81.62,mfcc_regression/Ses05F_impro05_M010.npy
Ses05F_impro05_M011,Session5,fru,3.5,2.5,3.0,87.21,89.47,mfcc_regression/Ses05F_impro05_M011.npy
Ses05F_impro05_M012,Session5,neu,2.5,2.0,3.0,91.38,93.14,mfcc_regression/Ses05F_impro05_M012.npy
Ses05F_impro05_M013,Session5,fru,3.0,2.5,4.0,94.58,100.56,mfcc_regression/Ses05F_impro05_M013.npy
Ses05F_impro05_M014,Session5,neu,3.0,3.0,3.5,100.59,112.72,mfcc_regression/Ses05F_impro05_M014.npy
Ses05F_impro05_M015,Session5,neu,3.0,2.5,3.0,115.42,117.43,mfcc_regression/Ses05F_impro05_M015.npy
Ses05F_impro05_M016,Session5,neu,2.5,3.0,3.5,117.77,127.43,mfcc_regression/Ses05F_impro05_M016.npy
Ses05F_impro05_M017,Session5,neu,2.5,2.5,4.0,131.082,138.83,mfcc_regression/Ses05F_impro05_M017.npy
Ses05F_impro05_M018,Session5,neu,2.5,3.0,3.5,141.7156,147.43,mfcc_regression/Ses05F_impro05_M018.npy
Ses05F_impro05_M019,Session5,neu,2.5,3.5,2.5,149.46,150.57,mfcc_regression/Ses05F_impro05_M019.npy
Ses05F_impro05_M020,Session5,fru,2.5,3.0,3.0,150.6,151.8076,mfcc_regression/Ses05F_impro05_M020.npy
Ses05F_impro05_M021,Session5,fru,2.5,2.5,3.0,151.84,153.09,mfcc_regression/Ses05F_impro05_M021.npy
Ses05F_impro05_M022,Session5,neu,2.5,2.5,3.5,153.46,160.0793,mfcc_regression/Ses05F_impro05_M022.npy
Ses05F_impro05_M023,Session5,neu,2.5,2.5,4.0,160.1078,165.6,mfcc_regression/Ses05F_impro05_M023.npy
Ses05F_impro05_M025,Session5,neu,2.5,3.5,3.5,180.24,185.19,mfcc_regression/Ses05F_impro05_M025.npy
Ses05F_impro05_M026,Session5,fru,3.0,2.5,3.0,185.28,188.7,mfcc_regression/Ses05F_impro05_M026.npy
Ses05F_impro05_M027,Session5,fru,2.5,3.0,3.5,197.66,204.16,mfcc_regression/Ses05F_impro05_M027.npy
Ses05F_impro05_M028,Session5,fru,3.0,2.5,2.5,206.82,208.89,mfcc_regression/Ses05F_impro05_M028.npy
Ses05F_impro05_M029,Session5,fru,2.5,3.0,4.0,211.11,221.4,mfcc_regression/Ses05F_impro05_M029.npy
Ses05F_impro05_M030,Session5,neu,3.0,3.0,3.0,225.71,228.4669,mfcc_regression/Ses05F_impro05_M030.npy
Ses05F_impro05_M031,Session5,neu,2.5,3.0,3.5,229.6,233.56,mfcc_regression/Ses05F_impro05_M031.npy
Ses05F_impro05_M032,Session5,neu,3.0,3.5,4.0,238.79,245.45,mfcc_regression/Ses05F_impro05_M032.npy
Ses05F_impro05_M033,Session5,neu,2.0,3.0,4.0,250.96,258.66,mfcc_regression/Ses05F_impro05_M033.npy
Ses05F_impro05_M034,Session5,neu,3.0,3.0,3.0,259.25,262.14,mfcc_regression/Ses05F_impro05_M034.npy
Ses05F_impro05_M035,Session5,fru,3.0,3.0,3.5,264.9292,271.51,mfcc_regression/Ses05F_impro05_M035.npy
Ses05F_impro05_M036,Session5,neu,2.5,3.0,3.5,271.56,278.31,mfcc_regression/Ses05F_impro05_M036.npy
Ses05F_impro05_M037,Session5,neu,2.5,3.0,2.5,278.56,280.91,mfcc_regression/Ses05F_impro05_M037.npy
Ses05F_impro05_M038,Session5,fru,2.5,3.0,3.0,280.97,283.44,mfcc_regression/Ses05F_impro05_M038.npy
Ses05F_impro05_M039,Session5,neu,2.5,3.0,4.0,289.83,296.59,mfcc_regression/Ses05F_impro05_M039.npy
Ses05F_impro05_M040,Session5,neu,2.5,2.5,3.0,298.0,299.46,mfcc_regression/Ses05F_impro05_M040.npy
Ses05F_impro05_M041,Session5,neu,3.0,3.0,3.5,301.53,304.58,mfcc_regression/Ses05F_impro05_M041.npy
Ses05F_impro05_M043,Session5,fru,3.0,3.0,4.0,319.46,326.9644,mfcc_regression/Ses05F_impro05_M043.npy
Ses05F_impro05_M044,Session5,fru,3.0,3.0,3.0,326.98,329.3014,mfcc_regression/Ses05F_impro05_M044.npy
Ses05F_impro05_M045,Session5,fru,2.5,2.5,3.5,330.6,334.14,mfcc_regression/Ses05F_impro05_M045.npy
Ses05F_impro05_M046,Session5,fru,3.0,3.0,3.5,337.52,342.54,mfcc_regression/Ses05F_impro05_M046.npy
Ses05F_impro05_M047,Session5,fru,2.5,3.0,3.5,343.97,346.4064,mfcc_regression/Ses05F_impro05_M047.npy
Ses05F_impro05_M048,Session5,neu,3.0,3.0,2.5,355.62,357.0,mfcc_regression/Ses05F_impro05_M048.npy
Ses05F_impro05_M049,Session5,fru,2.5,3.5,4.5,358.1,365.26,mfcc_regression/Ses05F_impro05_M049.npy
Ses05F_impro05_M050,Session5,neu,2.5,3.5,4.0,365.3,370.53,mfcc_regression/Ses05F_impro05_M050.npy
Ses05F_impro05_M051,Session5,neu,3.0,2.5,2.5,371.63,374.16,mfcc_regression/Ses05F_impro05_M051.npy
Ses05F_impro05_M052,Session5,neu,3.5,3.0,3.5,375.1,385.14,mfcc_regression/Ses05F_impro05_M052.npy
Ses05F_impro05_M053,Session5,neu,4.0,2.5,3.0,386.39,388.27,mfcc_regression/Ses05F_impro05_M053.npy
Ses05F_impro04_F000,Session5,sad,2.5,2.0,3.0,5.18,9.76,mfcc_regression/Ses05F_impro04_F000.npy
Ses05F_impro04_F002,Session5,fru,2.0,3.0,3.0,29.45,36.38,mfcc_regression/Ses05F_impro04_F002.npy
Ses05F_impro04_F003,Session5,fru,1.5,3.5,3.5,40.14,44.28,mfcc_regression/Ses05F_impro04_F003.npy
Ses05F_impro04_F004,Session5,fru,1.5,3.5,4.0,49.54,66.46,mfcc_regression/Ses05F_impro04_F004.npy
Ses05F_impro04_F005,Session5,fru,1.5,3.5,4.5,66.53,68.15,mfcc_regression/Ses05F_impro04_F005.npy
Ses05F_impro04_F006,Session5,fru,1.5,3.5,4.5,71.26,75.44,mfcc_regression/Ses05F_impro04_F006.npy
Ses05F_impro04_F007,Session5,fru,1.5,3.5,4.0,75.86,80.96,mfcc_regression/Ses05F_impro04_F007.npy
Ses05F_impro04_F008,Session5,ang,1.5,4.0,4.5,83.89,89.8,mfcc_regression/Ses05F_impro04_F008.npy
Ses05F_impro04_F009,Session5,fru,1.5,3.0,4.0,95.17,107.36,mfcc_regression/Ses05F_impro04_F009.npy
Ses05F_impro04_F010,Session5,fru,1.5,4.0,4.5,108.31,116.04,mfcc_regression/Ses05F_impro04_F010.npy
Ses05F_impro04_F011,Session5,fru,2.5,3.5,3.5,118.95,121.71,mfcc_regression/Ses05F_impro04_F011.npy
Ses05F_impro04_F012,Session5,fru,2.0,4.0,4.5,124.48,128.08,mfcc_regression/Ses05F_impro04_F012.npy
Ses05F_impro04_F013,Session5,fru,2.5,2.5,3.0,131.82,135.81,mfcc_regression/Ses05F_impro04_F013.npy
Ses05F_impro04_F014,Session5,fru,1.5,3.5,4.5,138.28,145.89,mfcc_regression/Ses05F_impro04_F014.npy
Ses05F_impro04_F015,Session5,sad,2.0,2.0,3.5,158.49,167.21,mfcc_regression/Ses05F_impro04_F015.npy
Ses05F_impro04_F016,Session5,sad,2.0,2.0,2.5,168.51,172.4321,mfcc_regression/Ses05F_impro04_F016.npy
Ses05F_impro04_F017,Session5,sad,2.0,2.0,3.5,179.1,184.95,mfcc_regression/Ses05F_impro04_F017.npy
Ses05F_impro04_F019,Session5,sad,2.5,2.0,2.5,197.53,199.65,mfcc_regression/Ses05F_impro04_F019.npy
Ses05F_impro04_F020,Session5,fru,1.5,4.5,4.0,224.13,226.81,mfcc_regression/Ses05F_impro04_F020.npy
Ses05F_impro04_F022,Session5,sad,2.0,2.5,3.5,248.33,250.52,mfcc_regression/Ses05F_impro04_F022.npy
Ses05F_impro04_F023,Session5,sad,2.5,3.5,3.5,256.35,262.2,mfcc_regression/Ses05F_impro04_F023.npy
Ses05F_impro04_F024,Session5,fru,1.5,3.5,4.5,265.5,275.22,mfcc_regression/Ses05F_impro04_F024.npy
Ses05F_impro04_F026,Session5,fru,2.0,2.0,2.5,285.75,287.43,mfcc_regression/Ses05F_impro04_F026.npy
Ses05F_impro04_F028,Session5,fru,2.5,3.0,3.5,302.78,308.04,mfcc_regression/Ses05F_impro04_F028.npy
Ses05F_impro04_F029,Session5,fru,2.5,1.5,2.5,310.65,312.8,mfcc_regression/Ses05F_impro04_F029.npy
Ses05F_impro04_F030,Session5,fru,2.5,2.5,3.0,312.87,316.33,mfcc_regression/Ses05F_impro04_F030.npy
Ses05F_impro04_F031,Session5,fru,3.0,3.0,3.5,316.36,318.29,mfcc_regression/Ses05F_impro04_F031.npy
Ses05F_impro04_F032,Session5,fru,2.5,3.5,3.5,318.34,320.91,mfcc_regression/Ses05F_impro04_F032.npy
Ses05F_impro04_F033,Session5,fru,2.5,3.0,3.5,323.33,328.76,mfcc_regression/Ses05F_impro04_F033.npy
Ses05F_impro04_F034,Session5,fru,2.5,3.0,2.5,329.96,332.06,mfcc_regression/Ses05F_impro04_F034.npy
Ses05F_impro04_F035,Session5,fru,2.5,3.0,2.0,333.68,336.64,mfcc_regression/Ses05F_impro04_F035.npy
Ses05F_impro04_F036,Session5,fru,2.5,2.5,3.5,337.32,344.69,mfcc_regression/Ses05F_impro04_F036.npy
Ses05F_impro04_F037,Session5,fru,3.0,2.0,2.5,350.69,352.31,mfcc_regression/Ses05F_impro04_F037.npy
Ses05F_impro04_F038,Session5,neu,3.0,3.0,2.5,353.5,356.19,mfcc_regression/Ses05F_impro04_F038.npy
Ses05F_impro04_F039,Session5,neu,2.5,2.5,2.5,357.03,359.66,mfcc_regression/Ses05F_impro04_F039.npy
Ses05F_impro04_F040,Session5,neu,2.5,2.0,2.5,361.96,363.41,mfcc_regression/Ses05F_impro04_F040.npy
Ses05F_impro04_F041,Session5,neu,3.0,2.5,3.0,365.91,368.46,mfcc_regression/Ses05F_impro04_F041.npy
Ses05F_impro04_F042,Session5,sad,2.5,3.0,3.0,381.37,389.79,mfcc_regression/Ses05F_impro04_F042.npy
Ses05F_impro04_F043,Session5,neu,3.0,3.5,3.0,389.8,391.11,mfcc_regression/Ses05F_impro04_F043.npy
Ses05F_impro04_F044,Session5,neu,3.5,3.0,3.5,395.47,396.95,mfcc_regression/Ses05F_impro04_F044.npy
Ses05F_impro04_F045,Session5,neu,3.0,3.0,2.5,398.68,400.71,mfcc_regression/Ses05F_impro04_F045.npy
Ses05F_impro04_M000,Session5,neu,2.0,2.5,3.0,10.71,15.63,mfcc_regression/Ses05F_impro04_M000.npy
Ses05F_impro04_M001,Session5,neu,2.5,3.0,3.5,25.96,31.02,mfcc_regression/Ses05F_impro04_M001.npy
Ses05F_impro04_M002,Session5,fru,2.0,3.0,3.0,35.99,41.26,mfcc_regression/Ses05F_impro04_M002.npy
Ses05F_impro04_M003,Session5,neu,2.5,3.0,3.0,43.93,49.07,mfcc_regression/Ses05F_impro04_M003.npy
Ses05F_impro04_M004,Session5,neu,2.5,2.5,3.5,65.44,67.4,mfcc_regression/Ses05F_impro04_M004.npy
Ses05F_impro04_M005,Session5,neu,3.5,4.0,3.5,67.66,72.36,mfcc_regression/Ses05F_impro04_M005.npy
Ses05F_impro04_M006,Session5,fru,3.0,2.5,2.5,75.01,76.28,mfcc_regression/Ses05F_impro04_M006.npy
Ses05F_impro04_M007,Session5,neu,3.0,3.5,3.0,80.5,84.99,mfcc_regression/Ses05F_impro04_M007.npy
Ses05F_impro04_M008,Session5,neu,2.5,3.5,3.0,89.44,95.3,mfcc_regression/Ses05F_impro04_M008.npy
Ses05F_impro04_M009,Session5,neu,2.5,3.0,3.5,106.36,110.45,mfcc_regression/Ses05F_impro04_M009.npy
Ses05F_impro04_M010,Session5,neu,2.5,2.5,3.0,115.65,119.44,mfcc_regression/Ses05F_impro04_M010.npy
Ses05F_impro04_M011,Session5,neu,3.0,3.0,2.5,121.48,125.44,mfcc_regression/Ses05F_impro04_M011.npy
Ses05F_impro04_M012,Session5,neu,2.5,3.5,3.5,127.66,130.95,mfcc_regression/Ses05F_impro04_M012.npy
Ses05F_impro04_M013,Session5,neu,3.5,3.0,3.0,135.81,139.6,mfcc_regression/Ses05F_impro04_M013.npy
Ses05F_impro04_M014,Session5,fru,1.5,3.5,3.5,147.66,162.44,mfcc_regression/Ses05F_impro04_M014.npy
Ses05F_impro04_M015,Session5,neu,2.5,3.0,3.5,172.14,179.36,mfcc_regression/Ses05F_impro04_M015.npy
Ses05F_impro04_M016,Session5,neu,3.0,2.5,3.5,185.01,191.18,mfcc_regression/Ses05F_impro04_M016.npy
Ses05F_impro04_M017,Session5,neu,3.0,3.0,3.0,193.34,197.83,mfcc_regression/Ses05F_impro04_M017.npy
Ses05F_impro04_M019,Session5,fru,2.0,3.5,4.0,226.21,230.43,mfcc_regression/Ses05F_impro04_M019.npy
Ses05F_impro04_M020,Session5,neu,2.5,3.0,4.0,232.51,249.18,mfcc_regression/Ses05F_impro04_M020.npy
Ses05F_impro04_M021,Session5,fru,2.5,3.0,4.0,250.18,256.37,mfcc_regression/Ses05F_impro04_M021.npy
Ses05F_impro04_M022,Session5,neu,2.5,3.0,3.5,261.85,265.79,mfcc_regression/Ses05F_impro04_M022.npy
Ses05F_impro04_M023,Session5,fru,2.0,3.5,3.0,274.69,276.6,mfcc_regression/Ses05F_impro04_M023.npy
Ses05F_impro04_M024,Session5,neu,2.0,2.5,3.5,281.81,285.94,mfcc_regression/Ses05F_impro04_M024.npy
Ses05F_impro04_M025,Session5,neu,2.5,3.0,4.0,286.02,298.79,mfcc_regression/Ses05F_impro04_M025.npy
Ses05F_impro04_M026,Session5,neu,3.0,3.0,3.5,300.47,305.36,mfcc_regression/Ses05F_impro04_M026.npy
Ses05F_impro04_M027,Session5,neu,3.0,3.0,3.0,306.08,310.1,mfcc_regression/Ses05F_impro04_M027.npy
Ses05F_impro04_M028,Session5,neu,3.0,3.5,3.0,311.09,313.31,mfcc_regression/Ses05F_impro04_M028.npy
Ses05F_impro04_M029,Session5,neu,3.0,2.5,2.5,315.97,317.34,mfcc_regression/Ses05F_impro04_M029.npy
Ses05F_impro04_M030,Session5,neu,3.0,2.5,3.0,317.36,319.28,mfcc_regression/Ses05F_impro04_M030.npy
Ses05F_impro04_M031,Session5,neu,3.0,3.0,3.0,319.4,323.4,mfcc_regression/Ses05F_impro04_M031.npy
Ses05F_impro04_M032,Session5,neu,3.0,3.0,3.0,328.23,331.95,mfcc_regression/Ses05F_impro04_M032.npy
Ses05F_impro04_M033,Session5,neu,3.0,3.5,3.5,332.12,335.52,mfcc_regression/Ses05F_impro04_M033.npy
Ses05F_impro04_M034,Session5,neu,2.5,2.5,3.0,344.18,350.73,mfcc_regression/Ses05F_impro04_M034.npy
Ses05F_impro04_M035,Session5,neu,3.0,3.5,3.5,350.84,354.02,mfcc_regression/Ses05F_impro04_M035.npy
Ses05F_impro04_M036,Session5,neu,3.5,2.5,2.5,355.66,357.32,mfcc_regression/Ses05F_impro04_M036.npy
Ses05F_impro04_M037,Session5,neu,3.0,2.0,3.0,358.9,362.39,mfcc_regression/Ses05F_impro04_M037.npy
Ses05F_impro04_M038,Session5,neu,3.0,2.0,2.5,363.4,365.63,mfcc_regression/Ses05F_impro04_M038.npy
Ses05F_impro04_M039,Session5,neu,3.0,3.0,3.5,368.64,380.56,mfcc_regression/Ses05F_impro04_M039.npy
Ses05F_impro04_M040,Session5,neu,3.0,2.5,3.5,387.54,390.68,mfcc_regression/Ses05F_impro04_M040.npy
Ses05F_impro04_M041,Session5,neu,3.0,2.0,3.0,392.0554,396.31,mfcc_regression/Ses05F_impro04_M041.npy
Ses05F_impro04_M042,Session5,neu,2.5,2.5,3.0,397.22,402.24,mfcc_regression/Ses05F_impro04_M042.npy
Ses05F_impro04_M043,Session5,neu,3.5,2.5,3.0,402.27,404.33,mfcc_regression/Ses05F_impro04_M043.npy
Ses05F_impro06_F000,Session5,sad,2.0,2.0,3.0,10.2102,15.607,mfcc_regression/Ses05F_impro06_F000.npy
Ses05F_impro06_F001,Session5,sad,2.0,2.5,3.0,21.25,27.558,mfcc_regression/Ses05F_impro06_F001.npy
Ses05F_impro06_F002,Session5,sad,1.5,2.0,3.0,27.9065,35.54,mfcc_regression/Ses05F_impro06_F002.npy
Ses05F_impro06_F003,Session5,sad,1.5,2.5,3.0,42.81,47.26,mfcc_regression/Ses05F_impro06_F003.npy
Ses05F_impro06_F004,Session5,sad,2.0,2.5,2.5,48.5,49.98,mfcc_regression/Ses05F_impro06_F004.npy
Ses05F_impro06_F005,Session5,sad,1.5,2.5,2.5,58.21,59.57,mfcc_regression/Ses05F_impro06_F005.npy
Ses05F_impro06_F006,Session5,sad,1.5,2.5,4.0,60.2,64.53,mfcc_regression/Ses05F_impro06_F006.npy
Ses05F_impro06_F007,Session5,sad,2.0,2.0,3.5,69.57,71.54,mfcc_regression/Ses05F_impro06_F007.npy
Ses05F_impro06_F008,Session5,sad,1.5,1.5,3.5,71.58,73.94,mfcc_regression/Ses05F_impro06_F008.npy
Ses05F_impro06_F009,Session5,sad,2.0,2.5,3.0,75.39,79.42,mfcc_regression/Ses05F_impro06_F009.npy
Ses05F_impro06_F010,Session5,sad,2.5,2.5,3.0,85.31,87.73,mfcc_regression/Ses05F_impro06_F010.npy
Ses05F_impro06_F011,Session5,sad,2.0,2.0,2.5,92.22,99.8,mfcc_regression/Ses05F_impro06_F011.npy
Ses05F_impro06_F012,Session5,sad,1.5,2.5,3.0,103.51,107.64,mfcc_regression/Ses05F_impro06_F012.npy
Ses05F_impro06_F013,Session5,sad,2.0,3.0,4.0,108.76,111.93,mfcc_regression/Ses05F_impro06_F013.npy
Ses05F_impro06_F014,Session5,sad,2.5,2.5,3.0,114.17,119.6,mfcc_regression/Ses05F_impro06_F014.npy
Ses05F_impro06_F015,Session5,sad,2.0,2.0,2.5,120.66,122.32,mfcc_regression/Ses05F_impro06_F015.npy
Ses05F_impro06_F016,Session5,sad,1.5,2.0,3.0,123.95,128.74,mfcc_regression/Ses05F_impro06_F016.npy
Ses05F_impro06_F017,Session5,sad,2.0,2.5,3.0,136.68,140.13,mfcc_regression/Ses05F_impro06_F017.npy
Ses05F_impro06_F018,Session5,sad,2.0,3.0,3.0,143.27,144.78,mfcc_regression/Ses05F_impro06_F018.npy
Ses05F_impro06_F019,Session5,sad,2.5,3.0,3.0,148.77,153.87,mfcc_regression/Ses05F_impro06_F019.npy
Ses05F_impro06_F020,Session5,sad,2.5,2.5,2.5,157.29,158.69,mfcc_regression/Ses05F_impro06_F020.npy
Ses05F_impro06_F021,Session5,sad,2.5,3.0,3.0,159.87,164.77,mfcc_regression/Ses05F_impro06_F021.npy
Ses05F_impro06_F022,Session5,sad,2.0,3.0,3.5,165.58,172.29,mfcc_regression/Ses05F_impro06_F022.npy
Ses05F_impro06_F023,Session5,sad,2.0,3.5,3.0,172.54,179.2,mfcc_regression/Ses05F_impro06_F023.npy
Ses05F_impro06_F024,Session5,sad,1.5,3.0,2.0,185.95,187.51,mfcc_regression/Ses05F_impro06_F024.npy
Ses05F_impro06_F025,Session5,sad,3.0,2.0,2.5,200.27,202.12,mfcc_regression/Ses05F_impro06_F025.npy
Ses05F_impro06_F026,Session5,sad,2.0,2.0,3.0,203.31,207.27,mfcc_regression/Ses05F_impro06_F026.npy
Ses05F_impro06_F027,Session5,sad,2.0,2.5,2.5,208.73,210.52,mfcc_regression/Ses05F_impro06_F027.npy
Ses05F_impro06_F029,Session5,sad,2.5,2.5,2.5,220.78,222.76,mfcc_regression/Ses05F_impro06_F029.npy
Ses05F_impro06_M001,Session5,sad,1.5,3.0,3.0,15.67,21.0373,mfcc_regression/Ses05F_impro06_M001.npy
Ses05F_impro06_M002,Session5,sad,2.0,2.0,3.5,36.29,43.35,mfcc_regression/Ses05F_impro06_M002.npy
Ses05F_impro06_M003,Session5,sad,2.0,2.5,2.5,50.17,53.88,mfcc_regression/Ses05F_impro06_M003.npy
Ses05F_impro06_M004,Session5,sad,2.0,2.5,3.0,54.92,58.55,mfcc_regression/Ses05F_impro06_M004.npy
Ses05F_impro06_M005,Session5,sad,2.0,3.0,3.5,64.24,67.0,mfcc_regression/Ses05F_impro06_M005.npy
Ses05F_impro06_M006,Session5,sad,2.5,2.0,2.5,67.72,69.16,mfcc_regression/Ses05F_impro06_M006.npy
Ses05F_impro06_M007,Session5,sad,2.5,2.5,3.5,70.51,72.26,mfcc_regression/Ses05F_impro06_M007.npy
Ses05F_impro06_M008,Session5,sad,2.5,3.0,3.0,78.95,85.56,mfcc_regression/Ses05F_impro06_M008.npy
Ses05F_impro06_M009,Session5,sad,3.0,2.5,2.5,87.32,88.83,mfcc_regression/Ses05F_impro06_M009.npy
Ses05F_impro06_M010,Session5,neu,3.0,2.5,3.0,90.25,92.81,mfcc_regression/Ses05F_impro06_M010.npy
Ses05F_impro06_M011,Session5,sad,2.5,2.0,3.5,107.03,109.2,mfcc_regression/Ses05F_impro06_M011.npy
Ses05F_impro06_M012,Session5,neu,2.5,2.5,3.0,111.47,114.06,mfcc_regression/Ses05F_impro06_M012.npy
Ses05F_impro06_M013,Session5,neu,2.5,2.0,2.5,119.18,120.8577,mfcc_regression/Ses05F_impro06_M013.npy
Ses05F_impro06_M014,Session5,sad,2.0,2.5,3.5,129.24,133.91,mfcc_regression/Ses05F_impro06_M014.npy
Ses05F_impro06_M017,Session5,neu,2.5,2.0,2.5,146.36,149.21,mfcc_regression/Ses05F_impro06_M017.npy
Ses05F_impro06_M018,Session5,neu,3.0,3.0,3.0,155.06,157.7158,mfcc_regression/Ses05F_impro06_M018.npy
Ses05F_impro06_M019,Session5,neu,3.0,2.0,2.5,158.05,159.89,mfcc_regression/Ses05F_impro06_M019.npy
Ses05F_impro06_M020,Session5,sad,2.0,3.0,3.0,178.74,184.46,mfcc_regression/Ses05F_impro06_M020.npy
Ses05F_impro06_M021,Session5,neu,3.0,2.0,2.5,184.7,186.34,mfcc_regression/Ses05F_impro06_M021.npy
Ses05F_impro06_M022,Session5,neu,2.5,3.5,4.0,187.9,200.71,mfcc_regression/Ses05F_impro06_M022.npy
Ses05F_impro06_M023,Session5,neu,3.0,2.0,2.5,201.61,203.7,mfcc_regression/Ses05F_impro06_M023.npy
Ses05F_impro06_M024,Session5,neu,2.5,2.0,2.5,207.09,209.07,mfcc_regression/Ses05F_impro06_M024.npy
Ses05F_impro06_M025,Session5,neu,4.0,3.0,4.0,210.48,221.85,mfcc_regression/Ses05F_impro06_M025.npy
Ses05F_impro07_F000,Session5,exc,4.5,3.5,3.5,2.7258,4.66,mfcc_regression/Ses05F_impro07_F000.npy
Ses05F_impro07_F001,Session5,exc,4.5,3.0,4.0,5.02,7.81,mfcc_regression/Ses05F_impro07_F001.npy
Ses05F_impro07_F002,Session5,exc,4.0,3.0,3.0,9.23,10.25,mfcc_regression/Ses05F_impro07_F002.npy
Ses05F_impro07_F003,Session5,exc,4.5,3.0,3.0,11.08,12.57,mfcc_regression/Ses05F_impro07_F003.npy
Ses05F_impro07_F004,Session5,exc,4.5,3.5,4.0,13.65,14.79,mfcc_regression/Ses05F_impro07_F004.npy
Ses05F_impro07_F005,Session5,exc,4.5,3.0,4.0,14.97,16.7,mfcc_regression/Ses05F_impro07_F005.npy
Ses05F_impro07_F006,Session5,hap,4.0,3.0,3.5,19.37,21.68,mfcc_regression/Ses05F_impro07_F006.npy
Ses05F_impro07_F007,Session5,neu,4.5,2.5,3.0,24.01,27.77,mfcc_regression/Ses05F_impro07_F007.npy
Ses05F_impro07_F008,Session5,exc,4.5,4.0,4.5,30.8,35.79,mfcc_regression/Ses05F_impro07_F008.npy
Ses05F_impro07_F011,Session5,exc,4.5,3.5,4.0,49.76,52.88,mfcc_regression/Ses05F_impro07_F011.npy
Ses05F_impro07_F012,Session5,exc,4.5,4.0,4.0,54.16,58.26,mfcc_regression/Ses05F_impro07_F012.npy
Ses05F_impro07_F013,Session5,exc,4.0,3.0,3.5,60.24,64.57,mfcc_regression/Ses05F_impro07_F013.npy
Ses05F_impro07_F014,Session5,exc,4.5,3.5,4.0,70.8,73.34,mfcc_regression/Ses05F_impro07_F014.npy
Ses05F_impro07_F015,Session5,exc,4.5,3.0,3.5,75.27,76.66,mfcc_regression/Ses05F_impro07_F015.npy
Ses05F_impro07_F016,Session5,exc,4.0,3.5,3.5,77.12,79.84,mfcc_regression/Ses05F_impro07_F016.npy
Ses05F_impro07_F017,Session5,exc,3.5,2.5,2.5,85.88,87.12,mfcc_regression/Ses05F_impro07_F017.npy
Ses05F_impro07_F021,Session5,exc,4.5,3.0,3.5,95.57,98.8,mfcc_regression/Ses05F_impro07_F021.npy
Ses05F_impro07_F023,Session5,exc,4.5,4.0,4.0,104.24,108.42,mfcc_regression/Ses05F_impro07_F023.npy
Ses05F_impro07_F024,Session5,exc,4.0,3.0,3.5,117.3,119.36,mfcc_regression/Ses05F_impro07_F024.npy
Ses05F_impro07_F025,Session5,exc,4.0,2.5,3.5,119.44,121.72,mfcc_regression/Ses05F_impro07_F025.npy
Ses05F_impro07_F026,Session5,exc,4.0,3.5,3.5,123.69,124.93,mfcc_regression/Ses05F_impro07_F026.npy
Ses05F_impro07_F027,Session5,exc,4.0,3.5,3.5,125.05,126.54,mfcc_regression/Ses05F_impro07_F027.npy
Ses05F_impro07_F028,Session5,exc,5.0,4.0,4.0,129.9,133.96,mfcc_regression/Ses05F_impro07_F028.npy
Ses05F_impro07_F029,Session5,exc,4.0,3.5,3.5,135.73,139.15,mfcc_regression/Ses05F_impro07_F029.npy
Ses05F_impro07_F030,Session5,exc,5.0,4.5,4.0,144.47,146.71,mfcc_regression/Ses05F_impro07_F030.npy
Ses05F_impro07_F031,Session5,exc,4.0,3.5,3.5,147.16,149.35,mfcc_regression/Ses05F_impro07_F031.npy
Ses05F_impro07_F032,Session5,exc,4.0,3.0,3.5,149.5,152.36,mfcc_regression/Ses05F_impro07_F032.npy
Ses05F_impro07_F033,Session5,exc,5.0,4.0,4.0,158.12,160.02,mfcc_regression/Ses05F_impro07_F033.npy
Ses05F_impro07_F034,Session5,exc,4.0,2.5,3.0,162.81,164.04,mfcc_regression/Ses05F_impro07_F034.npy
Ses05F_impro07_F035,Session5,exc,3.5,3.0,3.5,169.44,172.37,mfcc_regression/Ses05F_impro07_F035.npy
Ses05F_impro07_F036,Session5,exc,3.5,2.5,3.0,172.66,174.02,mfcc_regression/Ses05F_impro07_F036.npy
Ses05F_impro07_F037,Session5,exc,4.0,2.5,2.5,174.65,175.73,mfcc_regression/Ses05F_impro07_F037.npy
Ses05F_impro07_F038,Session5,exc,4.5,3.5,4.0,177.21,179.14,mfcc_regression/Ses05F_impro07_F038.npy
Ses05F_impro07_F039,Session5,exc,4.5,3.5,3.5,179.6,180.76,mfcc_regression/Ses05F_impro07_F039.npy
Ses05F_impro07_M000,Session5,exc,4.0,3.0,3.5,4.24,5.2953,mfcc_regression/Ses05F_impro07_M000.npy
Ses05F_impro07_M001,Session5,exc,4.0,3.5,3.5,7.15,10.08,mfcc_regression/Ses05F_impro07_M001.npy
Ses05F_impro07_M002,Session5,exc,4.5,4.5,4.0,10.11,12.34,mfcc_regression/Ses05F_impro07_M002.npy
Ses05F_impro07_M003,Session5,exc,4.5,3.5,4.0,12.36,14.26,mfcc_regression/Ses05F_impro07_M003.npy
Ses05F_impro07_M004,Session5,exc,4.5,3.5,4.0,14.45,17.7449,mfcc_regression/Ses05F_impro07_M004.npy
Ses05F_impro07_M005,Session5,exc,3.5,3.0,3.5,17.7762,19.94,mfcc_regression/Ses05F_impro07_M005.npy
Ses05F_impro07_M006,Session5,exc,4.0,3.5,3.5,21.06,25.82,mfcc_regression/Ses05F_impro07_M006.npy
Ses05F_impro07_M007,Session5,hap,3.5,3.5,4.5,27.2,31.37,mfcc_regression/Ses05F_impro07_M007.npy
Ses05F_impro07_M008,Session5,exc,4.5,4.0,4.0,31.62,34.09,mfcc_regression/Ses05F_impro07_M008.npy
Ses05F_impro07_M009,Session5,exc,3.5,3.0,3.0,34.9,42.61,mfcc_regression/Ses05F_impro07_M009.npy
Ses05F_impro07_M011,Session5,exc,4.0,3.0,3.5,44.94,50.17,mfcc_regression/Ses05F_impro07_M011.npy
Ses05F_impro07_M012,Session5,exc,4.5,3.0,4.0,50.66,53.3286,mfcc_regression/Ses05F_impro07_M012.npy
Ses05F_impro07_M013,Session5,exc,4.5,4.0,4.0,53.3599,55.99,mfcc_regression/Ses05F_impro07_M013.npy
Ses05F_impro07_M014,Session5,exc,4.5,3.0,4.0,56.79,60.95,mfcc_regression/Ses05F_impro07_M014.npy
Ses05F_impro07_M015,Session5,exc,4.5,3.5,4.5,63.73,71.24,mfcc_regression/Ses05F_impro07_M015.npy
Ses05F_impro07_M016,Session5,exc,4.5,4.5,4.5,72.37,77.5,mfcc_regression/Ses05F_impro07_M016.npy
Ses05F_impro07_M017,Session5,exc,4.0,3.5,4.0,79.03,81.54,mfcc_regression/Ses05F_impro07_M017.npy
Ses05F_impro07_M018,Session5,exc,3.5,3.0,4.0,81.57,88.16,mfcc_regression/Ses05F_impro07_M018.npy
Ses05F_impro07_M019,Session5,exc,2.5,2.5,3.0,89.22,90.16,mfcc_regression/Ses05F_impro07_M019.npy
Ses05F_impro07_M020,Session5,exc,3.0,3.5,3.5,90.17,96.2,mfcc_regression/Ses05F_impro07_M020.npy
Ses05F_impro07_M021,Session5,exc,3.0,3.0,4.0,97.78,101.5,mfcc_regression/Ses05F_impro07_M021.npy
Ses05F_impro07_M024,Session5,exc,4.5,3.5,4.5,118.97,122.64,mfcc_regression/Ses05F_impro07_M024.npy
Ses05F_impro07_M025,Session5,exc,4.0,4.0,4.0,122.65,128.77,mfcc_regression/Ses05F_impro07_M025.npy
Ses05F_impro07_M026,Session5,exc,4.0,3.5,3.5,128.8,131.53,mfcc_regression/Ses05F_impro07_M026.npy
Ses05F_impro07_M027,Session5,exc,4.0,3.5,4.0,132.69,136.23,mfcc_regression/Ses05F_impro07_M027.npy
Ses05F_impro07_M029,Session5,exc,4.0,3.5,4.0,143.98,149.67,mfcc_regression/Ses05F_impro07_M029.npy
Ses05F_impro07_M030,Session5,exc,4.0,3.5,4.5,151.02,161.48,mfcc_regression/Ses05F_impro07_M030.npy
Ses05F_impro07_M031,Session5,exc,4.0,3.5,3.5,161.57,163.08,mfcc_regression/Ses05F_impro07_M031.npy
Ses05F_impro07_M032,Session5,exc,4.5,4.0,4.0,164.35,170.8,mfcc_regression/Ses05F_impro07_M032.npy
Ses05F_impro07_M033,Session5,exc,4.0,3.5,3.5,171.63,173.14,mfcc_regression/Ses05F_impro07_M033.npy
Ses05F_impro07_M034,Session5,exc,4.0,3.0,3.0,173.65,175.54,mfcc_regression/Ses05F_impro07_M034.npy
Ses05F_impro07_M035,Session5,exc,3.5,3.0,3.5,175.55,178.95,mfcc_regression/Ses05F_impro07_M035.npy
Ses05F_impro07_M036,Session5,exc,4.0,3.5,3.5,179.0466,185.33,mfcc_regression/Ses05F_impro07_M036.npy
Ses05M_impro01_F000,Session5,neu,3.0,2.5,2.5,3.9419,5.55,mfcc_regression/Ses05M_impro01_F000.npy
Ses05M_impro01_F001,Session5,neu,3.0,2.5,3.0,9.79,19.08,mfcc_regression/Ses05M_impro01_F001.npy
Ses05M_impro01_F002,Session5,neu,3.0,3.0,3.0,21.82,25.74,mfcc_regression/Ses05M_impro01_F002.npy
Ses05M_impro01_F003,Session5,neu,3.0,2.5,3.0,25.97,28.77,mfcc_regression/Ses05M_impro01_F003.npy
Ses05M_impro01_F004,Session5,neu,3.0,3.0,3.0,30.58,37.71,mfcc_regression/Ses05M_impro01_F004.npy
Ses05M_impro01_F005,Session5,fru,2.5,2.5,3.5,39.65,42.43,mfcc_regression/Ses05M_impro01_F005.npy
Ses05M_impro01_F006,Session5,neu,2.5,3.5,4.0,45.18,55.93,mfcc_regression/Ses05M_impro01_F006.npy
Ses05M_impro01_F007,Session5,fru,2.0,3.0,3.0,60.26,63.43,mfcc_regression/Ses05M_impro01_F007.npy
Ses05M_impro01_F008,Session5,fru,2.5,3.0,3.5,66.1,70.38,mfcc_regression/Ses05M_impro01_F008.npy
Ses05M_impro01_F009,Session5,neu,2.5,3.0,2.5,73.03,74.42,mfcc_regression/Ses05M_impro01_F009.npy
Ses05M_impro01_F010,Session5,fru,3.0,2.0,2.5,74.43,76.73,mfcc_regression/Ses05M_impro01_F010.npy
Ses05M_impro01_F011,Session5,fru,2.5,3.5,3.5,77.81,80.14,mfcc_regression/Ses05M_impro01_F011.npy
Ses05M_impro01_F012,Session5,neu,2.5,3.0,3.0,80.15,83.75,mfcc_regression/Ses05M_impro01_F012.npy
Ses05M_impro01_F013,Session5,fru,1.5,3.5,3.5,85.83,89.23,mfcc_regression/Ses05M_impro01_F013.npy
Ses05M_impro01_F014,Session5,fru,1.5,2.5,3.0,94.4,97.03,mfcc_regression/Ses05M_impro01_F014.npy
Ses05M_impro01_F015,Session5,fru,2.5,3.0,3.5,97.6,103.33,mfcc_regression/Ses05M_impro01_F015.npy
Ses05M_impro01_F016,Session5,fru,2.0,2.5,3.0,106.97,110.58,mfcc_regression/Ses05M_impro01_F016.npy
Ses05M_impro01_F017,Session5,fru,2.5,3.0,3.5,114.54,117.31,mfcc_regression/Ses05M_impro01_F017.npy
Ses05M_impro01_F018,Session5,fru,2.0,3.5,3.5,117.61,123.96,mfcc_regression/Ses05M_impro01_F018.npy
Ses05M_impro01_F019,Session5,fru,2.5,3.5,3.0,124.0,126.87,mfcc_regression/Ses05M_impro01_F019.npy
Ses05M_impro01_F020,Session5,fru,1.5,3.5,4.0,127.49,130.6,mfcc_regression/Ses05M_impro01_F020.npy
Ses05M_impro01_F021,Session5,ang,1.5,4.0,4.5,132.82,137.31,mfcc_regression/Ses05M_impro01_F021.npy
Ses05M_impro01_F022,Session5,fru,2.0,3.5,4.0,142.93,147.77,mfcc_regression/Ses05M_impro01_F022.npy
Ses05M_impro01_F023,Session5,ang,2.0,3.5,4.5,148.43,152.75,mfcc_regression/Ses05M_impro01_F023.npy
Ses05M_impro01_M004,Session5,fru,2.0,3.5,4.0,36.66,40.18,mfcc_regression/Ses05M_impro01_M004.npy
Ses05M_impro01_M005,Session5,ang,2.0,4.0,4.0,42.01,45.62,mfcc_regression/Ses05M_impro01_M005.npy
Ses05M_impro01_M008,Session5,fru,2.0,4.0,4.0,55.5,61.34,mfcc_regression/Ses05M_impro01_M008.npy
Ses05M_impro01_M009,Session5,fru,3.0,4.0,4.0,62.93,68.21,mfcc_regression/Ses05M_impro01_M009.npy
Ses05M_impro01_M011,Session5,fru,2.0,3.5,4.0,77.87,80.98,mfcc_regression/Ses05M_impro01_M011.npy
Ses05M_impro01_M012,Session5,fru,2.0,3.5,3.5,83.52,86.32,mfcc_regression/Ses05M_impro01_M012.npy
Ses05M_impro01_M013,Session5,fru,3.0,4.5,4.5,87.41,98.73,mfcc_regression/Ses05M_impro01_M013.npy
Ses05M_impro01_M014,Session5,fru,2.0,4.5,4.0,102.67,114.31,mfcc_regression/Ses05M_impro01_M014.npy
Ses05M_impro01_M015,Session5,ang,2.0,4.0,3.5,114.32,119.03,mfcc_regression/Ses05M_impro01_M015.npy
Ses05M_impro01_M016,Session5,fru,2.0,3.5,4.0,122.37,125.08,mfcc_regression/Ses05M_impro01_M016.npy
Ses05M_impro01_M017,Session5,fru,1.5,3.0,3.5,125.09,127.95,mfcc_regression/Ses05M_impro01_M017.npy
Ses05M_impro01_M018,Session5,fru,1.5,4.5,4.5,129.64,135.31,mfcc_regression/Ses05M_impro01_M018.npy
Ses05M_impro01_M019,Session5,fru,2.5,4.5,4.5,136.69,143.24,mfcc_regression/Ses05M_impro01_M019.npy
Ses05M_impro01_M020,Session5,fru,1.5,3.5,4.0,143.25,144.97,mfcc_regression/Ses05M_impro01_M020.npy
Ses05M_impro01_M021,Session5,fru,1.5,4.5,4.5,145.77,148.79,mfcc_regression/Ses05M_impro01_M021.npy
Ses05M_impro01_M022,Session5,fru,1.5,3.5,4.0,152.31,160.32,mfcc_regression/Ses05M_impro01_M022.npy
Ses05M_impro03_F000,Session5,neu,4.0,2.6667,2.0,6.65,8.09,mfcc_regression/Ses05M_impro03_F000.npy
Ses05M_impro03_F001,Session5,sur,4.3333,3.3333,2.3333,10.67,12.89,mfcc_regression/Ses05M_impro03_F001.npy
Ses05M_impro03_F002,Session5,exc,4.3333,3.0,2.6667,12.94,13.96,mfcc_regression/Ses05M_impro03_F002.npy
Ses05M_impro03_F003,Session5,exc,4.0,3.3333,2.6667,15.9,19.35,mfcc_regression/Ses05M_impro03_F003.npy
Ses05M_impro03_F004,Session5,exc,4.0,3.3333,2.6667,19.62,22.37,mfcc_regression/Ses05M_impro03_F004.npy
Ses05M_impro03_F005,Session5,hap,4.3333,3.0,2.0,29.87,31.82,mfcc_regression/Ses05M_impro03_F005.npy
Ses05M_impro03_F006,Session5,neu,3.6667,2.3333,1.6667,54.11,55.49,mfcc_regression/Ses05M_impro03_F006.npy
Ses05M_impro03_F007,Session5,exc,4.6667,3.6667,3.0,101.83,106.07,mfcc_regression/Ses05M_impro03_F007.npy
Ses05M_impro03_F008,Session5,hap,4.3333,3.6667,3.0,106.14,108.33,mfcc_regression/Ses05M_impro03_F008.npy
Ses05M_impro03_F009,Session5,hap,4.3333,3.6667,2.6667,108.51,111.01,mfcc_regression/Ses05M_impro03_F009.npy
Ses05M_impro03_F010,Session5,hap,4.0,2.6667,2.0,111.02,112.33,mfcc_regression/Ses05M_impro03_F010.npy
Ses05M_impro03_F011,Session5,hap,4.0,3.0,2.6667,114.12,117.95,mfcc_regression/Ses05M_impro03_F011.npy
Ses05M_impro03_F012,Session5,hap,4.6667,4.0,2.0,121.72,125.36,mfcc_regression/Ses05M_impro03_F012.npy
Ses05M_impro03_F013,Session5,hap,4.0,2.3333,2.3333,127.36,129.54,mfcc_regression/Ses05M_impro03_F013.npy
Ses05M_impro03_F014,Session5,exc,4.0,3.3333,2.6667,141.0,143.58,mfcc_regression/Ses05M_impro03_F014.npy
Ses05M_impro03_F015,Session5,exc,4.3333,3.3333,2.3333,144.43,146.24,mfcc_regression/Ses05M_impro03_F015.npy
Ses05M_impro03_F016,Session5,hap,4.0,2.6667,2.3333,151.52,153.36,mfcc_regression/Ses05M_impro03_F016.npy
Ses05M_impro03_F017,Session5,hap,4.0,2.3333,2.3333,154.33,157.39,mfcc_regression/Ses05M_impro03_F017.npy
Ses05M_impro03_F018,Session5,exc,4.0,3.3333,3.0,158.18,159.33,mfcc_regression/Ses05M_impro03_F018.npy
Ses05M_impro03_F019,Session5,exc,4.0,3.0,2.3333,159.73,162.7,mfcc_regression/Ses05M_impro03_F019.npy
Ses05M_impro03_F020,Session5,hap,4.3333,2.3333,2.3333,165.75,166.91,mfcc_regression/Ses05M_impro03_F020.npy
Ses05M_impro03_F021,Session5,hap,3.6667,3.0,2.6667,168.0537,172.28,mfcc_regression/Ses05M_impro03_F021.npy
Ses05M_impro03_F022,Session5,hap,4.0,3.0,2.6667,172.39,174.62,mfcc_regression/Ses05M_impro03_F022.npy
Ses05M_impro03_F023,Session5,exc,4.0,3.3333,2.6667,184.76,186.72,mfcc_regression/Ses05M_impro03_F023.npy
Ses05M_impro03_F026,Session5,neu,3.0,3.3333,2.3333,194.21,196.27,mfcc_regression/Ses05M_impro03_F026.npy
Ses05M_impro03_F027,Session5,neu,3.3333,2.6667,2.6667,200.57,204.3,mfcc_regression/Ses05M_impro03_F027.npy
Ses05M_impro03_F030,Session5,neu,4.3333,2.3333,2.0,215.03,216.65,mfcc_regression/Ses05M_impro03_F030.npy
Ses05M_impro03_F031,Session5,hap,4.3333,2.6667,2.6667,217.54,220.65,mfcc_regression/Ses05M_impro03_F031.npy
Ses05M_impro03_M000,Session5,exc,3.6667,3.3333,2.0,5.1,7.05,mfcc_regression/Ses05M_impro03_M000.npy
Ses05M_impro03_M001,Session5,exc,4.0,3.6667,3.0,7.79,11.12,mfcc_regression/Ses05M_impro03_M001.npy
Ses05M_impro03_M002,Session5,exc,4.3333,4.0,3.0,11.4,13.52,mfcc_regression/Ses05M_impro03_M002.npy
Ses05M_impro03_M003,Session5,exc,4.0,3.6667,2.6667,13.54,16.12,mfcc_regression/Ses05M_impro03_M003.npy
Ses05M_impro03_M004,Session5,hap,4.0,3.6667,3.3333,18.03,25.1,mfcc_regression/Ses05M_impro03_M004.npy
Ses05M_impro03_M006,Session5,hap,4.0,3.6667,3.0,31.58,44.05,mfcc_regression/Ses05M_impro03_M006.npy
Ses05M_impro03_M007,Session5,hap,4.0,4.0,3.0,44.06,54.66,mfcc_regression/Ses05M_impro03_M007.npy
Ses05M_impro03_M008,Session5,hap,4.0,3.6667,3.0,54.7,65.14,mfcc_regression/Ses05M_impro03_M008.npy
Ses05M_impro03_M009,Session5,hap,4.0,3.6667,3.0,65.16,78.36,mfcc_regression/Ses05M_impro03_M009.npy
Ses05M_impro03_M010,Session5,hap,4.0,3.6667,3.0,78.39,89.5469,mfcc_regression/Ses05M_impro03_M010.npy
Ses05M_impro03_M011,Session5,hap,4.3333,3.6667,3.0,89.5569,103.31,mfcc_regression/Ses05M_impro03_M011.npy
Ses05M_impro03_M012,Session5,hap,4.6667,4.0,3.3333,104.43,111.7,mfcc_regression/Ses05M_impro03_M012.npy
Ses05M_impro03_M013,Session5,hap,4.0,3.3333,2.6667,111.71,115.22,mfcc_regression/Ses05M_impro03_M013.npy
Ses05M_impro03_M014,Session5,hap,4.0,3.3333,2.6667,116.47,123.1,mfcc_regression/Ses05M_impro03_M014.npy
Ses05M_impro03_M015,Session5,hap,4.3333,3.3333,2.3333,123.11,127.7,mfcc_regression/Ses05M_impro03_M015.npy
Ses05M_impro03_M016,Session5,hap,4.0,2.6667,2.6667,128.56,141.36,mfcc_regression/Ses05M_impro03_M016.npy
Ses05M_impro03_M018,Session5,hap,4.0,3.3333,2.6667,146.01,152.75,mfcc_regression/Ses05M_impro03_M018.npy
Ses05M_impro03_M019,Session5,neu,3.0,3.0,2.6667,153.09,155.79,mfcc_regression/Ses05M_impro03_M019.npy
Ses05M_impro03_M020,Session5,exc,3.6667,3.3333,2.6667,156.54,159.04,mfcc_regression/Ses05M_impro03_M020.npy
Ses05M_impro03_M021,Session5,exc,4.0,2.6667,2.3333,159.07,160.19,mfcc_regression/Ses05M_impro03_M021.npy
Ses05M_impro03_M023,Session5,hap,4.3333,3.0,3.0,165.86,167.46,mfcc_regression/Ses05M_impro03_M023.npy
Ses05M_impro03_M024,Session5,hap,3.6667,3.3333,3.0,170.95,174.59,mfcc_regression/Ses05M_impro03_M024.npy
Ses05M_impro03_M025,Session5,hap,4.0,3.3333,2.6667,174.6,182.79,mfcc_regression/Ses05M_impro03_M025.npy
Ses05M_impro03_M026,Session5,hap,3.6667,3.0,3.0,182.8,185.94,mfcc_regression/Ses05M_impro03_M026.npy
Ses05M_impro03_M027,Session5,hap,4.0,3.3333,3.0,185.97,188.85,mfcc_regression/Ses05M_impro03_M027.npy
Ses05M_impro03_M028,Session5,hap,4.0,4.0,3.0,188.88,195.13,mfcc_regression/Ses05M_impro03_M028.npy
Ses05M_impro03_M029,Session5,exc,3.6667,3.6667,2.6667,195.67,202.66,mfcc_regression/Ses05M_impro03_M029.npy
Ses05M_impro03_M030,Session5,hap,3.6667,3.6667,2.6667,203.19,210.57,mfcc_regression/Ses05M_impro03_M030.npy
Ses05M_impro03_M031,Session5,hap,4.0,3.6667,2.6667,210.58,215.29,mfcc_regression/Ses05M_impro03_M031.npy
Ses05M_impro03_M032,Session5,hap,4.3333,3.6667,3.0,215.3,219.16,mfcc_regression/Ses05M_impro03_M032.npy
Ses05M_impro03_M033,Session5,hap,4.6667,3.3333,3.0,219.75,221.9,mfcc_regression/Ses05M_impro03_M033.npy
Ses05F_impro08_F000,Session5,neu,3.0,1.5,2.5,1.9734,3.72,mfcc_regression/Ses05F_impro08_F000.npy
Ses05F_impro08_F001,Session5,neu,3.0,2.5,1.5,17.73,18.88,mfcc_regression/Ses05F_impro08_F001.npy
Ses05F_impro08_F002,Session5,neu,4.0,2.0,2.0,27.86,32.31,mfcc_regression/Ses05F_impro08_F002.npy
Ses05F_impro08_F003,Session5,neu,3.5,2.5,2.5,36.61,39.34,mfcc_regression/Ses05F_impro08_F003.npy
Ses05F_impro08_F004,Session5,neu,3.5,2.0,2.5,39.37,41.57,mfcc_regression/Ses05F_impro08_F004.npy
Ses05F_impro08_F005,Session5,neu,3.0,2.5,2.0,42.12,45.66,mfcc_regression/Ses05F_impro08_F005.npy
Ses05F_impro08_F006,Session5,fru,3.5,3.5,2.0,47.2,48.4,mfcc_regression/Ses05F_impro08_F006.npy
Ses05F_impro08_F007,Session5,neu,3.5,2.0,2.5,48.73,61.77,mfcc_regression/Ses05F_impro08_F007.npy
Ses05F_impro08_F008,Session5,neu,3.0,2.5,2.5,66.15,73.35,mfcc_regression/Ses05F_impro08_F008.npy
Ses05F_impro08_F009,Session5,neu,3.0,2.5,2.5,74.08,74.86,mfcc_regression/Ses05F_impro08_F009.npy
Ses05F_impro08_F010,Session5,neu,3.0,2.5,2.5,75.37,82.28,mfcc_regression/Ses05F_impro08_F010.npy
Ses05F_impro08_F011,Session5,neu,3.0,2.5,2.0,85.63,86.77,mfcc_regression/Ses05F_impro08_F011.npy
Ses05F_impro08_F012,Session5,neu,3.0,1.5,2.0,90.81,92.07,mfcc_regression/Ses05F_impro08_F012.npy
Ses05F_impro08_F014,Session5,neu,3.0,2.0,2.5,95.35,100.55,mfcc_regression/Ses05F_impro08_F014.npy
Ses05F_impro08_F015,Session5,neu,3.0,2.0,2.5,100.63,102.81,mfcc_regression/Ses05F_impro08_F015.npy
Ses05F_impro08_F016,Session5,neu,3.0,2.5,2.5,103.62,118.66,mfcc_regression/Ses05F_impro08_F016.npy
Ses05F_impro08_F017,Session5,neu,3.0,2.5,2.5,120.07,130.0,mfcc_regression/Ses05F_impro08_F017.npy
Ses05F_impro08_F018,Session5,neu,3.0,2.0,2.5,132.97,139.05,mfcc_regression/Ses05F_impro08_F018.npy
Ses05F_impro08_F019,Session5,neu,3.0,2.0,2.5,139.14,145.43,mfcc_regression/Ses05F_impro08_F019.npy
Ses05F_impro08_F020,Session5,neu,3.0,2.0,2.5,145.45,150.48,mfcc_regression/Ses05F_impro08_F020.npy
Ses05F_impro08_F021,Session5,neu,3.0,2.5,2.5,150.51,152.57,mfcc_regression/Ses05F_impro08_F021.npy
Ses05F_impro08_F022,Session5,neu,3.0,2.5,2.5,154.44,160.18,mfcc_regression/Ses05F_impro08_F022.npy
Ses05F_impro08_F023,Session5,neu,3.0,2.0,2.5,161.25,180.32,mfcc_regression/Ses05F_impro08_F023.npy
Ses05F_impro08_F024,Session5,neu,3.0,3.0,2.5,182.62,188.27,mfcc_regression/Ses05F_impro08_F024.npy
Ses05F_impro08_F025,Session5,neu,3.0,2.5,2.5,188.5,189.53,mfcc_regression/Ses05F_impro08_F025.npy
Ses05F_impro08_F026,Session5,neu,3.5,2.0,2.5,191.54,192.89,mfcc_regression/Ses05F_impro08_F026.npy
Ses05F_impro08_F027,Session5,neu,3.0,2.5,2.5,193.58,196.75,mfcc_regression/Ses05F_impro08_F027.npy
Ses05F_impro08_F028,Session5,neu,3.0,2.5,2.0,197.06,198.86,mfcc_regression/Ses05F_impro08_F028.npy
Ses05F_impro08_F029,Session5,neu,3.5,2.0,2.0,202.98,204.19,mfcc_regression/Ses05F_impro08_F029.npy
Ses05F_impro08_F030,Session5,neu,3.0,2.0,2.5,204.43,206.63,mfcc_regression/Ses05F_impro08_F030.npy
Ses05F_impro08_F032,Session5,neu,4.0,2.5,2.5,209.86,211.36,mfcc_regression/Ses05F_impro08_F032.npy
Ses05F_impro08_F033,Session5,neu,4.0,2.0,2.0,213.17,214.55,mfcc_regression/Ses05F_impro08_F033.npy
Ses05F_impro08_M000,Session5,fru,3.0,4.5,3.0,3.2,10.13,mfcc_regression/Ses05F_impro08_M000.npy
Ses05F_impro08_M001,Session5,fru,2.5,4.5,2.5,10.14,18.02,mfcc_regression/Ses05F_impro08_M001.npy
Ses05F_impro08_M002,Session5,fru,2.5,4.0,3.5,18.03,24.99,mfcc_regression/Ses05F_impro08_M002.npy
Ses05F_impro08_M004,Session5,ang,2.0,4.0,3.5,30.74,39.51,mfcc_regression/Ses05F_impro08_M004.npy
Ses05F_impro08_M005,Session5,ang,2.0,4.5,3.5,39.76,49.18,mfcc_regression/Ses05F_impro08_M005.npy
Ses05F_impro08_M006,Session5,fru,2.5,3.0,2.5,59.4,65.8,mfcc_regression/Ses05F_impro08_M006.npy
Ses05F_impro08_M007,Session5,ang,2.5,3.5,2.5,65.81,69.03,mfcc_regression/Ses05F_impro08_M007.npy
Ses05F_impro08_M008,Session5,fru,2.5,3.5,2.0,72.87,74.31,mfcc_regression/Ses05F_impro08_M008.npy
Ses05F_impro08_M009,Session5,fru,2.5,2.5,2.0,74.75,75.53,mfcc_regression/Ses05F_impro08_M009.npy
Ses05F_impro08_M010,Session5,fru,2.5,3.5,2.0,81.66,88.35,mfcc_regression/Ses05F_impro08_M010.npy
Ses05F_impro08_M011,Session5,fru,2.5,3.5,2.5,88.39,96.11,mfcc_regression/Ses05F_impro08_M011.npy
Ses05F_impro08_M012,Session5,fru,2.5,2.5,2.5,100.19,101.52,mfcc_regression/Ses05F_impro08_M012.npy
Ses05F_impro08_M013,Session5,neu,2.5,2.5,2.5,102.18,104.11,mfcc_regression/Ses05F_impro08_M013.npy
Ses05F_impro08_M014,Session5,fru,2.5,3.0,2.0,118.42,121.42,mfcc_regression/Ses05F_impro08_M014.npy
Ses05F_impro08_M016,Session5,neu,3.5,3.0,2.5,134.19,135.92,mfcc_regression/Ses05F_impro08_M016.npy
Ses05F_impro08_M018,Session5,neu,3.0,2.5,2.0,145.11,146.36,mfcc_regression/Ses05F_impro08_M018.npy
Ses05F_impro08_M019,Session5,neu,2.5,2.5,2.0,149.36,150.61,mfcc_regression/Ses05F_impro08_M019.npy
Ses05F_impro08_M020,Session5,neu,3.0,2.0,1.5,151.89,154.82,mfcc_regression/Ses05F_impro08_M020.npy
Ses05F_impro08_M021,Session5,fru,2.5,2.5,3.0,159.54,161.7,mfcc_regression/Ses05F_impro08_M021.npy
Ses05F_impro08_M022,Session5,neu,3.0,3.0,1.5,176.96,178.05,mfcc_regression/Ses05F_impro08_M022.npy
Ses05F_impro08_M023,Session5,fru,2.0,3.5,2.0,179.92,184.59,mfcc_regression/Ses05F_impro08_M023.npy
Ses05F_impro08_M024,Session5,sur,3.0,3.5,2.0,187.71,188.84,mfcc_regression/Ses05F_impro08_M024.npy
Ses05F_impro08_M025,Session5,hap,4.0,3.5,2.5,188.99,192.4,mfcc_regression/Ses05F_impro08_M025.npy
Ses05F_impro08_M026,Session5,hap,3.5,3.0,2.0,192.4325,194.11,mfcc_regression/Ses05F_impro08_M026.npy
Ses05F_impro08_M027,Session5,neu,3.0,2.5,2.0,196.26,197.36,mfcc_regression/Ses05F_impro08_M027.npy
Ses05F_impro08_M028,Session5,hap,4.0,3.0,2.5,198.33,203.88,mfcc_regression/Ses05F_impro08_M028.npy
Ses05F_impro08_M030,Session5,hap,3.5,3.0,2.5,206.28,211.1,mfcc_regression/Ses05F_impro08_M030.npy
Ses05F_impro08_M031,Session5,hap,4.0,2.0,2.0,211.12,213.48,mfcc_regression/Ses05F_impro08_M031.npy
Ses05M_impro02_F001,Session5,sur,2.0,2.6667,2.0,16.31,18.11,mfcc_regression/Ses05M_impro02_F001.npy
Ses05M_impro02_F002,Session5,fea,2.0,3.3333,3.0,22.25,24.19,mfcc_regression/Ses05M_impro02_F002.npy
Ses05M_impro02_F003,Session5,fea,1.6667,3.0,3.0,24.96,28.91,mfcc_regression/Ses05M_impro02_F003.npy
Ses05M_impro02_F006,Session5,fru,2.0,3.6667,3.6667,45.35,49.51,mfcc_regression/Ses05M_impro02_F006.npy
Ses05M_impro02_F008,Session5,sur,1.3333,3.3333,1.6667,59.82,60.81,mfcc_regression/Ses05M_impro02_F008.npy
Ses05M_impro02_F009,Session5,fru,1.6667,3.6667,3.3333,79.28,83.59,mfcc_regression/Ses05M_impro02_F009.npy
Ses05M_impro02_F010,Session5,fru,2.0,3.0,2.6667,90.67,94.51,mfcc_regression/Ses05M_impro02_F010.npy
Ses05M_impro02_F012,Session5,neu,2.6667,2.6667,2.0,99.92,103.18,mfcc_regression/Ses05M_impro02_F012.npy
Ses05M_impro02_F013,Session5,sad,1.6667,3.0,2.6667,109.72,112.02,mfcc_regression/Ses05M_impro02_F013.npy
Ses05M_impro02_F015,Session5,fea,2.3333,3.0,2.6667,127.24,132.27,mfcc_regression/Ses05M_impro02_F015.npy
Ses05M_impro02_F016,Session5,fea,1.3333,2.6667,1.6667,138.59,140.67,mfcc_regression/Ses05M_impro02_F016.npy
Ses05M_impro02_F017,Session5,fea,1.0,3.3333,2.3333,152.39,154.99,mfcc_regression/Ses05M_impro02_F017.npy
Ses05M_impro02_F019,Session5,fea,1.3333,3.0,2.6667,165.47,170.67,mfcc_regression/Ses05M_impro02_F019.npy
Ses05M_impro02_F020,Session5,sad,1.0,3.6667,2.0,182.48,185.34,mfcc_regression/Ses05M_impro02_F020.npy
Ses05M_impro02_F021,Session5,sad,2.0,3.0,3.0,185.54,189.85,mfcc_regression/Ses05M_impro02_F021.npy
Ses05M_impro02_F023,Session5,sad,1.6667,3.3333,1.3333,211.62,212.88,mfcc_regression/Ses05M_impro02_F023.npy
Ses05M_impro02_F024,Session5,sad,1.3333,3.0,1.3333,214.77,216.19,mfcc_regression/Ses05M_impro02_F024.npy
Ses05M_impro02_M000,Session5,sad,2.0,2.0,2.6667,6.92,16.39,mfcc_regression/Ses05M_impro02_M000.npy
Ses05M_impro02_M001,Session5,sad,2.3333,3.0,2.3333,17.87,23.57,mfcc_regression/Ses05M_impro02_M001.npy
Ses05M_impro02_M007,Session5,sad,2.0,3.6667,2.3333,42.91,47.78,mfcc_regression/Ses05M_impro02_M007.npy
Ses05M_impro02_M008,Session5,fru,1.6667,3.6667,3.0,48.59,57.01,mfcc_regression/Ses05M_impro02_M008.npy
Ses05M_impro02_M010,Session5,sad,1.6667,2.3333,1.6667,60.3,62.39,mfcc_regression/Ses05M_impro02_M010.npy
Ses05M_impro02_M011,Session5,sad,2.0,3.0,2.0,62.7,70.72,mfcc_regression/Ses05M_impro02_M011.npy
Ses05M_impro02_M012,Session5,sad,1.3333,4.0,3.0,70.75,79.42,mfcc_regression/Ses05M_impro02_M012.npy
Ses05M_impro02_M013,Session5,sad,1.6667,3.6667,2.3333,83.83,92.7,mfcc_regression/Ses05M_impro02_M013.npy
Ses05M_impro02_M017,Session5,fru,2.0,3.6667,3.0,102.24,109.83,mfcc_regression/Ses05M_impro02_M017.npy
Ses05M_impro02_M018,Session5,sad,2.0,3.3333,2.3333,111.65,119.95,mfcc_regression/Ses05M_impro02_M018.npy
Ses05M_impro02_M019,Session5,sad,2.0,3.0,2.3333,122.6,127.01,mfcc_regression/Ses05M_impro02_M019.npy
Ses05M_impro02_M021,Session5,sad,2.0,3.0,2.3333,140.15,143.72,mfcc_regression/Ses05M_impro02_M021.npy
Ses05M_impro02_M022,Session5,sad,2.0,3.6667,3.0,144.29,153.84,mfcc_regression/Ses05M_impro02_M022.npy
Ses05M_impro02_M023,Session5,sad,2.3333,3.3333,2.6667,154.48,159.39,mfcc_regression/Ses05M_impro02_M023.npy
Ses05M_impro02_M024,Session5,sad,2.6667,3.3333,3.3333,159.41,162.6,mfcc_regression/Ses05M_impro02_M024.npy
Ses05M_impro02_M025,Session5,sad,2.3333,3.0,3.6667,169.3,178.68,mfcc_regression/Ses05M_impro02_M025.npy
Ses05M_impro02_M027,Session5,sad,2.0,3.0,2.0,184.07,185.99,mfcc_regression/Ses05M_impro02_M027.npy
Ses05M_impro02_M028,Session5,sad,2.3333,4.0,2.6667,188.65,199.46,mfcc_regression/Ses05M_impro02_M028.npy
Ses05M_impro02_M029,Session5,sad,3.6667,4.0,2.3333,200.1,202.39,mfcc_regression/Ses05M_impro02_M029.npy
Ses05M_impro02_M030,Session5,exc,2.6667,3.3333,3.3333,202.45,207.42,mfcc_regression/Ses05M_impro02_M030.npy
Ses05M_impro06_F002,Session5,sad,2.0,2.5,1.5,25.38,28.02,mfcc_regression/Ses05M_impro06_F002.npy
Ses05M_impro06_F003,Session5,sad,2.0,3.0,1.5,33.17,34.88,mfcc_regression/Ses05M_impro06_F003.npy
Ses05M_impro06_F004,Session5,sad,2.5,2.0,2.0,64.25,65.94,mfcc_regression/Ses05M_impro06_F004.npy
Ses05M_impro06_F005,Session5,sad,2.0,2.0,2.0,89.56,91.58,mfcc_regression/Ses05M_impro06_F005.npy
Ses05M_impro06_F006,Session5,sad,2.0,2.5,1.5,116.62,118.74,mfcc_regression/Ses05M_impro06_F006.npy
Ses05M_impro06_F007,Session5,sad,2.0,2.5,1.5,147.81,149.79,mfcc_regression/Ses05M_impro06_F007.npy
Ses05M_impro06_F008,Session5,sad,2.0,3.0,2.5,169.9892,177.1,mfcc_regression/Ses05M_impro06_F008.npy
Ses05M_impro06_F009,Session5,sad,2.0,2.0,2.5,188.87,193.35,mfcc_regression/Ses05M_impro06_F009.npy
Ses05M_impro06_F010,Session5,sad,2.0,3.0,2.5,197.88,201.01,mfcc_regression/Ses05M_impro06_F010.npy
Ses05M_impro06_M000,Session5,sad,2.0,2.0,2.0,10.9,14.86,mfcc_regression/Ses05M_impro06_M000.npy
Ses05M_impro06_M001,Session5,sad,2.0,2.0,2.0,19.96,25.58,mfcc_regression/Ses05M_impro06_M001.npy
Ses05M_impro06_M002,Session5,sad,1.5,2.0,2.0,27.46,33.67,mfcc_regression/Ses05M_impro06_M002.npy
Ses05M_impro06_M003,Session5,sad,1.5,2.0,2.0,34.36,45.1,mfcc_regression/Ses05M_impro06_M003.npy
Ses05M_impro06_M004,Session5,sad,1.5,2.5,2.5,45.11,58.48,mfcc_regression/Ses05M_impro06_M004.npy
Ses05M_impro06_M005,Session5,sad,1.5,3.0,2.5,58.69,65.68,mfcc_regression/Ses05M_impro06_M005.npy
Ses05M_impro06_M006,Session5,sad,2.0,3.5,2.5,65.7,75.57,mfcc_regression/Ses05M_impro06_M006.npy
Ses05M_impro06_M007,Session5,sad,2.0,3.0,2.5,75.58,81.51,mfcc_regression/Ses05M_impro06_M007.npy
Ses05M_impro06_M008,Session5,sad,1.5,3.0,2.0,81.52,89.96,mfcc_regression/Ses05M_impro06_M008.npy
Ses05M_impro06_M009,Session5,sad,1.5,3.0,2.0,91.98,99.61,mfcc_regression/Ses05M_impro06_M009.npy
Ses05M_impro06_M010,Session5,sad,1.5,3.0,2.5,101.01,114.75,mfcc_regression/Ses05M_impro06_M010.npy
Ses05M_impro06_M011,Session5,sad,1.5,3.0,2.0,116.54,128.97,mfcc_regression/Ses05M_impro06_M011.npy
Ses05M_impro06_M012,Session5,sad,1.5,3.0,2.0,129.19,136.15,mfcc_regression/Ses05M_impro06_M012.npy
Ses05M_impro06_M013,Session5,sad,1.0,3.5,2.5,137.15,147.23,mfcc_regression/Ses05M_impro06_M013.npy
Ses05M_impro06_M014,Session5,sad,1.5,3.0,2.5,148.23,155.7751,mfcc_regression/Ses05M_impro06_M014.npy
Ses05M_impro06_M017,Session5,sad,2.0,2.5,2.0,176.55,179.98,mfcc_regression/Ses05M_impro06_M017.npy
Ses05M_impro06_M018,Session5,sad,2.0,3.0,2.5,180.73,191.43,mfcc_regression/Ses05M_impro06_M018.npy
Ses05M_impro06_M019,Session5,sad,1.5,2.0,2.0,194.8,197.35,mfcc_regression/Ses05M_impro06_M019.npy
Ses05M_impro06_M020,Session5,sad,1.5,2.5,1.5,200.97,203.11,mfcc_regression/Ses05M_impro06_M020.npy
Ses05M_impro07_F000,Session5,exc,4.0,3.0,2.0,5.48,6.7,mfcc_regression/Ses05M_impro07_F000.npy
Ses05M_impro07_F001,Session5,exc,4.0,3.5,2.0,8.33,9.69,mfcc_regression/Ses05M_impro07_F001.npy
Ses05M_impro07_F003,Session5,exc,4.5,2.5,2.0,11.35,13.6,mfcc_regression/Ses05M_impro07_F003.npy
Ses05M_impro07_F004,Session5,hap,4.0,3.0,2.0,13.99,15.79,mfcc_regression/Ses05M_impro07_F004.npy
Ses05M_impro07_F005,Session5,hap,4.0,3.0,2.5,16.38,18.98,mfcc_regression/Ses05M_impro07_F005.npy
Ses05M_impro07_F007,Session5,hap,4.0,3.0,2.5,20.83,23.42,mfcc_regression/Ses05M_impro07_F007.npy
Ses05M_impro07_F008,Session5,hap,4.0,2.5,2.5,26.59,28.33,mfcc_regression/Ses05M_impro07_F008.npy
Ses05M_impro07_F009,Session5,exc,4.0,2.0,2.0,29.3,31.26,mfcc_regression/Ses05M_impro07_F009.npy
Ses05M_impro07_F010,Session5,neu,4.0,2.0,2.5,32.1,33.33,mfcc_regression/Ses05M_impro07_F010.npy
Ses05M_impro07_F011,Session5,exc,4.0,3.0,2.5,37.62,41.05,mfcc_regression/Ses05M_impro07_F011.npy
Ses05M_impro07_F012,Session5,exc,4.0,3.5,2.5,45.35,50.18,mfcc_regression/Ses05M_impro07_F012.npy
Ses05M_impro07_F013,Session5,hap,4.0,2.5,2.0,51.29,55.9,mfcc_regression/Ses05M_impro07_F013.npy
Ses05M_impro07_F015,Session5,exc,4.0,3.0,2.5,63.98,66.88,mfcc_regression/Ses05M_impro07_F015.npy
Ses05M_impro07_F016,Session5,neu,4.0,2.0,2.0,67.67,68.95,mfcc_regression/Ses05M_impro07_F016.npy
Ses05M_impro07_F017,Session5,neu,4.0,1.5,2.0,70.43,71.84,mfcc_regression/Ses05M_impro07_F017.npy
Ses05M_impro07_F018,Session5,neu,3.5,3.0,2.5,75.73,77.84,mfcc_regression/Ses05M_impro07_F018.npy
Ses05M_impro07_F019,Session5,neu,3.5,1.5,2.0,83.12,84.19,mfcc_regression/Ses05M_impro07_F019.npy
Ses05M_impro07_F020,Session5,neu,3.0,3.0,2.5,85.02,93.71,mfcc_regression/Ses05M_impro07_F020.npy
Ses05M_impro07_F021,Session5,exc,3.5,3.0,2.5,93.85,95.74,mfcc_regression/Ses05M_impro07_F021.npy
Ses05M_impro07_F022,Session5,exc,4.0,2.5,2.0,97.67,100.53,mfcc_regression/Ses05M_impro07_F022.npy
Ses05M_impro07_F023,Session5,hap,3.5,2.0,2.5,100.56,103.24,mfcc_regression/Ses05M_impro07_F023.npy
Ses05M_impro07_F024,Session5,neu,3.0,2.0,2.0,103.82,105.24,mfcc_regression/Ses05M_impro07_F024.npy
Ses05M_impro07_F025,Session5,neu,3.0,2.5,2.5,109.46,111.19,mfcc_regression/Ses05M_impro07_F025.npy
Ses05M_impro07_F026,Session5,neu,3.0,2.5,2.5,112.29,117.11,mfcc_regression/Ses05M_impro07_F026.npy
Ses05M_impro07_F027,Session5,neu,3.0,2.5,2.5,117.17,120.07,mfcc_regression/Ses05M_impro07_F027.npy
Ses05M_impro07_F028,Session5,neu,3.0,2.5,2.0,124.17,125.49,mfcc_regression/Ses05M_impro07_F028.npy
Ses05M_impro07_F029,Session5,neu,3.5,2.5,2.5,126.59,129.72,mfcc_regression/Ses05M_impro07_F029.npy
Ses05M_impro07_F030,Session5,neu,4.0,2.0,2.5,129.84,130.73,mfcc_regression/Ses05M_impro07_F030.npy
Ses05M_impro07_F031,Session5,hap,3.5,3.0,2.5,131.92,140.13,mfcc_regression/Ses05M_impro07_F031.npy
Ses05M_impro07_F032,Session5,neu,3.0,2.5,2.5,140.38,141.46,mfcc_regression/Ses05M_impro07_F032.npy
Ses05M_impro07_F033,Session5,neu,4.0,2.0,2.0,143.88,145.21,mfcc_regression/Ses05M_impro07_F033.npy
Ses05M_impro07_F035,Session5,hap,4.0,2.5,2.5,148.57,150.91,mfcc_regression/Ses05M_impro07_F035.npy
Ses05M_impro07_F036,Session5,hap,4.0,2.5,2.0,153.34,154.99,mfcc_regression/Ses05M_impro07_F036.npy
Ses05M_impro07_F037,Session5,exc,4.0,3.5,2.5,158.8,160.0,mfcc_regression/Ses05M_impro07_F037.npy
Ses05M_impro07_F038,Session5,neu,4.0,2.0,2.0,161.16,162.57,mfcc_regression/Ses05M_impro07_F038.npy
Ses05M_impro07_F039,Session5,hap,4.0,2.0,2.0,162.62,164.07,mfcc_regression/Ses05M_impro07_F039.npy
Ses05M_impro07_F040,Session5,neu,3.5,2.0,2.0,171.16,172.69,mfcc_regression/Ses05M_impro07_F040.npy
Ses05M_impro07_F041,Session5,exc,4.0,2.0,2.0,173.64,175.85,mfcc_regression/Ses05M_impro07_F041.npy
Ses05M_impro07_F042,Session5,exc,4.0,2.0,2.5,183.45,188.43,mfcc_regression/Ses05M_impro07_F042.npy
Ses05M_impro07_F044,Session5,exc,4.0,3.0,2.5,197.61,201.43,mfcc_regression/Ses05M_impro07_F044.npy
Ses05M_impro07_F045,Session5,hap,4.0,2.5,2.5,206.71,209.28,mfcc_regression/Ses05M_impro07_F045.npy
Ses05M_impro07_M000,Session5,exc,4.5,2.0,2.0,4.12,6.47,mfcc_regression/Ses05M_impro07_M000.npy
Ses05M_impro07_M001,Session5,exc,5.0,3.0,2.5,6.49,9.06,mfcc_regression/Ses05M_impro07_M001.npy
Ses05M_impro07_M002,Session5,exc,5.0,3.5,3.0,9.07,12.1151,mfcc_regression/Ses05M_impro07_M002.npy
Ses05M_impro07_M003,Session5,exc,5.0,3.0,2.5,12.1251,14.48,mfcc_regression/Ses05M_impro07_M003.npy
Ses05M_impro07_M004,Session5,exc,4.0,3.5,2.5,14.81,18.17,mfcc_regression/Ses05M_impro07_M004.npy
Ses05M_impro07_M005,Session5,exc,4.0,3.5,2.5,18.33,19.69,mfcc_regression/Ses05M_impro07_M005.npy
Ses05M_impro07_M006,Session5,exc,4.0,3.0,2.0,19.8,20.93,mfcc_regression/Ses05M_impro07_M006.npy
Ses05M_impro07_M007,Session5,exc,4.0,3.5,3.0,20.94,22.53,mfcc_regression/Ses05M_impro07_M007.npy
Ses05M_impro07_M009,Session5,hap,4.0,2.5,2.0,27.91,33.12,mfcc_regression/Ses05M_impro07_M009.npy
Ses05M_impro07_M011,Session5,exc,4.0,3.5,2.5,40.51,47.08,mfcc_regression/Ses05M_impro07_M011.npy
Ses05M_impro07_M013,Session5,exc,4.0,3.0,2.0,49.67,51.71,mfcc_regression/Ses05M_impro07_M013.npy
Ses05M_impro07_M014,Session5,exc,5.0,3.5,2.5,54.33,58.06,mfcc_regression/Ses05M_impro07_M014.npy
Ses05M_impro07_M016,Session5,exc,3.5,3.0,2.5,64.4,66.09,mfcc_regression/Ses05M_impro07_M016.npy
Ses05M_impro07_M017,Session5,exc,4.0,2.5,2.5,66.11,71.1,mfcc_regression/Ses05M_impro07_M017.npy
Ses05M_impro07_M018,Session5,exc,3.5,2.5,2.5,71.12,76.13,mfcc_regression/Ses05M_impro07_M018.npy
Ses05M_impro07_M019,Session5,exc,3.5,3.0,2.5,76.99,83.46,mfcc_regression/Ses05M_impro07_M019.npy
Ses05M_impro07_M020,Session5,exc,3.5,3.5,2.0,83.48,86.1,mfcc_regression/Ses05M_impro07_M020.npy
Ses05M_impro07_M021,Session5,exc,4.0,3.0,2.5,89.62,91.07,mfcc_regression/Ses05M_impro07_M021.npy
Ses05M_impro07_M022,Session5,exc,4.5,3.0,3.0,92.38,99.5,mfcc_regression/Ses05M_impro07_M022.npy
Ses05M_impro07_M023,Session5,exc,4.0,3.0,2.0,99.76,101.19,mfcc_regression/Ses05M_impro07_M023.npy
Ses05M_impro07_M024,Session5,exc,3.0,3.5,2.0,102.0,104.32,mfcc_regression/Ses05M_impro07_M024.npy
Ses05M_impro07_M025,Session5,exc,2.5,3.0,2.0,104.39,110.29,mfcc_regression/Ses05M_impro07_M025.npy
Ses05M_impro07_M026,Session5,exc,3.5,2.0,2.5,110.78,113.2,mfcc_regression/Ses05M_impro07_M026.npy
Ses05M_impro07_M028,Session5,exc,3.5,3.0,2.0,119.64,124.5,mfcc_regression/Ses05M_impro07_M028.npy
Ses05M_impro07_M029,Session5,exc,3.0,3.0,2.5,124.98,126.99,mfcc_regression/Ses05M_impro07_M029.npy
Ses05M_impro07_M030,Session5,exc,4.5,3.5,2.0,129.15,130.24,mfcc_regression/Ses05M_impro07_M030.npy
Ses05M_impro07_M031,Session5,exc,4.0,3.5,2.5,130.33,132.53,mfcc_regression/Ses05M_impro07_M031.npy
Ses05M_impro07_M032,Session5,exc,4.0,3.0,2.0,138.14,139.47,mfcc_regression/Ses05M_impro07_M032.npy
Ses05M_impro07_M033,Session5,exc,4.0,3.5,2.5,139.74,140.76,mfcc_regression/Ses05M_impro07_M033.npy
Ses05M_impro07_M034,Session5,exc,4.0,2.5,2.5,140.83,144.64,mfcc_regression/Ses05M_impro07_M034.npy
Ses05M_impro07_M035,Session5,exc,3.5,3.0,2.0,144.65,145.78,mfcc_regression/Ses05M_impro07_M035.npy
Ses05M_impro07_M036,Session5,exc,3.5,2.0,2.5,147.16,154.83,mfcc_regression/Ses05M_impro07_M036.npy
Ses05M_impro07_M037,Session5,exc,4.0,2.5,2.5,154.8326,159.21,mfcc_regression/Ses05M_impro07_M037.npy
Ses05M_impro07_M039,Session5,hap,4.0,2.5,2.0,164.01,172.39,mfcc_regression/Ses05M_impro07_M039.npy
Ses05M_impro07_M040,Session5,exc,4.0,3.5,2.5,172.43,179.9,mfcc_regression/Ses05M_impro07_M040.npy
Ses05M_impro07_M041,Session5,exc,4.0,4.5,2.5,179.91,184.01,mfcc_regression/Ses05M_impro07_M041.npy
Ses05M_impro07_M042,Session5,exc,3.5,2.5,2.5,185.55,187.49,mfcc_regression/Ses05M_impro07_M042.npy
Ses05M_impro07_M043,Session5,exc,4.0,3.5,2.5,187.56,192.39,mfcc_regression/Ses05M_impro07_M043.npy
Ses05M_impro07_M044,Session5,exc,4.0,3.0,2.5,192.44,198.07,mfcc_regression/Ses05M_impro07_M044.npy
Ses05M_impro07_M045,Session5,exc,4.0,3.0,2.5,200.48,205.39,mfcc_regression/Ses05M_impro07_M045.npy
Ses05M_impro07_M046,Session5,hap,4.0,2.5,2.0,205.63,207.05,mfcc_regression/Ses05M_impro07_M046.npy
Ses05M_impro07_M047,Session5,exc,4.0,3.0,2.0,208.6,212.11,mfcc_regression/Ses05M_impro07_M047.npy
Ses05M_impro05_F000,Session5,neu,3.0,2.3333,2.0,9.96,11.52,mfcc_regression/Ses05M_impro05_F000.npy
Ses05M_impro05_F001,Session5,neu,3.0,2.6667,1.6667,11.55,13.33,mfcc_regression/Ses05M_impro05_F001.npy
Ses05M_impro05_F002,Session5,neu,3.0,1.6667,2.0,19.11,20.48,mfcc_regression/Ses05M_impro05_F002.npy
Ses05M_impro05_F003,Session5,neu,3.0,2.3333,2.6667,22.44,26.74,mfcc_regression/Ses05M_impro05_F003.npy
Ses05M_impro05_F004,Session5,neu,3.0,2.6667,3.0,29.83,32.86,mfcc_regression/Ses05M_impro05_F004.npy
Ses05M_impro05_F005,Session5,neu,3.0,2.0,2.6667,34.04,41.39,mfcc_regression/Ses05M_impro05_F005.npy
Ses05M_impro05_F006,Session5,neu,3.0,2.6667,3.0,41.4,46.83,mfcc_regression/Ses05M_impro05_F006.npy
Ses05M_impro05_F007,Session5,neu,3.0,2.6667,2.3333,46.87,48.06,mfcc_regression/Ses05M_impro05_F007.npy
Ses05M_impro05_F008,Session5,neu,3.0,1.6667,2.0,52.36,53.6,mfcc_regression/Ses05M_impro05_F008.npy
Ses05M_impro05_F009,Session5,neu,3.0,2.0,2.6667,56.83,60.85,mfcc_regression/Ses05M_impro05_F009.npy
Ses05M_impro05_F010,Session5,neu,3.0,1.6667,2.6667,63.81,67.88,mfcc_regression/Ses05M_impro05_F010.npy
Ses05M_impro05_F011,Session5,neu,3.0,2.3333,2.3333,70.23,73.13,mfcc_regression/Ses05M_impro05_F011.npy
Ses05M_impro05_F012,Session5,neu,3.0,2.0,2.0,74.44,76.28,mfcc_regression/Ses05M_impro05_F012.npy
Ses05M_impro05_F013,Session5,neu,3.0,2.0,2.6667,78.99,85.79,mfcc_regression/Ses05M_impro05_F013.npy
Ses05M_impro05_F014,Session5,neu,2.3333,2.3333,2.6667,86.47,94.86,mfcc_regression/Ses05M_impro05_F014.npy
Ses05M_impro05_F015,Session5,neu,2.3333,2.0,2.0,100.32,101.98,mfcc_regression/Ses05M_impro05_F015.npy
Ses05M_impro05_F016,Session5,neu,3.0,2.0,2.3333,102.94,108.84,mfcc_regression/Ses05M_impro05_F016.npy
Ses05M_impro05_F017,Session5,neu,3.0,3.0,2.6667,112.4,118.19,mfcc_regression/Ses05M_impro05_F017.npy
Ses05M_impro05_F018,Session5,neu,3.0,3.3333,3.0,118.22,121.62,mfcc_regression/Ses05M_impro05_F018.npy
Ses05M_impro05_F019,Session5,neu,2.6667,2.3333,2.6667,122.57,125.37,mfcc_regression/Ses05M_impro05_F019.npy
Ses05M_impro05_F020,Session5,neu,3.3333,2.3333,2.6667,130.42,134.13,mfcc_regression/Ses05M_impro05_F020.npy
Ses05M_impro05_F021,Session5,neu,4.3333,3.3333,2.0,134.9,136.31,mfcc_regression/Ses05M_impro05_F021.npy
Ses05M_impro05_M000,Session5,neu,3.3333,3.0,2.3333,4.73,10.29,mfcc_regression/Ses05M_impro05_M000.npy
Ses05M_impro05_M001,Session5,neu,3.0,2.3333,2.3333,10.32,13.05,mfcc_regression/Ses05M_impro05_M001.npy
Ses05M_impro05_M002,Session5,neu,3.0,3.0,2.3333,13.07,19.82,mfcc_regression/Ses05M_impro05_M002.npy
Ses05M_impro05_M003,Session5,neu,3.0,3.0,2.3333,19.85,22.75,mfcc_regression/Ses05M_impro05_M003.npy
Ses05M_impro05_M004,Session5,neu,3.0,3.0,2.3333,26.17,30.34,mfcc_regression/Ses05M_impro05_M004.npy
Ses05M_impro05_M005,Session5,neu,3.0,3.0,2.6667,31.42,34.37,mfcc_regression/Ses05M_impro05_M005.npy
Ses05M_impro05_M006,Session5,neu,3.3333,3.0,2.3333,39.31,41.48,mfcc_regression/Ses05M_impro05_M006.npy
Ses05M_impro05_M007,Session5,neu,2.0,2.6667,2.6667,44.73,46.1,mfcc_regression/Ses05M_impro05_M007.npy
Ses05M_impro05_M008,Session5,sur,2.6667,3.3333,2.3333,46.12,47.28,mfcc_regression/Ses05M_impro05_M008.npy
Ses05M_impro05_M009,Session5,neu,2.6667,3.6667,3.0,47.37,52.94,mfcc_regression/Ses05M_impro05_M009.npy
Ses05M_impro05_M010,Session5,neu,3.0,3.6667,2.6667,53.11,57.53,mfcc_regression/Ses05M_impro05_M010.npy
Ses05M_impro05_M012,Session5,fru,2.0,4.0,3.3333,67.85,74.8,mfcc_regression/Ses05M_impro05_M012.npy
Ses05M_impro05_M013,Session5,fru,2.0,3.6667,3.3333,75.38,79.28,mfcc_regression/Ses05M_impro05_M013.npy
Ses05M_impro05_M015,Session5,fru,2.0,4.0,3.6667,83.59,86.61,mfcc_regression/Ses05M_impro05_M015.npy
Ses05M_impro05_M016,Session5,fru,2.3333,3.6667,3.3333,92.66,102.9,mfcc_regression/Ses05M_impro05_M016.npy
Ses05M_impro05_M017,Session5,fru,2.3333,4.0,3.3333,107.65,113.67,mfcc_regression/Ses05M_impro05_M017.npy
Ses05M_impro05_M018,Session5,fru,2.3333,4.3333,3.6667,116.5,119.63,mfcc_regression/Ses05M_impro05_M018.npy
Ses05M_impro05_M019,Session5,fru,1.6667,4.3333,3.3333,121.22,124.28,mfcc_regression/Ses05M_impro05_M019.npy
Ses05M_impro05_M020,Session5,fru,2.0,4.0,3.0,124.35,130.44,mfcc_regression/Ses05M_impro05_M020.npy
Ses05M_impro05_M021,Session5,fru,4.0,3.6667,2.6667,132.65,135.01,mfcc_regression/Ses05M_impro05_M021.npy
Ses05M_impro05_M022,Session5,neu,4.6667,3.3333,2.6667,135.11,136.31,mfcc_regression/Ses05M_impro05_M022.npy
Ses05M_impro04_F001,Session5,neu,1.5,3.0,3.5,22.78,25.13,mfcc_regression/Ses05M_impro04_F001.npy
Ses05M_impro04_F002,Session5,neu,2.5,3.0,2.5,26.78,28.25,mfcc_regression/Ses05M_impro04_F002.npy
Ses05M_impro04_F003,Session5,neu,2.5,2.5,3.0,38.41,40.66,mfcc_regression/Ses05M_impro04_F003.npy
Ses05M_impro04_F004,Session5,neu,2.5,2.0,2.5,49.25,50.54,mfcc_regression/Ses05M_impro04_F004.npy
Ses05M_impro04_F005,Session5,neu,2.5,2.5,4.0,61.05,70.27,mfcc_regression/Ses05M_impro04_F005.npy
Ses05M_impro04_F006,Session5,neu,2.5,2.5,3.5,71.91,78.5,mfcc_regression/Ses05M_impro04_F006.npy
Ses05M_impro04_F007,Session5,neu,2.5,2.0,2.5,81.47,83.17,mfcc_regression/Ses05M_impro04_F007.npy
Ses05M_impro04_F008,Session5,neu,2.0,3.5,4.0,92.45,100.54,mfcc_regression/Ses05M_impro04_F008.npy
Ses05M_impro04_F009,Session5,neu,3.0,3.0,3.5,107.38,111.72,mfcc_regression/Ses05M_impro04_F009.npy
Ses05M_impro04_F010,Session5,neu,2.5,2.5,3.0,111.73,114.51,mfcc_regression/Ses05M_impro04_F010.npy
Ses05M_impro04_F011,Session5,neu,2.5,2.5,3.5,119.73,124.23,mfcc_regression/Ses05M_impro04_F011.npy
Ses05M_impro04_F012,Session5,neu,2.5,3.0,3.0,128.22,132.82,mfcc_regression/Ses05M_impro04_F012.npy
Ses05M_impro04_F013,Session5,neu,2.5,2.0,3.0,134.6,136.23,mfcc_regression/Ses05M_impro04_F013.npy
Ses05M_impro04_F014,Session5,neu,2.5,2.0,3.5,136.87,142.92,mfcc_regression/Ses05M_impro04_F014.npy
Ses05M_impro04_F015,Session5,neu,2.0,3.5,3.0,143.36,146.01,mfcc_regression/Ses05M_impro04_F015.npy
Ses05M_impro04_F016,Session5,neu,3.0,2.5,3.5,149.67,151.58,mfcc_regression/Ses05M_impro04_F016.npy
Ses05M_impro04_F017,Session5,neu,3.0,3.5,3.0,157.61,161.23,mfcc_regression/Ses05M_impro04_F017.npy
Ses05M_impro04_F018,Session5,neu,2.5,2.5,3.0,165.62,166.84,mfcc_regression/Ses05M_impro04_F018.npy
Ses05M_impro04_F019,Session5,neu,2.5,2.5,3.5,167.53,169.19,mfcc_regression/Ses05M_impro04_F019.npy
Ses05M_impro04_F020,Session5,neu,2.5,2.0,3.0,172.31,174.65,mfcc_regression/Ses05M_impro04_F020.npy
Ses05M_impro04_F021,Session5,neu,2.5,3.0,2.5,177.47,178.85,mfcc_regression/Ses05M_impro04_F021.npy
Ses05M_impro04_F022,Session5,neu,3.0,2.5,3.5,182.34,184.68,mfcc_regression/Ses05M_impro04_F022.npy
Ses05M_impro04_F023,Session5,neu,4.0,3.0,3.0,185.19,186.56,mfcc_regression/Ses05M_impro04_F023.npy
Ses05M_impro04_F024,Session5,neu,4.0,2.5,3.5,186.61,188.06,mfcc_regression/Ses05M_impro04_F024.npy
Ses05M_impro04_F026,Session5,neu,2.5,3.0,3.5,191.92,199.0,mfcc_regression/Ses05M_impro04_F026.npy
Ses05M_impro04_F027,Session5,neu,2.5,3.5,3.0,200.45,205.65,mfcc_regression/Ses05M_impro04_F027.npy
Ses05M_impro04_F028,Session5,neu,4.0,3.0,3.0,207.36,211.03,mfcc_regression/Ses05M_impro04_F028.npy
Ses05M_impro04_F029,Session5,neu,4.0,2.5,3.5,211.04,213.33,mfcc_regression/Ses05M_impro04_F029.npy
Ses05M_impro04_F030,Session5,neu,4.0,3.0,3.5,215.37,218.99,mfcc_regression/Ses05M_impro04_F030.npy
Ses05M_impro04_F031,Session5,neu,4.0,2.5,3.0,225.37,227.15,mfcc_regression/Ses05M_impro04_F031.npy
Ses05M_impro04_F032,Session5,neu,3.0,3.0,3.5,227.68,232.48,mfcc_regression/Ses05M_impro04_F032.npy
Ses05M_impro04_F033,Session5,fru,3.5,3.5,3.5,232.95,236.83,mfcc_regression/Ses05M_impro04_F033.npy
Ses05M_impro04_F034,Session5,neu,3.0,3.0,3.5,239.66,242.72,mfcc_regression/Ses05M_impro04_F034.npy
Ses05M_impro04_F035,Session5,neu,2.5,2.5,3.0,245.78,253.99,mfcc_regression/Ses05M_impro04_F035.npy
Ses05M_impro04_F036,Session5,neu,3.5,2.5,3.5,254.38,262.86,mfcc_regression/Ses05M_impro04_F036.npy
Ses05M_impro04_F037,Session5,neu,2.5,2.5,3.0,262.92,266.19,mfcc_regression/Ses05M_impro04_F037.npy
Ses05M_impro04_M000,Session5,fru,1.5,3.5,4.0,5.3295,12.85,mfcc_regression/Ses05M_impro04_M000.npy
Ses05M_impro04_M001,Session5,fru,1.5,4.0,4.5,15.34,24.58,mfcc_regression/Ses05M_impro04_M001.npy
Ses05M_impro04_M002,Session5,fru,1.5,3.5,4.5,24.6,34.89,mfcc_regression/Ses05M_impro04_M002.npy
Ses05M_impro04_M003,Session5,fru,2.0,3.0,4.5,35.07,38.9,mfcc_regression/Ses05M_impro04_M003.npy
Ses05M_impro04_M004,Session5,fru,2.0,3.0,4.0,40.33,46.72,mfcc_regression/Ses05M_impro04_M004.npy
Ses05M_impro04_M005,Session5,fru,2.0,4.0,4.0,46.73,51.44,mfcc_regression/Ses05M_impro04_M005.npy
Ses05M_impro04_M006,Session5,fru,1.5,4.0,4.5,51.46,59.45,mfcc_regression/Ses05M_impro04_M006.npy
Ses05M_impro04_M007,Session5,fru,2.0,3.5,4.0,59.49,61.54,mfcc_regression/Ses05M_impro04_M007.npy
Ses05M_impro04_M008,Session5,neu,2.0,3.5,4.0,69.6,73.01,mfcc_regression/Ses05M_impro04_M008.npy
Ses05M_impro04_M009,Session5,neu,2.5,2.5,3.0,74.27,75.18,mfcc_regression/Ses05M_impro04_M009.npy
Ses05M_impro04_M010,Session5,neu,3.0,2.5,3.5,75.2,76.19,mfcc_regression/Ses05M_impro04_M010.npy
Ses05M_impro04_M011,Session5,fru,2.0,4.0,4.0,78.04,84.38,mfcc_regression/Ses05M_impro04_M011.npy
Ses05M_impro04_M012,Session5,fru,2.0,4.0,4.0,84.39,92.15,mfcc_regression/Ses05M_impro04_M012.npy
Ses05M_impro04_M013,Session5,fru,2.0,3.5,4.5,92.16,94.54,mfcc_regression/Ses05M_impro04_M013.npy
Ses05M_impro04_M014,Session5,fru,2.0,4.0,4.5,98.13,105.69,mfcc_regression/Ses05M_impro04_M014.npy
Ses05M_impro04_M015,Session5,fru,2.0,4.0,3.5,105.699,110.77,mfcc_regression/Ses05M_impro04_M015.npy
Ses05M_impro04_M016,Session5,fru,2.5,4.0,4.0,111.64,121.21,mfcc_regression/Ses05M_impro04_M016.npy
Ses05M_impro04_M017,Session5,fru,2.0,4.5,4.5,123.29,128.06,mfcc_regression/Ses05M_impro04_M017.npy
Ses05M_impro04_M019,Session5,ang,2.0,3.5,3.5,142.21,143.88,mfcc_regression/Ses05M_impro04_M019.npy
Ses05M_impro04_M020,Session5,ang,2.0,3.5,4.0,144.34,151.18,mfcc_regression/Ses05M_impro04_M020.npy
Ses05M_impro04_M022,Session5,fru,2.0,3.5,4.0,160.54,165.88,mfcc_regression/Ses05M_impro04_M022.npy
Ses05M_impro04_M023,Session5,fru,2.0,4.0,5.0,165.91,172.76,mfcc_regression/Ses05M_impro04_M023.npy
Ses05M_impro04_M024,Session5,fru,2.0,4.0,4.5,173.97,182.88,mfcc_regression/Ses05M_impro04_M024.npy
Ses05M_impro04_M025,Session5,fru,2.0,3.0,3.5,183.5,186.91,mfcc_regression/Ses05M_impro04_M025.npy
Ses05M_impro04_M026,Session5,fru,2.0,3.5,4.0,186.92,189.25,mfcc_regression/Ses05M_impro04_M026.npy
Ses05M_impro04_M027,Session5,fru,2.0,2.5,3.5,190.44,192.31,mfcc_regression/Ses05M_impro04_M027.npy
Ses05M_impro04_M028,Session5,fru,2.0,4.0,4.0,198.38,201.33,mfcc_regression/Ses05M_impro04_M028.npy
Ses05M_impro04_M029,Session5,fru,3.0,3.0,3.0,205.58,207.76,mfcc_regression/Ses05M_impro04_M029.npy
Ses05M_impro04_M030,Session5,fru,2.5,3.0,3.5,210.82,212.43,mfcc_regression/Ses05M_impro04_M030.npy
Ses05M_impro04_M031,Session5,fru,2.0,4.0,4.5,212.62,220.0,mfcc_regression/Ses05M_impro04_M031.npy
Ses05M_impro04_M032,Session5,fru,1.5,3.5,4.5,220.01,226.06,mfcc_regression/Ses05M_impro04_M032.npy
Ses05M_impro04_M033,Session5,fru,2.5,3.0,3.5,226.49,227.91,mfcc_regression/Ses05M_impro04_M033.npy
Ses05M_impro04_M034,Session5,fru,2.5,2.5,3.0,231.1,232.6,mfcc_regression/Ses05M_impro04_M034.npy
Ses05M_impro04_M035,Session5,fru,2.5,3.0,3.5,236.69,238.91,mfcc_regression/Ses05M_impro04_M035.npy
Ses05M_impro04_M037,Session5,fru,2.5,3.0,3.0,252.71,255.5,mfcc_regression/Ses05M_impro04_M037.npy
Ses05M_impro04_M038,Session5,fru,3.0,3.0,3.5,262.01,264.0,mfcc_regression/Ses05M_impro04_M038.npy
Ses05M_impro04_M039,Session5,fru,2.5,3.0,3.5,264.79,266.31,mfcc_regression/Ses05M_impro04_M039.npy
Ses05M_impro04_M040,Session5,ang,3.0,3.0,3.5,267.83,270.42,mfcc_regression/Ses05M_impro04_M040.npy
Ses05M_impro04_M041,Session5,sad,2.0,2.5,3.5,273.8,275.89,mfcc_regression/Ses05M_impro04_M041.npy
